cell_id,block,n_units,n_t,regime,f_family,shape,amplitude,width,noise_kind,noise_sd,weight_kind,miss_kind,trend_kind,trend_scale,seed,label,tau_sd_true,agg_break,agg_strength,noise_floor,f_agg_strength,f_excess_sd_ratio,f_n_modes,f_mode_mass2,f_s1_width,f_s3_alignment,f_s4_weighting,f_noise_floor_ratio,f_fwhm_ratio,f_agg_skew,f_log_n,f_log_T,f_frac_valid_units,f_binseg_n_breaks,f_unit_strength_med
calibration-base-0,base,25,60,synchronous,degenerate,step,0.5,0.2,iid,0.15,equal,complete,none,0.0,1131,SYNCHRONOUS,8.506663653371825e-07,5.084745762711864,18.46314230192532,0.04227861453981866,18.46314230192532,0.007016576133902837,1.0,0.18262736192750234,0.48332183894378206,1.0,0.0,0.5161029477377779,0.016949152542372926,-0.01330544828894225,3.2188758248682006,4.0943445622221,1.0,5.0,3.304050629752056
calibration-base-1,base,25,60,synchronous,degenerate,step,1.0,0.2,iid,0.15,equal,complete,none,0.0,9050,SYNCHRONOUS,8.271376014644053e-07,5.084745762711864,28.66586227926698,8.881784197001252e-16,28.66586227926698,0.0,1.0,0.2510365777309824,0.0,1.0,0.0,8.881784197001251e-07,0.016949152542372926,-0.001730411170857203,3.2188758248682006,4.0943445622221,1.0,5.0,6.7922721651049445
calibration-base-2,base,25,60,synchronous,degenerate,step,2.0,0.5,iid,0.15,equal,complete,none,0.0,16838,SYNCHRONOUS,1.21572842116141e-06,5.084745762711864,65.20051436647769,8.881784197001252e-16,65.20051436647769,0.0,1.0,0.2510365777309824,0.0,1.0,0.0,8.881784197001251e-07,0.016949152542372926,-7.110167381809162e-05,3.2188758248682006,4.0943445622221,1.0,5.0,13.31514312012144
calibration-base-3,base,25,60,synchronous,degenerate,logistic,0.5,0.2,iid,0.15,equal,complete,none,0.0,24888,SYNCHRONOUS,1.0146064198981943e-06,5.084745762711864,9.221545800352876,0.0677966101694917,9.221545800352876,0.019175777116923327,1.0,0.12199154172623895,0.30000000000000016,1.0,0.0,0.33333333333333404,0.06779661016949153,0.02264722390430133,3.2188758248682006,4.0943445622221,1.0,5.0,2.9778523939604478
calibration-base-4,base,25,60,synchronous,degenerate,logistic,0.5,0.5,iid,0.15,equal,complete,none,0.0,32676,SYNCHRONOUS,1.1053393301353222e-06,5.084745762711864,5.987869129096787,0.08455722907963686,5.987869129096787,0.054069420067840546,1.0,0.08308539521580281,0.07687785169756406,1.0,0.0,0.1545084462695296,0.7118644067796609,0.008589258851078009,3.2188758248682006,4.0943445622221,1.0,5.0,2.878319877856041
calibration-base-5,base,25,60,synchronous,degenerate,logistic,0.5,0.5,iid,0.15,equal,complete,none,0.0,40726,SYNCHRONOUS,9.192178632711671e-07,4.915254237288135,6.234983469160138,0.08455722907963699,6.234983469160138,0.041762075960624465,1.0,0.07633858865102486,0.04655483366657975,1.0,0.0,0.19844685259586217,0.9152542372881356,-0.006980801711401946,3.2188758248682006,4.0943445622221,1.0,5.0,2.813307129216148
calibration-base-6,base,25,60,synchronous,degenerate,logistic,1.0,0.2,iid,0.15,equal,complete,none,0.0,48514,SYNCHRONOUS,8.972614460986174e-07,5.084745762711864,10.759611768214617,8.881784197001252e-16,10.759611768214617,0.011742717339450046,1.0,0.16064570773920925,0.23094010767585071,1.0,0.0,7.563653233108666e-15,0.05084745762711869,0.0048339353082186435,3.2188758248682006,4.0943445622221,1.0,5.0,5.757383477176553
calibration-base-7,base,25,60,synchronous,degenerate,logistic,1.0,0.2,iid,0.15,equal,complete,none,0.0,56564,SYNCHRONOUS,9.658859288579382e-07,5.084745762711864,10.28596876641443,8.881784197001252e-16,10.28596876641443,0.013111240410721186,1.0,0.16121041137211256,0.1933907960581375,1.0,0.0,6.774175378355912e-15,0.06779661016949153,-0.010933501916966359,3.2188758248682006,4.0943445622221,1.0,5.0,5.9222236920490605
calibration-base-8,base,25,60,synchronous,degenerate,logistic,1.0,0.5,iid,0.15,equal,complete,none,0.0,64352,SYNCHRONOUS,8.624276667564064e-07,5.084745762711864,7.217568854487434,8.881784197001252e-16,7.217568854487434,0.021439170577412747,1.0,0.11210542279441325,0.03720326659021624,1.0,0.0,4.142783492920506e-15,0.576271186440678,0.013568537723595783,3.2188758248682006,4.0943445622221,1.0,5.0,4.747546695335259
calibration-base-9,base,25,60,synchronous,degenerate,logistic,1.0,0.5,iid,0.15,equal,complete,none,0.0,72402,SYNCHRONOUS,8.435331193690573e-07,5.084745762711864,7.412215093348809,8.881784197001252e-16,7.412215093348809,0.021905755147665795,1.0,0.10636095333557083,0.0416915985068478,1.0,0.0,4.054543720191114e-15,0.5254237288135594,0.007148041397649744,3.2188758248682006,4.0943445622221,1.0,5.0,4.844162321431237
calibration-base-10,base,25,60,synchronous,degenerate,logistic,1.0,0.5,iid,0.15,equal,complete,none,0.0,80452,SYNCHRONOUS,8.986662907751227e-07,5.254237288135593,6.71195055885079,8.881784197001252e-16,6.71195055885079,0.024910065180845885,1.0,0.12499119851656194,0.10497813183356482,1.0,0.0,3.565540327783136e-15,0.23728813559322032,0.017921626206173963,3.2188758248682006,4.0943445622221,1.0,5.0,4.651171591778042
calibration-base-11,base,25,60,synchronous,degenerate,logistic,2.0,0.5,iid,0.15,equal,complete,none,0.0,88109,SYNCHRONOUS,8.556694661597384e-07,5.084745762711864,7.185946858138687,8.881784197001252e-16,7.185946858138687,0.01311124041072118,1.0,0.1782256440173029,0.08595146491472772,1.0,0.0,6.774175378355915e-15,0.15254237288135597,-0.0005408888232626565,3.2188758248682006,4.0943445622221,1.0,5.0,6.294046561002781
calibration-base-12,base,25,120,synchronous,degenerate,step,0.5,0.5,iid,0.15,equal,complete,none,0.0,96028,SYNCHRONOUS,1.0806120091081705e-06,5.04201680672269,17.32089365573154,0.020961666032347157,17.32089365573154,0.0029516952094833333,1.0,0.21631512695642413,0.4308131845707558,1.0,0.0,0.579006944816382,0.008403361344537874,-0.005203505975844731,3.2188758248682006,4.787491742782046,1.0,5.0,3.3292147159680403
calibration-base-13,base,25,120,synchronous,degenerate,step,0.5,0.5,iid,0.15,equal,complete,none,0.0,104209,SYNCHRONOUS,9.413413157699743e-07,5.04201680672269,15.446563177723535,0.037161062076811066,15.446563177723535,0.0,1.0,0.2126748351504504,0.3919183588453055,1.0,0.0,1.1283386673105464,0.008403361344537874,0.003578443170454265,3.2188758248682006,4.787491742782046,1.0,5.0,3.2944177569326594
calibration-base-14,base,25,120,synchronous,degenerate,step,1.0,0.2,iid,0.15,equal,complete,none,0.0,111866,SYNCHRONOUS,1.0510197716287718e-06,5.04201680672269,36.85696450771295,0.0,36.85696450771295,0.0,1.0,0.24836912847183898,0.0,1.0,0.0,0.0,0.008403361344537874,0.0007891706352566269,3.2188758248682006,4.787491742782046,1.0,5.0,6.740149014277983
calibration-base-15,base,25,120,synchronous,degenerate,step,1.0,0.2,iid,0.15,equal,complete,none,0.0,120047,SYNCHRONOUS,9.510670748081006e-07,5.04201680672269,34.60268796200845,0.0,34.60268796200845,0.0,1.0,0.25103657773098226,0.0,1.0,0.0,0.0,0.008403361344537874,-0.001013116293620452,3.2188758248682006,4.787491742782046,1.0,5.0,6.60720919913615
calibration-base-16,base,25,120,synchronous,degenerate,step,1.0,0.5,iid,0.15,equal,complete,none,0.0,127966,SYNCHRONOUS,9.62330514378808e-07,5.04201680672269,34.69362352171489,0.0,34.69362352171489,0.0,1.0,0.25103657773098226,0.0,1.0,0.0,0.0,0.008403361344537874,-0.0002582957432771496,3.2188758248682006,4.787491742782046,1.0,5.0,6.3877282379111024
calibration-base-17,base,25,120,synchronous,degenerate,step,2.0,0.2,iid,0.15,equal,complete,none,0.0,135623,SYNCHRONOUS,9.85623616664154e-07,5.04201680672269,65.26102320666958,0.0,65.26102320666958,0.0,1.0,0.25103657773098226,0.0,1.0,0.0,0.0,0.008403361344537874,-0.0002995113511252379,3.2188758248682006,4.787491742782046,1.0,5.0,13.11580060503547
calibration-base-18,base,25,120,synchronous,degenerate,step,2.0,0.2,iid,0.15,equal,complete,none,0.0,143804,SYNCHRONOUS,8.944278118056155e-07,5.04201680672269,64.68408297182675,0.0,64.68408297182675,0.0,1.0,0.25103657773098226,0.0,1.0,0.0,0.0,0.008403361344537874,0.00020358838360772297,3.2188758248682006,4.787491742782046,1.0,5.0,13.311989110862214
calibration-base-19,base,25,120,synchronous,degenerate,logistic,1.0,0.5,iid,0.15,equal,complete,none,0.0,151723,SYNCHRONOUS,1.0915703551541147e-06,5.04201680672269,6.750540930180484,8.881784197001252e-16,6.750540930180484,0.020324324649184506,1.0,0.1372884435322201,0.03455135190361366,1.0,0.0,4.370026729206781e-15,0.5882352941176471,0.00929092783038495,3.2188758248682006,4.787491742782046,1.0,5.0,4.651745856803313
calibration-base-20,base,25,120,synchronous,degenerate,logistic,2.0,0.5,iid,0.15,equal,complete,none,0.0,159642,SYNCHRONOUS,7.790268963896357e-07,5.04201680672269,7.087467259995754,8.881784197001252e-16,7.087467259995754,0.012286162610082058,1.0,0.1659834354078964,0.05623282117691403,1.0,0.0,7.229095429449091e-15,0.21848739495798322,0.0011183850059379647,3.2188758248682006,4.787491742782046,1.0,5.0,6.220030593653454
calibration-base-21,base,25,240,synchronous,degenerate,step,1.0,0.2,iid,0.15,equal,complete,none,0.0,167299,SYNCHRONOUS,8.666471211691619e-07,5.02092050209205,31.836939028873026,1.7763568394002505e-15,31.836939028873026,0.0,1.0,0.25103657773098226,0.0,1.0,0.0,1.7763568394002503e-06,0.004184100418409997,0.001276313942387823,3.2188758248682006,5.480638923341991,1.0,5.0,6.86848653199976
calibration-base-22,base,25,240,synchronous,degenerate,step,1.0,0.2,iid,0.15,equal,complete,none,0.0,175349,SYNCHRONOUS,9.369063252464673e-07,5.02092050209205,35.570711640347206,1.7763568394002505e-15,35.570711640347206,0.0,1.0,0.25103657773098226,0.0,1.0,0.0,1.7763568394002503e-06,0.004184100418409997,-0.000883820723303003,3.2188758248682006,5.480638923341991,1.0,5.0,6.73521727475813
calibration-base-23,base,25,240,synchronous,degenerate,logistic,0.5,0.5,iid,0.15,equal,complete,none,0.0,183268,SYNCHRONOUS,9.88226328505793e-07,5.06276150627615,6.533899493854224,0.023995328499421296,6.533899493854224,0.028125344715004143,1.0,0.11314362963574821,0.03945249593782138,1.0,0.0,0.08500686630487321,0.7154811715481172,0.0013886382419701958,3.2188758248682006,5.480638923341991,1.0,5.0,2.7127310039946777
calibration-base-24,base,25,240,synchronous,degenerate,logistic,0.5,0.5,iid,0.15,equal,complete,none,0.0,191318,SYNCHRONOUS,8.404229855027384e-07,5.104602510460251,6.382172944559856,0.01850278823071333,6.382172944559856,0.02819563552981824,1.0,0.08297139432989255,0.028860047303118336,1.0,0.0,0.06548203734769995,0.9790794979079498,-0.009182243829285739,3.2188758248682006,5.480638923341991,1.0,5.0,2.768872883845705
calibration-base-25,base,25,240,synchronous,degenerate,logistic,1.0,0.2,iid,0.15,equal,complete,none,0.0,199237,SYNCHRONOUS,7.131820512177405e-07,4.97907949790795,10.659592811175486,1.7763568394002505e-15,10.659592811175486,0.007548098600019868,1.0,0.20384069590754345,0.020976692620985445,1.0,0.0,2.353383194273025e-14,0.3598326359832636,-0.0004080600246676889,3.2188758248682006,5.480638923341991,1.0,5.0,5.6818806238302955
calibration-base-26,base,25,240,synchronous,degenerate,logistic,1.0,0.5,iid,0.15,equal,complete,none,0.0,207025,SYNCHRONOUS,1.040962538688222e-06,5.06276150627615,6.994245976537678,1.7763568394002505e-15,6.994245976537678,0.013896253559596356,1.0,0.13640026426947655,0.014826806253319327,1.0,0.0,1.2782990982296442e-14,0.9372384937238494,0.0006541505335369943,3.2188758248682006,5.480638923341991,1.0,5.0,4.63971999480474
calibration-base-27,base,25,240,synchronous,degenerate,logistic,2.0,0.5,iid,0.15,equal,complete,none,0.0,214944,SYNCHRONOUS,1.2561450238883693e-06,5.02092050209205,7.002187071489735,1.7763568394002505e-15,7.002187071489735,0.009709998128442034,1.0,0.1857519035610357,0.015787003759847935,1.0,0.0,1.829410073928888e-14,0.615062761506276,-0.000640762796243519,3.2188758248682006,5.480638923341991,1.0,5.0,6.109121608303236
calibration-base-28,base,25,240,synchronous,degenerate,logistic,2.0,0.5,iid,0.15,equal,complete,none,0.0,222994,SYNCHRONOUS,1.0967992540212936e-06,5.02092050209205,6.994253280729666,1.7763568394002505e-15,6.994253280729666,0.008956711739085967,1.0,0.19629359201056615,0.01049340247863503,1.0,0.0,1.983268962032631e-14,0.8535564853556485,-0.00029356516444176167,3.2188758248682006,5.480638923341991,1.0,5.0,6.110324013718923
calibration-base-29,base,60,60,synchronous,degenerate,step,0.5,0.2,iid,0.15,equal,complete,none,0.0,230651,SYNCHRONOUS,1.1544957016572515e-06,5.084745762711864,27.273785215738258,0.04227861453981866,27.273785215738258,0.005891710060625487,1.0,0.18215797397613534,0.42784992176644737,1.0,0.0,0.5830171120636424,0.016949152542372926,0.005546133896729288,4.0943445622221,4.0943445622221,1.0,5.0,3.397267064825165
calibration-base-30,base,60,60,synchronous,degenerate,step,0.5,0.5,iid,0.15,equal,complete,none,0.0,238701,SYNCHRONOUS,9.953466521704743e-07,5.084745762711864,23.961578005130768,0.042278614539818654,23.961578005130768,0.007642796191225244,1.0,0.18488803146641727,0.5153208277913425,1.0,0.0,0.48405539293655564,0.016949152542372926,-0.00039746088136314943,4.0943445622221,4.0943445622221,1.0,5.0,3.339261893645271
calibration-base-31,base,60,60,synchronous,degenerate,step,0.5,0.5,iid,0.15,equal,complete,none,0.0,246751,SYNCHRONOUS,8.407145198482142e-07,5.084745762711864,28.282669882350778,0.04227861453981866,28.282669882350778,0.0032943231044323803,1.0,0.18515068234643814,0.31622776601683794,1.0,0.0,0.7888106377466155,0.016949152542372926,0.0026690057403249176,4.0943445622221,4.0943445622221,1.0,5.0,3.509998899196426
calibration-base-32,base,60,60,synchronous,degenerate,step,1.0,0.2,iid,0.15,equal,complete,none,0.0,254408,SYNCHRONOUS,1.0797593822194953e-06,5.084745762711864,53.0185076215791,8.881784197001252e-16,53.0185076215791,0.0,1.0,0.2510365777309824,0.0,1.0,0.0,8.881784197001251e-07,0.016949152542372926,-0.0007708386846325634,4.0943445622221,4.0943445622221,1.0,5.0,6.772484671207356
calibration-base-33,base,60,60,synchronous,degenerate,step,1.0,0.5,iid,0.15,equal,complete,none,0.0,262589,SYNCHRONOUS,9.400917747595274e-07,5.084745762711864,48.44957654953934,8.881784197001252e-16,48.44957654953934,0.0,1.0,0.2510365777309824,0.0,1.0,0.0,8.881784197001251e-07,0.016949152542372926,-0.00027269186270453214,4.0943445622221,4.0943445622221,1.0,5.0,6.461228506563645
calibration-base-34,base,60,60,synchronous,degenerate,step,2.0,0.2,iid,0.15,equal,complete,none,0.0,270377,SYNCHRONOUS,9.69161249584678e-07,5.084745762711864,85.70518407442232,8.881784197001252e-16,85.70518407442232,0.0,1.0,0.2510365777309824,0.0,1.0,0.0,8.881784197001251e-07,0.016949152542372926,-7.159685629607414e-05,4.0943445622221,4.0943445622221,1.0,5.0,13.680157920750785
calibration-base-35,base,60,60,synchronous,degenerate,step,2.0,0.5,iid,0.15,equal,complete,none,0.0,278165,SYNCHRONOUS,9.609052149129036e-07,5.084745762711864,127.48553652840344,8.881784197001252e-16,127.48553652840344,0.0,1.0,0.2510365777309824,0.0,1.0,0.0,8.881784197001251e-07,0.016949152542372926,1.2855054503510285e-05,4.0943445622221,4.0943445622221,1.0,5.0,13.41395590827047
calibration-base-36,base,60,60,synchronous,degenerate,logistic,0.5,0.2,iid,0.15,equal,complete,none,0.0,286215,SYNCHRONOUS,9.840837032322493e-07,5.084745762711864,9.4985978746179,0.0677966101694917,9.4985978746179,0.02059436342568495,1.0,0.10624539138350264,0.25584283369982386,1.0,0.0,0.31269197125084586,0.08474576271186436,-0.0015906916486246316,4.0943445622221,4.0943445622221,1.0,5.0,3.1057795469977165
calibration-base-37,base,60,60,synchronous,degenerate,logistic,0.5,0.5,iid,0.15,equal,complete,none,0.0,294003,SYNCHRONOUS,9.104154479230667e-07,4.745762711864407,6.467317214258343,0.09179704412018044,6.467317214258343,0.03872014845351511,1.0,0.07058688391278622,0.21343747458109502,0.9833333333333333,0.0,0.230683934432638,0.18644067796610164,-0.027133692997279864,4.0943445622221,4.0943445622221,1.0,5.0,2.908747744122456
calibration-base-38,base,60,60,synchronous,degenerate,logistic,0.5,0.5,iid,0.15,equal,complete,none,0.0,302053,SYNCHRONOUS,9.555571236567178e-07,5.084745762711864,6.780552390461619,0.07975460087151799,6.780552390461619,0.03380270233750225,1.0,0.0847234251669623,0.40982381038143184,1.0,0.0,0.22963631356802008,0.08474576271186436,-0.009633127665457276,4.0943445622221,4.0943445622221,1.0,5.0,2.924554328734886
calibration-base-39,base,60,60,synchronous,degenerate,logistic,1.0,0.2,iid,0.15,equal,complete,none,0.0,309841,SYNCHRONOUS,1.049766952091096e-06,5.084745762711864,11.429640847358213,8.881784197001252e-16,11.429640847358213,0.01102780864177581,1.0,0.16883692223234265,0.21688023662159076,1.0,0.0,8.05398831763825e-15,0.05084745762711869,0.0028625623092558747,4.0943445622221,4.0943445622221,1.0,5.0,5.589767996193683
calibration-base-40,base,60,60,synchronous,degenerate,logistic,1.0,0.2,iid,0.15,equal,complete,none,0.0,317891,SYNCHRONOUS,8.101984859861151e-07,5.084745762711864,11.336766378701192,8.881784197001252e-16,11.336766378701192,0.012153460318812991,1.0,0.17306604344591464,0.17926353970249162,1.0,0.0,7.30802912422618e-15,0.06779661016949153,0.0053427820867626465,4.0943445622221,4.0943445622221,1.0,5.0,5.681421718016532
calibration-base-41,base,60,60,synchronous,degenerate,logistic,1.0,0.5,iid,0.15,equal,complete,none,0.0,325810,SYNCHRONOUS,8.675048786279611e-07,5.084745762711864,7.106168540684251,8.881784197001252e-16,7.106168540684251,0.022233989351573336,1.0,0.10164338088115309,0.18740076739183234,1.0,0.0,3.9946876183840364e-15,0.11864406779661021,-0.006982450910959351,4.0943445622221,4.0943445622221,1.0,5.0,4.720510902695855
calibration-base-42,base,60,60,synchronous,degenerate,logistic,2.0,0.2,iid,0.15,equal,complete,none,0.0,333598,SYNCHRONOUS,9.442306185157647e-07,5.084745762711864,11.228849019887413,8.881784197001252e-16,11.228849019887413,0.006163114189059742,1.0,0.2259280027332678,0.12120791238484148,1.0,0.0,1.4411195257046304e-14,0.05084745762711869,-0.00026829397069696455,4.0943445622221,4.0943445622221,1.0,5.0,8.480759449804001
calibration-base-43,base,60,60,synchronous,degenerate,logistic,2.0,0.5,iid,0.15,equal,complete,none,0.0,341517,SYNCHRONOUS,8.746071111435155e-07,5.084745762711864,7.072012774853658,8.881784197001252e-16,7.072012774853658,0.016517575035077673,1.0,0.1238002683165533,0.09745369270695822,1.0,0.0,5.377171999000692e-15,0.1694915254237289,-0.0031136013726960343,4.0943445622221,4.0943445622221,1.0,5.0,6.226408572460749
calibration-base-44,base,60,60,synchronous,degenerate,logistic,2.0,0.5,iid,0.15,equal,complete,none,0.0,349567,SYNCHRONOUS,9.937854390203965e-07,5.084745762711864,6.9830271080405755,8.881784197001252e-16,6.9830271080405755,0.016625919739618283,1.0,0.1276444577337854,0.08917538769431622,1.0,0.0,5.342131043635827e-15,0.18644067796610173,0.004090059098803037,4.0943445622221,4.0943445622221,1.0,5.0,6.192562380252229
calibration-base-45,base,60,120,synchronous,degenerate,step,1.0,0.2,iid,0.15,equal,complete,none,0.0,357617,SYNCHRONOUS,9.70298898974818e-07,5.04201680672269,50.535152313529466,0.0,50.535152313529466,0.0,1.0,0.2493983822408995,0.0,1.0,0.0,0.0,0.008403361344537874,0.000163005507190819,4.0943445622221,4.787491742782046,1.0,5.0,6.7174745480630005
calibration-base-46,base,60,120,synchronous,degenerate,logistic,0.5,0.5,iid,0.15,equal,complete,none,0.0,365274,SYNCHRONOUS,9.194115059823463e-07,5.04201680672269,6.747054382442146,0.048192298414804456,6.747054382442146,0.02797336379601493,1.0,0.09272326295348182,0.02887067650265733,1.0,0.0,0.16977814282666887,0.9831932773109244,0.0009122431318368766,4.0943445622221,4.787491742782046,1.0,5.0,2.757268385764717
calibration-base-47,base,60,120,synchronous,degenerate,logistic,0.5,0.5,iid,0.15,equal,complete,none,0.0,373455,SYNCHRONOUS,1.2046513245162055e-06,5.126050420168068,6.486521556658629,0.044453795790058204,6.486521556658629,0.03565562594982913,1.0,0.07176245525931177,0.04192028414221414,1.0,0.0,0.12371758163452329,0.8571428571428573,-0.00714443385112278,4.0943445622221,4.787491742782046,1.0,5.0,2.769894818330804
calibration-base-48,base,60,120,synchronous,degenerate,logistic,2.0,0.2,iid,0.15,equal,complete,none,0.0,381112,SYNCHRONOUS,1.1221048669147495e-06,5.04201680672269,11.151111317017332,0.0,11.151111317017332,0.0051858567455388355,1.0,0.2277308400998634,0.07713961908989014,1.0,0.0,0.0,0.06722689075630255,0.0012147012919461009,4.0943445622221,4.787491742782046,1.0,5.0,8.513429684394788
calibration-base-49,base,60,120,synchronous,degenerate,logistic,2.0,0.2,iid,0.15,equal,complete,none,0.0,389162,SYNCHRONOUS,9.410114206204384e-07,5.04201680672269,11.243391390142815,8.881784197001252e-16,11.243391390142815,0.006838406507413848,1.0,0.2123340598860837,0.10172129679778096,1.0,0.0,1.2988090408740808e-14,0.06722689075630255,0.0007342943703719902,4.0943445622221,4.787491742782046,1.0,5.0,8.511669818583801
calibration-base-50,base,60,120,synchronous,degenerate,logistic,2.0,0.5,iid,0.15,equal,complete,none,0.0,397081,SYNCHRONOUS,9.901870589706997e-07,5.04201680672269,7.081056127145615,8.881784197001252e-16,7.081056127145615,0.009787902078238736,1.0,0.18737999218198023,0.01712882863691779,1.0,0.0,9.074247091976901e-15,0.5714285714285714,0.004805632255026122,4.0943445622221,4.787491742782046,1.0,5.0,6.1501830802762125
calibration-base-51,base,60,240,synchronous,degenerate,step,0.5,0.5,iid,0.15,equal,complete,none,0.0,405000,SYNCHRONOUS,1.1586878857194918e-06,5.02092050209205,25.649974537745408,0.010436980158365137,25.649974537745408,0.001413747205907475,1.0,0.234193355080876,0.4199867722784733,1.0,0.0,0.5939325765706142,0.004184100418409997,-0.0008351319431261742,4.0943445622221,5.480638923341991,1.0,5.0,3.3419291757829734
calibration-base-52,base,60,240,synchronous,degenerate,step,1.0,0.5,iid,0.15,equal,complete,none,0.0,412919,SYNCHRONOUS,1.1379876038376777e-06,5.02092050209205,49.95027913212925,1.7763568394002505e-15,49.95027913212925,0.0,1.0,0.25103657773098226,0.0,1.0,0.0,1.7763568394002503e-06,0.004184100418409997,0.00027352414389697976,4.0943445622221,5.480638923341991,1.0,5.0,6.681217350998406
calibration-base-53,base,60,240,synchronous,degenerate,step,1.0,0.5,iid,0.15,equal,complete,none,0.0,420969,SYNCHRONOUS,9.316152417277143e-07,5.02092050209205,56.293340552105704,1.7763568394002505e-15,56.293340552105704,0.0,1.0,0.25103657773098226,0.0,1.0,0.0,1.7763568394002503e-06,0.004184100418409997,-0.00013198473151122453,4.0943445622221,5.480638923341991,1.0,5.0,6.786932740044966
calibration-base-54,base,60,240,synchronous,degenerate,step,2.0,0.2,iid,0.15,equal,complete,none,0.0,428888,SYNCHRONOUS,9.175952600015391e-07,5.02092050209205,109.76297221380666,1.7763568394002505e-15,109.76297221380666,0.0,1.0,0.25103657773098226,0.0,1.0,0.0,1.7763568394002503e-06,0.004184100418409997,-0.0001042536101240953,4.0943445622221,5.480638923341991,1.0,5.0,13.587430814475827
calibration-base-55,base,60,240,synchronous,degenerate,logistic,0.5,0.2,iid,0.15,equal,complete,none,0.0,436545,SYNCHRONOUS,1.1331625912373521e-06,5.02092050209205,10.450097532516763,0.015278174546866558,10.450097532516763,0.010436980158365255,1.0,0.1753814683024797,0.012732437980598687,1.0,0.0,0.14484136487558016,0.8284518828451883,0.0021806835137876046,4.0943445622221,5.480638923341991,1.0,5.0,3.1203277421152658
calibration-base-56,base,60,240,synchronous,degenerate,logistic,1.0,0.2,iid,0.15,equal,complete,none,0.0,444726,SYNCHRONOUS,8.563689363807813e-07,5.02092050209205,11.057964233684984,1.7763568394002505e-15,11.057964233684984,0.006525348711458619,1.0,0.21494286197920018,0.008911761954506343,1.0,0.0,2.722240477786174e-14,0.7322175732217573,0.00043581419678990975,4.0943445622221,5.480638923341991,1.0,5.0,5.654953966990188
calibration-base-57,base,60,240,synchronous,degenerate,logistic,2.0,0.5,iid,0.15,equal,complete,none,0.0,452514,SYNCHRONOUS,1.0820261240076213e-06,5.02092050209205,7.127416911280302,1.7763568394002505e-15,7.127416911280302,0.007852545751888002,1.0,0.20199460803347735,0.03830119254492312,1.0,0.0,2.2621413431092177e-14,0.205020920502092,-6.174566892559584e-05,4.0943445622221,5.480638923341991,1.0,5.0,6.181416242084239
calibration-base-58,base,120,60,synchronous,degenerate,step,0.5,0.2,iid,0.15,equal,complete,none,0.0,460302,SYNCHRONOUS,1.0306956351066767e-06,5.084745762711864,41.42852076077902,0.04227861453981866,41.42852076077902,0.003282189276446963,1.0,0.1879394226636068,0.3157882553582733,1.0,0.0,0.7899084958113034,0.016949152542372926,-0.0002991307705905474,4.787491742782046,4.0943445622221,1.0,5.0,3.4392059357132307
calibration-base-59,base,120,60,synchronous,degenerate,step,0.5,0.2,iid,0.15,equal,complete,none,0.0,468483,SYNCHRONOUS,9.848748706971202e-07,5.084745762711864,44.95491638468013,0.05761603970161353,44.95491638468013,0.0035027109513099605,1.0,0.18178007310929628,0.3978239420760002,1.0,0.0,0.8544851083260795,0.016949152542372926,-0.001554130517001292,4.787491742782046,4.0943445622221,1.0,5.0,3.2708325740176054
calibration-base-60,base,120,60,synchronous,degenerate,step,1.0,0.2,iid,0.15,equal,complete,none,0.0,476140,SYNCHRONOUS,8.850836361798558e-07,5.084745762711864,64.74764056963637,8.881784197001252e-16,64.74764056963637,0.0,1.0,0.24993694945651243,5.240252676230725e-15,1.0,0.0,8.881784197001251e-07,0.016949152542372926,-0.0002693054420999829,4.787491742782046,4.0943445622221,1.0,5.0,6.676064173070371
calibration-base-61,base,120,60,synchronous,degenerate,step,1.0,0.5,iid,0.15,equal,complete,none,0.0,484059,SYNCHRONOUS,9.034310817705135e-07,5.084745762711864,70.07707761161078,8.881784197001252e-16,70.07707761161078,0.0,1.0,0.24993694945651243,5.240252676230725e-15,1.0,0.0,8.881784197001251e-07,0.016949152542372926,-0.0003937633754413359,4.787491742782046,4.0943445622221,1.0,5.0,6.61462419976573
calibration-base-62,base,120,60,synchronous,degenerate,step,1.0,0.5,iid,0.15,equal,complete,none,0.0,492240,SYNCHRONOUS,1.1164637808460414e-06,5.084745762711864,74.54922302972625,8.881784197001252e-16,74.54922302972625,0.0,1.0,0.24993694945651243,5.240252676230725e-15,1.0,0.0,8.881784197001251e-07,0.016949152542372926,-0.00035268045390677227,4.787491742782046,4.0943445622221,1.0,5.0,6.695273952765614
calibration-base-63,base,120,60,synchronous,degenerate,step,2.0,0.2,iid,0.15,equal,complete,none,0.0,499897,SYNCHRONOUS,1.0554203395825656e-06,5.084745762711864,145.12578117885644,8.881784197001252e-16,145.12578117885644,0.0,1.0,0.2510365777309824,5.240252676230725e-15,1.0,0.0,8.881784197001251e-07,0.016949152542372926,-0.00019381060443559298,4.787491742782046,4.0943445622221,1.0,5.0,13.23270518163065
calibration-base-64,base,120,60,synchronous,degenerate,step,2.0,0.2,iid,0.15,equal,complete,none,0.0,507947,SYNCHRONOUS,9.492712867778575e-07,5.084745762711864,134.11461438953313,8.881784197001252e-16,134.11461438953313,0.0,1.0,0.2510365777309824,5.240252676230725e-15,1.0,0.0,8.881784197001251e-07,0.016949152542372926,4.475373516287719e-05,4.787491742782046,4.0943445622221,1.0,5.0,13.415194007264592
calibration-base-65,base,120,60,synchronous,degenerate,logistic,0.5,0.2,iid,0.15,equal,complete,none,0.0,515997,SYNCHRONOUS,9.466006853806992e-07,5.084745762711864,10.809376345852298,0.057616039701613234,10.809376345852298,0.02058031261793373,1.0,0.1098721512028316,0.42030816149259326,1.0,0.0,0.2695915880960183,0.05084745762711869,-0.004225875631092905,4.787491742782046,4.0943445622221,1.0,5.0,3.22320215542916
calibration-base-66,base,120,60,synchronous,degenerate,logistic,1.0,0.2,iid,0.15,equal,complete,none,0.0,523916,SYNCHRONOUS,1.0025777084231882e-06,5.084745762711864,11.259945004927335,8.881784197001252e-16,11.259945004927335,0.011914743903369036,1.0,0.15593201163356094,0.23432329676625752,1.0,0.0,7.454448260939811e-15,0.05084745762711869,-3.395549971558485e-05,4.787491742782046,4.0943445622221,1.0,5.0,5.672756521605766
calibration-base-67,base,120,60,synchronous,degenerate,logistic,1.0,0.5,iid,0.15,equal,complete,none,0.0,531835,SYNCHRONOUS,9.563504891583674e-07,5.084745762711864,7.058868346191514,8.881784197001252e-16,7.058868346191514,0.024217707049549165,1.0,0.09724698081563668,0.15876052399148893,1.0,0.0,3.667475281135914e-15,0.15254237288135597,-0.0032389490877348464,4.787491742782046,4.0943445622221,1.0,5.0,4.693487338705162
calibration-base-68,base,120,60,synchronous,degenerate,logistic,2.0,0.5,iid,0.15,equal,complete,none,0.0,539492,SYNCHRONOUS,9.213121721424901e-07,5.084745762711864,7.086520563724522,8.881784197001252e-16,7.086520563724522,0.015206427483657383,1.0,0.1356813758877895,0.09968658017064283,1.0,0.0,5.840809227904886e-15,0.15254237288135597,0.0013311243221216101,4.787491742782046,4.0943445622221,1.0,5.0,6.231358707409628
calibration-base-69,base,120,120,synchronous,degenerate,step,0.5,0.5,iid,0.15,equal,complete,none,0.0,547673,SYNCHRONOUS,1.0608216734103443e-06,5.04201680672269,34.99110053767065,0.020961666032347157,34.99110053767065,0.0028211816636531718,1.0,0.21735667402852252,0.4182470030443177,1.0,0.0,0.5964031396980463,0.008403361344537874,-0.000359608528615437,4.787491742782046,4.787491742782046,1.0,5.0,3.3814344506054406
calibration-base-70,base,120,120,synchronous,degenerate,step,1.0,0.5,iid,0.15,equal,complete,none,0.0,555330,SYNCHRONOUS,1.1046093631635658e-06,5.04201680672269,68.94113863927211,0.0,68.94113863927211,0.0,1.0,0.2505019985830555,0.0,1.0,0.0,0.0,0.008403361344537874,-0.00013161504287486782,4.787491742782046,4.787491742782046,1.0,5.0,6.579690063539276
calibration-base-71,base,120,120,synchronous,degenerate,step,2.0,0.2,iid,0.15,equal,complete,none,0.0,563249,SYNCHRONOUS,1.1053600594247587e-06,5.04201680672269,145.13851202905417,0.0,145.13851202905417,0.0,1.0,0.25103657773098226,0.0,1.0,0.0,0.0,0.008403361344537874,-9.846889103425921e-05,4.787491742782046,4.787491742782046,1.0,5.0,13.271443900223911
calibration-base-72,base,120,120,synchronous,degenerate,step,2.0,0.2,iid,0.15,equal,complete,none,0.0,571430,SYNCHRONOUS,9.969987092083483e-07,5.04201680672269,143.3585221508691,0.0,143.3585221508691,0.0,1.0,0.25103657773098226,0.0,1.0,0.0,0.0,0.008403361344537874,-6.0896210554827806e-05,4.787491742782046,4.787491742782046,1.0,5.0,13.232771829551442
calibration-base-73,base,120,120,synchronous,degenerate,step,2.0,0.5,iid,0.15,equal,complete,none,0.0,579218,SYNCHRONOUS,8.729503436122807e-07,5.04201680672269,147.0153799038745,0.0,147.0153799038745,0.0,1.0,0.25103657773098226,0.0,1.0,0.0,0.0,0.008403361344537874,-0.0001061831069350331,4.787491742782046,4.787491742782046,1.0,5.0,13.491271145687655
calibration-base-74,base,120,120,synchronous,degenerate,logistic,0.5,0.5,iid,0.15,equal,complete,none,0.0,587137,SYNCHRONOUS,8.993281999741655e-07,5.04201680672269,6.866906331185882,0.03716106207681132,6.866906331185882,0.03153438400846058,1.0,0.08059022858556186,0.18892789629909088,1.0,0.0,0.11703317704178101,0.16806722689075623,0.0004106997655475827,4.787491742782046,4.787491742782046,1.0,5.0,2.79660492859394
calibration-base-75,base,120,120,synchronous,degenerate,logistic,1.0,0.5,iid,0.15,equal,complete,none,0.0,595187,SYNCHRONOUS,1.0053369057166785e-06,5.04201680672269,6.905814819579667,1.7763568394002505e-15,6.905814819579667,0.02037694799454659,1.0,0.13093369313184902,0.0341529128359302,1.0,0.0,8.717482323042933e-15,0.5966386554621849,0.00034059195182666036,4.787491742782046,4.787491742782046,1.0,5.0,4.625202927148788
calibration-base-76,base,120,240,synchronous,degenerate,step,0.5,0.2,iid,0.15,equal,complete,none,0.0,603106,SYNCHRONOUS,9.561574091340587e-07,5.02092050209205,39.34704972759742,0.010436980158365139,39.34704972759742,0.001095971662866222,1.0,0.23158471067844458,0.36170890690351276,1.0,0.0,0.6896258870713117,0.004184100418409997,-0.000634729792303355,4.787491742782046,5.480638923341991,1.0,5.0,3.381206049270573
calibration-base-77,base,120,240,synchronous,degenerate,step,1.0,0.5,iid,0.15,equal,complete,none,0.0,610894,SYNCHRONOUS,8.619815806837573e-07,5.02092050209205,69.31500080781265,1.7763568394002505e-15,69.31500080781265,0.0,1.0,0.25103657773098226,4.245492846166644e-14,1.0,0.0,1.7763568394002503e-06,0.004184100418409997,8.765262284617679e-07,4.787491742782046,5.480638923341991,1.0,5.0,6.683590933801224
calibration-base-78,base,120,240,synchronous,degenerate,logistic,0.5,0.2,iid,0.15,equal,complete,none,0.0,618944,SYNCHRONOUS,1.0027905536439632e-06,4.97907949790795,10.728265233147429,0.015278174546866558,10.728265233147429,0.011122460352619764,1.0,0.17422031806729596,0.01578370477451581,1.0,0.0,0.13608538861722125,0.7112970711297072,-0.002790116226316053,4.787491742782046,5.480638923341991,1.0,5.0,3.1332588471821916
calibration-base-79,base,120,240,synchronous,degenerate,logistic,0.5,0.5,iid,0.15,equal,complete,none,0.0,626601,SYNCHRONOUS,1.0178705038230902e-06,5.06276150627615,6.82984734138103,0.02087396031673045,6.82984734138103,0.022281180480845163,1.0,0.10417625686287424,0.03428538490078987,1.0,0.0,0.09327583096200773,0.6527196652719665,0.0037362712549573037,4.787491742782046,5.480638923341991,1.0,5.0,2.736902213600486
calibration-base-80,base,120,240,synchronous,degenerate,logistic,1.0,0.5,iid,0.15,equal,complete,none,0.0,634782,SYNCHRONOUS,1.0026263650398975e-06,5.02092050209205,7.072963097868254,1.7763568394002505e-15,7.072963097868254,0.015407965176990463,1.0,0.14614607689523096,0.015537990199581098,1.0,0.0,1.152882174249056e-14,0.99163179916318,0.0024629997908662215,4.787491742782046,5.480638923341991,1.0,5.0,4.605366011172799
calibration-base-81,base,120,240,synchronous,degenerate,logistic,2.0,0.2,iid,0.15,equal,complete,none,0.0,642439,SYNCHRONOUS,9.674745801921617e-07,5.02092050209205,11.319367186914617,1.7763568394002505e-15,11.319367186914617,0.0037989581165972274,1.0,0.2345975055227475,0.06984238383590292,1.0,0.0,4.675905300560025e-14,0.0543933054393305,-0.0006514968276048972,4.787491742782046,5.480638923341991,1.0,5.0,8.538969394104488
calibration-base-82,base,120,240,synchronous,degenerate,logistic,2.0,0.2,iid,0.15,equal,complete,none,0.0,650489,SYNCHRONOUS,9.573221592267217e-07,5.02092050209205,11.344537157382737,1.7763568394002505e-15,11.344537157382737,0.004723356445554642,1.0,0.22873829006655544,0.07055513690547248,1.0,0.0,3.7607935371298466e-14,0.06694560669456066,-6.923930415405072e-05,4.787491742782046,5.480638923341991,1.0,5.0,8.56246364802496
calibration-base-83,base,120,240,synchronous,degenerate,logistic,2.0,0.2,iid,0.15,equal,complete,none,0.0,658539,SYNCHRONOUS,9.329791993164751e-07,5.02092050209205,11.235628374300639,1.7763568394002505e-15,11.235628374300639,0.004675886921684835,1.0,0.228522993383205,0.07982406959161957,1.0,0.0,3.798973048647177e-14,0.05857740585774067,-0.00032086079336324523,4.787491742782046,5.480638923341991,1.0,5.0,8.516567370694668
calibration-base-84,base,25,60,near_synchronous,narrow_normal,step,0.5,0.5,iid,0.15,equal,complete,none,0.0,666196,NEAR_SYNCHRONOUS,0.19223090794694234,5.084745762711864,9.719228681806626,0.05761603970161325,9.719228681806626,0.018712082752076364,1.0,0.10716492844510055,0.0372633008469514,1.0,0.0,0.29427434267306,0.5254237288135594,-0.028632321676422785,3.2188758248682006,4.0943445622221,1.0,5.0,3.2285614440704897
calibration-base-85,base,25,60,near_synchronous,narrow_normal,step,1.0,0.2,iid,0.15,equal,complete,none,0.0,674377,NEAR_SYNCHRONOUS,0.17380216547194102,5.084745762711864,14.026193744300649,8.881784197001252e-16,14.026193744300649,0.018141136488487676,1.0,0.13052131841149112,0.5351635264103866,1.0,0.0,4.8959359313776245e-15,0.03389830508474576,-0.005557797030216682,3.2188758248682006,4.0943445622221,1.0,5.0,6.762201881456277
calibration-base-86,base,25,60,near_synchronous,narrow_normal,step,1.0,0.5,iid,0.15,equal,complete,none,0.0,682165,NEAR_SYNCHRONOUS,0.23024085361704982,5.084745762711864,10.43373624628228,8.881784197001252e-16,10.43373624628228,0.022930894271576636,1.0,0.08671257886012383,0.33823069050575544,1.0,0.0,3.873282956962749e-15,0.06779661016949153,-0.013838294930283572,3.2188758248682006,4.0943445622221,1.0,5.0,6.834053520465584
calibration-base-87,base,25,60,near_synchronous,narrow_normal,step,1.0,0.5,iid,0.15,equal,complete,none,0.0,690215,NEAR_SYNCHRONOUS,0.22193911677746325,5.084745762711864,11.37895307999861,8.881784197001252e-16,11.37895307999861,0.022628229516310026,1.0,0.08568247235716707,0.3337663853655729,1.0,0.0,3.9250902023065575e-15,0.06779661016949153,-0.024334759421246677,3.2188758248682006,4.0943445622221,1.0,5.0,6.926756984296895
calibration-base-88,base,25,60,near_synchronous,narrow_normal,step,2.0,0.2,iid,0.15,equal,complete,none,0.0,698134,NEAR_SYNCHRONOUS,0.18873268865796974,5.084745762711864,11.822099454604775,8.881784197001252e-16,11.822099454604775,0.020496564688584393,1.0,0.11045019353209146,0.4030991055421594,1.0,0.0,4.333303815515964e-15,0.05084745762711869,0.006756363133835132,3.2188758248682006,4.0943445622221,1.0,5.0,13.904382655594542
calibration-base-89,base,25,60,near_synchronous,narrow_normal,step,2.0,0.5,iid,0.15,equal,complete,none,0.0,705922,NEAR_SYNCHRONOUS,0.201458039221535,5.084745762711864,12.999289442575336,8.881784197001252e-16,12.999289442575336,0.021968612536975803,1.0,0.10291172036323774,0.6480740698407862,1.0,0.0,4.042942712951101e-15,0.03389830508474576,-0.02516774419553204,3.2188758248682006,4.0943445622221,1.0,5.0,12.975513245835192
calibration-base-90,base,25,60,near_synchronous,narrow_normal,logistic,0.5,0.5,iid,0.15,equal,complete,none,0.0,713710,NEAR_SYNCHRONOUS,0.18658073740679745,5.084745762711864,7.017095771096793,0.07495197266339906,7.017095771096793,0.04262987976515832,1.0,0.0631440680806576,0.212811862660165,1.0,0.0,0.17316415588332024,0.20338983050847453,0.005627603440657836,3.2188758248682006,4.0943445622221,1.0,5.0,3.0293689431018667
calibration-base-91,base,25,60,near_synchronous,narrow_normal,logistic,0.5,0.5,iid,0.15,equal,complete,none,0.0,721760,NEAR_SYNCHRONOUS,0.16223300870134316,5.084745762711864,7.078243929969826,0.10478664966661828,7.078243929969826,0.03494723637161778,1.0,0.11606560153318485,0.04220744799081948,1.0,0.0,0.28720943092630924,0.864406779661017,0.006134556839240207,3.2188758248682006,4.0943445622221,1.0,5.0,2.669486354313731
calibration-base-92,base,25,60,near_synchronous,narrow_normal,logistic,1.0,0.2,iid,0.15,equal,complete,none,0.0,729679,NEAR_SYNCHRONOUS,0.2092140203653401,5.084745762711864,8.950215953252913,8.881784197001252e-16,8.950215953252913,0.02169491525423731,1.0,0.1041943844368777,0.2560000000000004,1.0,0.0,4.093947403305261e-15,0.08474576271186436,0.0010874656206740433,3.2188758248682006,4.0943445622221,1.0,5.0,5.7259055599536675
calibration-base-93,base,25,60,near_synchronous,narrow_normal,logistic,1.0,0.5,iid,0.15,equal,complete,none,0.0,737729,NEAR_SYNCHRONOUS,0.21095906579329216,5.084745762711864,6.806522621484937,8.881784197001252e-16,6.806522621484937,0.029551857244343553,1.0,0.09024202901247923,0.43588989435406744,1.0,0.0,3.005491033461625e-15,0.06779661016949153,-0.011821721088899999,3.2188758248682006,4.0943445622221,1.0,5.0,4.73791888970031
calibration-base-94,base,25,60,near_synchronous,narrow_normal,logistic,2.0,0.2,iid,0.15,equal,complete,none,0.0,745386,NEAR_SYNCHRONOUS,0.14271050770866026,5.084745762711864,10.334158398600543,8.881784197001252e-16,10.334158398600543,0.014603836765110543,1.0,0.1430172755738221,0.1723252738283045,1.0,0.0,6.0818155802866664e-15,0.08474576271186436,0.019164077542447627,3.2188758248682006,4.0943445622221,1.0,5.0,8.450831937268628
calibration-base-95,base,25,60,near_synchronous,narrow_normal,logistic,2.0,0.5,iid,0.15,equal,complete,none,0.0,753305,NEAR_SYNCHRONOUS,0.19835755302638683,5.084745762711864,6.8991247832520415,8.881784197001252e-16,6.8991247832520415,0.021926727632266083,1.0,0.12117390354840465,0.1437418811448554,1.0,0.0,4.050665628705736e-15,0.15254237288135597,-0.019927624579645867,3.2188758248682006,4.0943445622221,1.0,5.0,6.0875319750334675
calibration-base-96,base,25,60,near_synchronous,narrow_normal,logistic,2.0,0.5,iid,0.15,equal,complete,none,0.0,761355,NEAR_SYNCHRONOUS,0.19677152677192486,5.084745762711864,7.067712788657159,8.881784197001252e-16,7.067712788657159,0.02313047065658575,1.0,0.10048409914207618,0.22744962812309322,1.0,0.0,3.839863152318699e-15,0.10169491525423728,0.006406941361759228,3.2188758248682006,4.0943445622221,1.0,5.0,6.396825749140769
calibration-base-97,base,25,60,near_synchronous,narrow_normal,logistic,2.0,0.5,iid,0.15,equal,complete,none,0.0,769405,NEAR_SYNCHRONOUS,0.1648661264072366,5.084745762711864,6.6869823285735865,8.881784197001252e-16,6.6869823285735865,0.022135359616697645,1.0,0.10591128346039837,0.10883218478209673,1.0,0.0,4.012486966916654e-15,0.20338983050847462,0.01703386515095183,3.2188758248682006,4.0943445622221,1.0,5.0,6.032249850415811
calibration-base-98,base,25,120,near_synchronous,narrow_normal,step,0.5,0.2,iid,0.15,equal,complete,none,0.0,777062,NEAR_SYNCHRONOUS,0.1836091088274534,4.957983193277311,11.985257994394944,0.028565935650379643,11.985257994394944,0.01952411093329587,1.0,0.12364892654087091,2.348105619430276,1.0,0.0,0.1447697375393181,0.008403361344537785,-0.01358737010413697,3.2188758248682006,4.787491742782046,1.0,5.0,3.4046222112358993
calibration-base-99,base,25,120,near_synchronous,narrow_normal,step,0.5,0.5,iid,0.15,equal,complete,none,0.0,784981,NEAR_SYNCHRONOUS,0.16149349997922646,5.04201680672269,11.540011412103663,0.03716106207681107,11.540011412103663,0.01591509772958181,1.0,0.14126148790398807,0.648279774994305,1.0,0.0,0.2273795233536511,0.025210084033613446,0.0049992492348482805,3.2188758248682006,4.787491742782046,1.0,5.0,3.2066307443028528
calibration-base-100,base,25,120,near_synchronous,narrow_normal,step,0.5,0.5,iid,0.15,equal,complete,none,0.0,793162,NEAR_SYNCHRONOUS,0.229332433875839,5.04201680672269,10.615445256497882,0.03068473711513541,10.615445256497882,0.02259030269317194,1.0,0.10524133842600644,0.0753592220347252,1.0,0.0,0.13459547551454157,0.30252100840336144,0.017456673538649298,3.2188758248682006,4.787491742782046,1.0,5.0,3.396536298863392
calibration-base-101,base,25,120,near_synchronous,narrow_normal,step,1.0,0.2,iid,0.15,equal,complete,none,0.0,800819,NEAR_SYNCHRONOUS,0.19285663450612736,5.04201680672269,17.73232683669951,8.881784197001252e-16,17.73232683669951,0.019150816179151757,1.0,0.16413214689553543,2.278947125319043,1.0,0.0,4.6378097486363375e-15,0.008403361344537874,-0.004295961371877313,3.2188758248682006,4.787491742782046,1.0,5.0,6.689556612653409
calibration-base-102,base,25,120,near_synchronous,narrow_normal,step,1.0,0.2,iid,0.15,equal,complete,none,0.0,808869,NEAR_SYNCHRONOUS,0.2199041128420131,5.126050420168068,14.038182801195397,8.881784197001252e-16,14.038182801195397,0.022108347767939962,1.0,0.11976659297126137,1.3154466921924255,1.0,0.0,4.0173893997999335e-15,0.01680672268907566,0.018916234702519998,3.2188758248682006,4.787491742782046,1.0,5.0,6.726431297544912
calibration-base-103,base,25,120,near_synchronous,narrow_normal,step,2.0,0.2,iid,0.15,equal,complete,none,0.0,816788,NEAR_SYNCHRONOUS,0.15081138946657566,5.04201680672269,14.443506850744246,8.881784197001252e-16,14.443506850744246,0.015204279499695647,1.0,0.14076296524964593,0.4523273151159459,1.0,0.0,5.841634387988621e-15,0.03361344537815123,0.007481378649317487,3.2188758248682006,4.787491742782046,1.0,5.0,13.349872852670426
calibration-base-104,base,25,120,near_synchronous,narrow_normal,step,2.0,0.5,iid,0.15,equal,complete,none,0.0,824707,NEAR_SYNCHRONOUS,0.19179132556864706,5.04201680672269,14.175555482495518,8.881784197001252e-16,14.175555482495518,0.01814503472439095,1.0,0.1260564410404342,0.4318518264405053,1.0,0.0,4.8948841002007916e-15,0.04201680672268902,-0.004079272609565058,3.2188758248682006,4.787491742782046,1.0,5.0,12.994785731258709
calibration-base-105,base,25,120,near_synchronous,narrow_normal,step,2.0,0.5,iid,0.15,equal,complete,none,0.0,832757,NEAR_SYNCHRONOUS,0.2199047613072509,5.126050420168068,14.763763003817953,8.881784197001252e-16,14.763763003817953,0.022026426790461674,1.0,0.12821877380450533,1.3105723940324743,1.0,0.0,4.032330927523579e-15,0.01680672268907557,0.028813295778571134,3.2188758248682006,4.787491742782046,1.0,5.0,13.125804557612499
calibration-base-106,base,25,120,near_synchronous,narrow_normal,logistic,0.5,0.5,iid,0.15,equal,complete,none,0.0,840545,NEAR_SYNCHRONOUS,0.21392435117638522,4.873949579831933,6.493819411000152,0.03068473711513541,6.493819411000152,0.03827605793285988,1.0,0.0654262943364097,0.06092618484691125,1.0,0.0,0.07991055024756417,0.6302521008403362,0.007631804996277197,3.2188758248682006,4.787491742782046,1.0,5.0,2.8409210658450594
calibration-base-107,base,25,120,near_synchronous,narrow_normal,logistic,0.5,0.5,iid,0.15,equal,complete,none,0.0,848595,NEAR_SYNCHRONOUS,0.1726229383921274,4.873949579831933,6.718499706241702,0.03716106207681132,6.718499706241702,0.03031138500702376,1.0,0.08148550135347603,0.033340009992613225,1.0,0.0,0.12168662767637509,0.9159663865546218,-0.0067294548805472264,3.2188758248682006,4.787491742782046,1.0,5.0,2.6700010767235356
calibration-base-108,base,25,120,near_synchronous,narrow_normal,logistic,1.0,0.2,iid,0.15,equal,complete,none,0.0,856252,NEAR_SYNCHRONOUS,0.19962387146818533,5.04201680672269,10.181423720607754,1.7763568394002505e-15,10.181423720607754,0.021407305315079866,1.0,0.10293406957252843,0.2830521480549449,1.0,0.0,8.297900241320603e-15,0.07563025210084033,-0.017083053044618546,3.2188758248682006,4.787491742782046,1.0,5.0,5.591441709496393
calibration-base-109,base,25,120,near_synchronous,narrow_normal,logistic,1.0,0.5,iid,0.15,equal,complete,none,0.0,864171,NEAR_SYNCHRONOUS,0.1773752648573393,5.04201680672269,6.869251616722498,8.881784197001252e-16,6.869251616722498,0.025853962383905093,1.0,0.11011903404617213,0.026522599342109533,1.0,0.0,3.4353667206271032e-15,0.9747899159663866,-0.021395505199549785,3.2188758248682006,4.787491742782046,1.0,5.0,4.61128226675974
calibration-base-110,base,25,120,near_synchronous,narrow_normal,logistic,2.0,0.2,iid,0.15,equal,complete,none,0.0,872090,NEAR_SYNCHRONOUS,0.15300060781328786,5.126050420168068,10.6223441904257,8.881784197001252e-16,10.6223441904257,0.01665138296000112,1.0,0.12841807957040643,0.22016828580445924,1.0,0.0,5.3339618807257655e-15,0.07563025210084033,0.020858976427321735,3.2188758248682006,4.787491742782046,1.0,5.0,8.574243543214559
calibration-base-111,base,25,120,near_synchronous,narrow_normal,logistic,2.0,0.2,iid,0.15,equal,complete,none,0.0,880271,NEAR_SYNCHRONOUS,0.17850993930048187,5.04201680672269,10.452833860603409,8.881784197001252e-16,10.452833860603409,0.018715174328840418,1.0,0.1124757366548441,0.22271057451320106,1.0,0.0,4.745766211386161e-15,0.08403361344537812,0.007184568561828742,3.2188758248682006,4.787491742782046,1.0,5.0,8.626579189236313
calibration-base-112,base,25,120,near_synchronous,narrow_normal,logistic,2.0,0.5,iid,0.15,equal,complete,none,0.0,887928,NEAR_SYNCHRONOUS,0.18026583121153325,5.04201680672269,6.9551694835353155,8.881784197001252e-16,6.9551694835353155,0.01926258659750508,1.0,0.12931598899599794,0.02315401823336469,1.0,0.0,4.610899035829194e-15,0.8319327731092437,0.005396720224643022,3.2188758248682006,4.787491742782046,1.0,5.0,6.235363240200497
calibration-base-113,base,25,240,near_synchronous,narrow_normal,step,1.0,0.5,iid,0.15,equal,complete,none,0.0,895847,NEAR_SYNCHRONOUS,0.1624129619798321,4.937238493723849,14.611957589011197,8.881784197001252e-16,14.611957589011197,0.016065202136925805,1.0,0.1448591232943048,0.47994791384065844,1.0,0.0,5.528585399237838e-15,0.03347280334728033,-0.023106565039091694,3.2188758248682006,5.480638923341991,1.0,5.0,6.708719095674427
calibration-base-114,base,25,240,near_synchronous,narrow_normal,step,2.0,0.2,iid,0.15,equal,complete,none,0.0,903897,NEAR_SYNCHRONOUS,0.20993956913189846,4.937238493723849,13.098634413112446,8.881784197001252e-16,13.098634413112446,0.020872916592620902,1.0,0.10989986610230819,0.4535115514214901,1.0,0.0,4.255171603637407e-15,0.046025104602510504,-0.028821485507500015,3.2188758248682006,5.480638923341991,1.0,5.0,13.480279322563277
calibration-base-115,base,25,240,near_synchronous,narrow_normal,step,2.0,0.2,iid,0.15,equal,complete,none,0.0,911947,NEAR_SYNCHRONOUS,0.18367097018195364,5.02092050209205,14.662792551740788,8.881784197001252e-16,14.662792551740788,0.018237302958533767,1.0,0.13469278359034176,0.5448394258861963,1.0,0.0,4.8701193467015395e-15,0.03347280334728033,-0.027404053813894973,3.2188758248682006,5.480638923341991,1.0,5.0,13.44861634661678
calibration-base-116,base,25,240,near_synchronous,narrow_normal,step,2.0,0.5,iid,0.15,equal,complete,none,0.0,919735,NEAR_SYNCHRONOUS,0.2033792752599161,5.02092050209205,12.541159659338428,8.881784197001252e-16,12.541159659338428,0.02083396327309848,1.0,0.10364135060641563,0.4526652020245947,1.0,0.0,4.263127509910567e-15,0.046025104602510414,-0.0038248977343520807,3.2188758248682006,5.480638923341991,1.0,5.0,13.45491052136367
calibration-base-117,base,25,240,near_synchronous,narrow_normal,logistic,0.5,0.2,iid,0.15,equal,complete,none,0.0,927654,NEAR_SYNCHRONOUS,0.2056888865564979,5.06276150627615,8.543641443514948,0.014223206453536509,8.543641443514948,0.022223381524316146,1.0,0.10608209643534454,0.028309867878263655,1.0,0.0,0.06387041281357855,0.7866108786610878,0.018610941832053404,3.2188758248682006,5.480638923341991,1.0,5.0,3.083305780859286
calibration-base-118,base,25,240,near_synchronous,narrow_normal,logistic,0.5,0.5,iid,0.15,equal,complete,none,0.0,935442,NEAR_SYNCHRONOUS,0.2596981233557056,4.937238493723849,6.455855877129282,0.02586783401811902,6.455855877129282,0.03282942824137814,1.0,0.08073946682859881,0.03293118289742544,1.0,0.0,0.07855118383901528,1.0,-0.019796204474828303,3.2188758248682006,5.480638923341991,1.0,5.0,2.7371096568388507
calibration-base-119,base,60,60,near_synchronous,narrow_normal,step,0.5,0.5,iid,0.15,equal,complete,none,0.0,943361,NEAR_SYNCHRONOUS,0.19432803193126852,5.084745762711864,12.367268500933006,0.057616039701613386,12.367268500933006,0.02090204602676377,1.0,0.11274485265128849,0.639607084249559,1.0,0.0,0.2657370771919756,0.03389830508474576,-0.023787683570854885,4.0943445622221,4.0943445622221,1.0,5.0,3.46221641738237
calibration-base-120,base,60,60,near_synchronous,narrow_normal,step,0.5,0.5,iid,0.15,equal,complete,none,0.0,951411,NEAR_SYNCHRONOUS,0.21993624823030575,5.084745762711864,15.343514211606415,0.05761603970161338,15.343514211606415,0.02336279449506817,1.0,0.12174601276716102,0.7098513146348951,1.0,0.0,0.2394407302142991,0.03389830508474576,-0.009607697852505105,4.0943445622221,4.0943445622221,1.0,5.0,3.2943964316267564
calibration-base-121,base,60,60,near_synchronous,narrow_normal,step,1.0,0.2,iid,0.15,equal,complete,none,0.0,959461,NEAR_SYNCHRONOUS,0.20381720433187256,5.084745762711864,13.751435387394677,8.881784197001252e-16,13.751435387394677,0.02091921873624139,1.0,0.1075051413343801,0.411411301812747,1.0,0.0,4.245753299387827e-15,0.05084745762711869,-0.0027899024047440676,4.0943445622221,4.0943445622221,1.0,5.0,6.791245820673308
calibration-base-122,base,60,60,near_synchronous,narrow_normal,step,1.0,0.5,iid,0.15,equal,complete,none,0.0,967249,NEAR_SYNCHRONOUS,0.1993599769847527,5.084745762711864,13.444787302007356,8.881784197001252e-16,13.444787302007356,0.020779519696726555,1.0,0.10334905493331059,0.40866388736895526,1.0,0.0,4.2742971573113015e-15,0.05084745762711869,0.01386876321663447,4.0943445622221,4.0943445622221,1.0,5.0,6.916250301482613
calibration-base-123,base,60,60,near_synchronous,narrow_normal,step,2.0,0.2,iid,0.15,equal,complete,none,0.0,975168,NEAR_SYNCHRONOUS,0.22106046038312718,5.084745762711864,14.563678712335948,8.881784197001252e-16,14.563678712335948,0.02241984171583557,1.0,0.1087653067306007,0.6613853306171493,1.0,0.0,3.9615731054550115e-15,0.03389830508474576,-0.013823404627916324,4.0943445622221,4.0943445622221,1.0,5.0,13.332664606235557
calibration-base-124,base,60,60,near_synchronous,narrow_normal,step,2.0,0.5,iid,0.15,equal,complete,none,0.0,983218,NEAR_SYNCHRONOUS,0.18405999740355328,5.084745762711864,17.209745354098274,8.881784197001252e-16,17.209745354098274,0.018897017175507996,1.0,0.13620907380036673,1.114924013354969,1.0,0.0,4.7000984941225195e-15,0.016949152542372926,0.011138421125035849,4.0943445622221,4.0943445622221,1.0,5.0,13.280922050603726
calibration-base-125,base,60,60,near_synchronous,narrow_normal,logistic,0.5,0.2,iid,0.15,equal,complete,none,0.0,991137,NEAR_SYNCHRONOUS,0.2008481245861511,4.915254237288135,9.158821774672921,0.05761603970161325,9.158821774672921,0.026858450449728177,1.0,0.07734251185493743,0.2701165729142938,1.0,0.0,0.20974563597484086,0.10169491525423728,-0.024678925365250973,4.0943445622221,4.0943445622221,1.0,5.0,3.216738212893432
calibration-base-126,base,60,60,near_synchronous,narrow_normal,logistic,0.5,0.5,iid,0.15,equal,complete,none,0.0,998794,NEAR_SYNCHRONOUS,0.21011546072676876,5.084745762711864,6.83872321114804,0.07495197266339887,6.83872321114804,0.040460616758849544,1.0,0.06363479899811743,0.07356940880867478,1.0,0.0,0.1821477760995147,0.5593220338983051,-0.018868412056431933,4.0943445622221,4.0943445622221,1.0,5.0,2.8825464563221823
calibration-base-127,base,60,120,near_synchronous,narrow_normal,step,0.5,0.2,iid,0.15,equal,complete,none,0.0,1006713,NEAR_SYNCHRONOUS,0.20227021136636977,5.04201680672269,13.032458515995865,0.020961666032347046,13.032458515995865,0.021203575201989427,1.0,0.10968765035706607,0.8451751224771828,1.0,0.0,0.09837954255516398,0.025210084033613446,-0.002033211992850185,4.0943445622221,4.787491742782046,1.0,5.0,3.3394373996572084
calibration-base-128,base,60,120,near_synchronous,narrow_normal,step,0.5,0.5,iid,0.15,equal,complete,none,0.0,1014632,NEAR_SYNCHRONOUS,0.18362184355172484,4.957983193277311,13.84471664098864,0.03068473711513525,13.84471664098864,0.01837671648947532,1.0,0.13960895602455786,1.1085526098877239,1.0,0.0,0.1646960046880823,0.01680672268907566,-0.01442491746452823,4.0943445622221,4.787491742782046,1.0,5.0,3.3791693602911606
calibration-base-129,base,60,120,near_synchronous,narrow_normal,step,1.0,0.2,iid,0.15,equal,complete,none,0.0,1022813,NEAR_SYNCHRONOUS,0.17687384120193098,5.04201680672269,15.272987857143008,8.881784197001252e-16,15.272987857143008,0.017946308937282256,1.0,0.13475086253803098,1.0678053817682924,1.0,0.0,4.9490868724264185e-15,0.01680672268907566,-0.009753940480752366,4.0943445622221,4.787491742782046,1.0,5.0,6.684522383973976
calibration-base-130,base,60,120,near_synchronous,narrow_normal,step,1.0,0.5,iid,0.15,equal,complete,none,0.0,1030470,NEAR_SYNCHRONOUS,0.20302956267272962,5.04201680672269,14.924331118156084,8.881784197001252e-16,14.924331118156084,0.020461604893837172,1.0,0.11941616929568867,0.6087327455916564,1.0,0.0,4.340707507100949e-15,0.03361344537815123,-0.001132138469808721,4.0943445622221,4.787491742782046,1.0,5.0,6.759100821465601
calibration-base-131,base,60,120,near_synchronous,narrow_normal,step,1.0,0.5,iid,0.15,equal,complete,none,0.0,1038520,NEAR_SYNCHRONOUS,0.20169695906462415,5.04201680672269,13.63309120000853,8.881784197001252e-16,13.63309120000853,0.020138380734661628,1.0,0.11865639660477584,0.5991168268561841,1.0,0.0,4.410376541205306e-15,0.03361344537815123,0.012068275609703036,4.0943445622221,4.787491742782046,1.0,5.0,6.642646407484698
calibration-base-132,base,60,120,near_synchronous,narrow_normal,step,1.0,0.5,iid,0.15,equal,complete,none,0.0,1046570,NEAR_SYNCHRONOUS,0.19613655592586896,5.04201680672269,15.702207493992475,8.881784197001252e-16,15.702207493992475,0.01937182888011578,1.0,0.1296693929562263,0.7684158789112593,1.0,0.0,4.584897095657273e-15,0.025210084033613446,0.0005748320419186507,4.0943445622221,4.787491742782046,1.0,5.0,6.660956494115316
calibration-base-133,base,60,120,near_synchronous,narrow_normal,step,2.0,0.5,iid,0.15,equal,complete,none,0.0,1054227,NEAR_SYNCHRONOUS,0.18044073498724278,5.04201680672269,15.42608110474043,8.881784197001252e-16,15.42608110474043,0.01825838551390228,1.0,0.1343087968448436,1.0863739380771837,1.0,0.0,4.864495927221218e-15,0.01680672268907566,0.011949840098916913,4.0943445622221,4.787491742782046,1.0,5.0,13.35754078636263
calibration-base-134,base,60,120,near_synchronous,narrow_normal,step,2.0,0.5,iid,0.15,equal,complete,none,0.0,1062277,NEAR_SYNCHRONOUS,0.2073337064468967,5.04201680672269,13.871050678607059,8.881784197001252e-16,13.871050678607059,0.020894180615094134,1.0,0.11262178234374552,0.49728149863924104,1.0,0.0,4.250841112469841e-15,0.04201680672268902,0.01606415279287803,4.0943445622221,4.787491742782046,1.0,5.0,13.147329573535213
calibration-base-135,base,60,120,near_synchronous,narrow_normal,logistic,0.5,0.5,iid,0.15,equal,complete,none,0.0,1070065,NEAR_SYNCHRONOUS,0.23065336811329906,5.126050420168068,6.89352943569818,0.04339477138607734,6.89352943569818,0.03700236642471403,1.0,0.08266005313938408,0.04871932576753328,1.0,0.0,0.11647740981969004,0.7647058823529413,-0.0015151968716638187,4.0943445622221,4.787491742782046,1.0,5.0,2.834492537719023
calibration-base-136,base,60,120,near_synchronous,narrow_normal,logistic,0.5,0.5,iid,0.15,equal,complete,none,0.0,1078246,NEAR_SYNCHRONOUS,0.18974607077330252,5.04201680672269,6.978548737642285,0.0419233320646941,6.978548737642285,0.035679666859649795,1.0,0.08569305527116428,0.037174689937357494,1.0,0.0,0.11669642703737357,0.9663865546218486,0.009689766437483082,4.0943445622221,4.787491742782046,1.0,5.0,2.8709077034855306
calibration-base-137,base,60,120,near_synchronous,narrow_normal,logistic,1.0,0.2,iid,0.15,equal,complete,none,0.0,1085903,NEAR_SYNCHRONOUS,0.20189753336099525,5.04201680672269,10.30723886068912,8.881784197001252e-16,10.30723886068912,0.01979254741733425,1.0,0.12420657624894017,0.261701460295864,1.0,0.0,4.487438635222171e-15,0.07563025210084033,0.00688763986742196,4.0943445622221,4.787491742782046,1.0,5.0,5.699312740817579
calibration-base-138,base,60,120,near_synchronous,narrow_normal,logistic,1.0,0.5,iid,0.15,equal,complete,none,0.0,1093822,NEAR_SYNCHRONOUS,0.2063978617982478,4.957983193277311,6.890733972807375,1.7763568394002505e-15,6.890733972807375,0.02821042600131446,1.0,0.09417686374693152,0.09873649100460061,1.0,0.0,6.296809694818084e-15,0.2857142857142857,-0.005971103777264299,4.0943445622221,4.787491742782046,1.0,5.0,4.624542602908139
calibration-base-139,base,60,120,near_synchronous,narrow_normal,logistic,1.0,0.5,iid,0.15,equal,complete,none,0.0,1101872,NEAR_SYNCHRONOUS,0.20226076660020004,5.04201680672269,6.924281379096149,1.7763568394002505e-15,6.924281379096149,0.028594761714207904,1.0,0.08539455736781226,0.048611094914153434,1.0,0.0,6.212175702508584e-15,0.5882352941176471,0.018332620407008917,4.0943445622221,4.787491742782046,1.0,5.0,4.644312693896659
calibration-base-140,base,60,120,near_synchronous,narrow_normal,logistic,2.0,0.2,iid,0.15,equal,complete,none,0.0,1109922,NEAR_SYNCHRONOUS,0.18548564198339115,5.04201680672269,10.365327261411327,8.881784197001252e-16,10.365327261411327,0.019254010341138467,1.0,0.12114254439546959,0.2864034038244346,1.0,0.0,4.6129528548264416e-15,0.06722689075630255,0.0009485404145441914,4.0943445622221,4.787491742782046,1.0,5.0,8.596690539639702
calibration-base-141,base,60,120,near_synchronous,narrow_normal,logistic,2.0,0.5,iid,0.15,equal,complete,none,0.0,1117841,NEAR_SYNCHRONOUS,0.19025245781713387,5.04201680672269,7.070091525808204,8.881784197001252e-16,7.070091525808204,0.021472008847884368,1.0,0.12316033206060242,0.12775845264491198,1.0,0.0,4.136447716617056e-15,0.16806722689075632,-0.0003044593728911687,4.0943445622221,4.787491742782046,1.0,5.0,6.15489773610717
calibration-base-142,base,60,240,near_synchronous,narrow_normal,step,0.5,0.2,iid,0.15,equal,complete,none,0.0,1125760,NEAR_SYNCHRONOUS,0.2095839522423242,5.06276150627615,12.725876628575717,0.01043698015836536,12.725876628575717,0.02073312178643965,1.0,0.11773395816805424,0.026964622779533036,1.0,0.0,0.0502759848452786,0.7698744769874477,0.014584155893902455,4.0943445622221,5.480638923341991,1.0,5.0,3.346862340812934
calibration-base-143,base,60,240,near_synchronous,narrow_normal,step,1.0,0.2,iid,0.15,equal,complete,none,0.0,1133417,NEAR_SYNCHRONOUS,0.1838579182748625,4.97907949790795,13.574925964807349,8.881784197001252e-16,13.574925964807349,0.018117552066060423,1.0,0.11824885208212099,0.333084226445265,1.0,0.0,4.902309188689726e-15,0.0543933054393305,-0.016650750203974374,4.0943445622221,5.480638923341991,1.0,5.0,6.721029807678801
calibration-base-144,base,60,240,near_synchronous,narrow_normal,step,1.0,0.5,iid,0.15,equal,complete,none,0.0,1141467,NEAR_SYNCHRONOUS,0.19277106365459215,5.06276150627615,14.755759958146376,8.881784197001252e-16,14.755759958146376,0.01917852156713948,1.0,0.1296628679040086,0.572958331818292,1.0,0.0,4.631109945523288e-15,0.03347280334728033,0.007473500361750668,4.0943445622221,5.480638923341991,1.0,5.0,6.750385122088839
calibration-base-145,base,60,240,near_synchronous,narrow_normal,step,1.0,0.5,iid,0.15,equal,complete,none,0.0,1149517,NEAR_SYNCHRONOUS,0.1793903874084324,5.06276150627615,15.491149143802605,8.881784197001252e-16,15.491149143802605,0.017968777717592987,1.0,0.140846080920361,0.5368172343130905,1.0,0.0,4.942898363256627e-15,0.03347280334728033,0.01436894824101678,4.0943445622221,5.480638923341991,1.0,5.0,6.656775582046704
calibration-base-146,base,60,240,near_synchronous,narrow_normal,logistic,0.5,0.2,iid,0.15,equal,complete,none,0.0,1157436,NEAR_SYNCHRONOUS,0.2031592869457192,5.02092050209205,9.553722101957641,0.014223206453536509,9.553722101957641,0.021841645416130852,1.0,0.10886418533587884,0.02356400792897685,1.0,0.0,0.06498203089152954,0.9288702928870292,0.005249484829465389,4.0943445622221,5.480638923341991,1.0,5.0,3.1046581648878666
calibration-base-147,base,60,240,near_synchronous,narrow_normal,logistic,0.5,0.5,iid,0.15,equal,complete,none,0.0,1165224,NEAR_SYNCHRONOUS,0.2179315667867432,5.06276150627615,6.800604622197882,0.01968837427372211,6.800604622197882,0.028760418809757392,1.0,0.08534636202800763,0.03146039929235242,1.0,0.0,0.06829665167909567,0.9163179916317992,0.004790486749653066,4.0943445622221,5.480638923341991,1.0,5.0,2.750964185368922
calibration-base-148,base,60,240,near_synchronous,narrow_normal,logistic,1.0,0.5,iid,0.15,equal,complete,none,0.0,1173143,NEAR_SYNCHRONOUS,0.1701952010122585,4.937238493723849,7.0605339950889725,8.881784197001252e-16,7.0605339950889725,0.020988267745644756,1.0,0.10794202545380957,0.03459445511178688,1.0,0.0,4.231785254809463e-15,0.606694560669456,-0.024169129981540798,4.0943445622221,5.480638923341991,1.0,5.0,4.574609824540071
calibration-base-149,base,60,240,near_synchronous,narrow_normal,logistic,2.0,0.5,iid,0.15,equal,complete,none,0.0,1181193,NEAR_SYNCHRONOUS,0.1972883279375818,4.97907949790795,6.929601932434405,8.881784197001252e-16,6.929601932434405,0.02167222208608147,1.0,0.11354370145962413,0.21581921160722797,1.0,0.0,4.098234210466767e-15,0.100418410041841,-0.0015288834218384747,4.0943445622221,5.480638923341991,1.0,5.0,6.104176551128802
calibration-base-150,base,120,60,near_synchronous,narrow_normal,step,0.5,0.2,iid,0.15,equal,complete,none,0.0,1189112,NEAR_SYNCHRONOUS,0.18562339325260335,5.084745762711864,15.63729385038382,0.042278614539818654,15.63729385038382,0.0191820182162316,1.0,0.11913505678034948,0.5794513688730827,1.0,0.0,0.2152413810584731,0.03389830508474576,-0.00539020878243996,4.787491742782046,4.0943445622221,1.0,5.0,3.4376969713530063
calibration-base-151,base,120,60,near_synchronous,narrow_normal,step,0.5,0.5,iid,0.15,equal,complete,none,0.0,1196900,NEAR_SYNCHRONOUS,0.21877061987836974,5.084745762711864,13.047217517880496,0.042278614539818654,13.047217517880496,0.021734897244826384,1.0,0.10251157488452585,0.4354648431614537,1.0,0.0,0.19094065395649373,0.05084745762711869,0.007593049747057241,4.787491742782046,4.0943445622221,1.0,5.0,3.387952502435831
calibration-base-152,base,120,60,near_synchronous,narrow_normal,step,1.0,0.5,iid,0.15,equal,complete,none,0.0,1204688,NEAR_SYNCHRONOUS,0.20598026979147127,5.084745762711864,14.407855644611722,8.881784197001252e-16,14.407855644611722,0.02118455735508778,1.0,0.11078814287592881,0.4166296279833926,1.0,0.0,4.192574830867619e-15,0.05084745762711869,-0.005103448530113833,4.787491742782046,4.0943445622221,1.0,5.0,6.760028433457667
calibration-base-153,base,120,60,near_synchronous,narrow_normal,step,1.0,0.5,iid,0.15,equal,complete,none,0.0,1212869,NEAR_SYNCHRONOUS,0.19918317087210338,5.084745762711864,16.126356599852365,8.881784197001252e-16,16.126356599852365,0.020220938043133664,1.0,0.12393179264197583,1.1930353445448831,1.0,0.0,4.392370016690299e-15,0.016949152542372926,-0.006323521808200658,4.787491742782046,4.0943445622221,1.0,5.0,6.753890771795567
calibration-base-154,base,120,60,near_synchronous,narrow_normal,step,2.0,0.2,iid,0.15,equal,complete,none,0.0,1220657,NEAR_SYNCHRONOUS,0.20031903451313537,5.084745762711864,14.404327365913755,8.881784197001252e-16,14.404327365913755,0.020133436415523374,1.0,0.1077187063369778,0.39595758283862603,1.0,0.0,4.411459630484729e-15,0.05084745762711869,-0.01190715194905885,4.787491742782046,4.0943445622221,1.0,5.0,13.506424138789892
calibration-base-155,base,120,60,near_synchronous,narrow_normal,step,2.0,0.2,iid,0.15,equal,complete,none,0.0,1228707,NEAR_SYNCHRONOUS,0.2117719826190467,5.084745762711864,14.7996981706169,8.881784197001252e-16,14.7996981706169,0.02160185948564558,1.0,0.10686389606240482,0.42483656988436275,1.0,0.0,4.11158317315377e-15,0.05084745762711869,-0.00044319800363071043,4.787491742782046,4.0943445622221,1.0,5.0,13.295377659643396
calibration-base-156,base,120,60,near_synchronous,narrow_normal,step,2.0,0.5,iid,0.15,equal,complete,none,0.0,1236626,NEAR_SYNCHRONOUS,0.16708724951574702,5.084745762711864,15.749706634164214,8.881784197001252e-16,15.749706634164214,0.017367138824007932,1.0,0.11817610513012712,0.512330595308234,1.0,0.0,5.114132089923343e-15,0.03389830508474576,-0.007125943582079288,4.787491742782046,4.0943445622221,1.0,5.0,13.402247328421138
calibration-base-157,base,120,60,near_synchronous,narrow_normal,logistic,0.5,0.2,iid,0.15,equal,complete,none,0.0,1244283,NEAR_SYNCHRONOUS,0.19616163855408886,5.084745762711864,9.650567204049382,0.059752797110985564,9.650567204049382,0.02923226868032275,1.0,0.09081496693636991,0.44009153088369657,1.0,0.0,0.2002660118492381,0.06779661016949153,0.0034012468632371564,4.787491742782046,4.0943445622221,1.0,5.0,3.1728841718865852
calibration-base-158,base,120,60,near_synchronous,narrow_normal,logistic,0.5,0.5,iid,0.15,equal,complete,none,0.0,1252333,NEAR_SYNCHRONOUS,0.1903544528480129,5.084745762711864,6.809376659572895,0.07495197266339881,6.809376659572895,0.043557590811735776,1.0,0.06927025011970366,0.10029490948779518,0.9916666666666667,0.0,0.16958320561924972,0.4406779661016948,-0.0058260833502525354,4.787491742782046,4.0943445622221,1.0,5.0,2.9067686826081958
calibration-base-159,base,120,60,near_synchronous,narrow_normal,logistic,1.0,0.2,iid,0.15,equal,complete,none,0.0,1260383,NEAR_SYNCHRONOUS,0.21963807315797898,5.084745762711864,9.930319325355839,8.881784197001252e-16,9.930319325355839,0.02664629536458627,1.0,0.09810724696673112,0.31442628530211814,1.0,0.0,3.333215396540793e-15,0.08474576271186436,0.0029119549987178667,4.787491742782046,4.0943445622221,1.0,5.0,5.7957863699624
calibration-base-160,base,120,120,near_synchronous,narrow_normal,step,0.5,0.2,iid,0.15,equal,complete,none,0.0,1268171,NEAR_SYNCHRONOUS,0.19997996660505404,5.04201680672269,12.566641293831072,0.028565935650379643,12.566641293831072,0.02004893522183297,1.0,0.11919291564676078,0.40165312333091774,1.0,0.0,0.14105647157279758,0.05042016806722689,-0.004720868240250914,4.787491742782046,4.787491742782046,1.0,5.0,3.3315298449956416
calibration-base-161,base,120,120,near_synchronous,narrow_normal,step,0.5,0.2,iid,0.15,equal,complete,none,0.0,1276221,NEAR_SYNCHRONOUS,0.18716240416677069,5.04201680672269,13.43782183777485,0.020961666032347157,13.43782183777485,0.01905675654119297,1.0,0.11435577276222812,0.5703579224681838,1.0,0.0,0.10933653060585218,0.03361344537815123,0.012036854240301327,4.787491742782046,4.787491742782046,1.0,5.0,3.362765868175578
calibration-base-162,base,120,120,near_synchronous,narrow_normal,step,0.5,0.5,iid,0.15,equal,complete,none,0.0,1284009,NEAR_SYNCHRONOUS,0.19682194364041425,5.04201680672269,14.21636957933236,0.028565935650379643,14.21636957933236,0.019677746543062723,1.0,0.11985378757704529,0.7887323788409468,1.0,0.0,0.14366285420286512,0.025210084033613446,0.0027451429263169237,4.787491742782046,4.787491742782046,1.0,5.0,3.3275292941889543
calibration-base-163,base,120,120,near_synchronous,narrow_normal,step,0.5,0.5,iid,0.15,equal,complete,none,0.0,1292059,NEAR_SYNCHRONOUS,0.18847144524064421,5.04201680672269,14.14240223870385,0.028565935650379796,14.14240223870385,0.019486292919251982,1.0,0.11348363671595854,0.46873055515224726,1.0,0.0,0.14504479407326312,0.04201680672268902,0.0020989360727686874,4.787491742782046,4.787491742782046,1.0,5.0,3.3180254270472824
calibration-base-164,base,120,120,near_synchronous,narrow_normal,step,1.0,0.2,iid,0.15,equal,complete,none,0.0,1299716,NEAR_SYNCHRONOUS,0.2040722608774142,5.04201680672269,14.39074890931393,8.881784197001252e-16,14.39074890931393,0.02027852087634106,1.0,0.12285903589391046,0.48262879685691795,1.0,0.0,4.3798974546332054e-15,0.04201680672268902,-0.010726980294518663,4.787491742782046,4.787491742782046,1.0,5.0,6.559496029487873
calibration-base-165,base,120,120,near_synchronous,narrow_normal,step,1.0,0.5,iid,0.15,equal,complete,none,0.0,1307766,NEAR_SYNCHRONOUS,0.21394576725874997,5.04201680672269,14.739878469634553,8.881784197001252e-16,14.739878469634553,0.021547586047718496,1.0,0.12801900863786028,0.6410406849196258,1.0,0.0,4.121939310200214e-15,0.03361344537815123,-0.00018861502638227643,4.787491742782046,4.787491742782046,1.0,5.0,6.574998319993907
calibration-base-166,base,120,120,near_synchronous,narrow_normal,step,1.0,0.5,iid,0.15,equal,complete,none,0.0,1315816,NEAR_SYNCHRONOUS,0.19131691022271619,5.04201680672269,14.824916292001413,8.881784197001252e-16,14.824916292001413,0.019014120320734632,1.0,0.12501561074366746,0.5656700795418558,1.0,0.0,4.671151779404589e-15,0.03361344537815123,-0.006651276388238634,4.787491742782046,4.787491742782046,1.0,5.0,6.737646718347388
calibration-base-167,base,120,120,near_synchronous,narrow_normal,step,2.0,0.5,iid,0.15,equal,complete,none,0.0,1323473,NEAR_SYNCHRONOUS,0.20465264474764427,4.957983193277311,14.450709799593675,8.881784197001252e-16,14.450709799593675,0.020811283437528087,1.0,0.12335023132152684,0.6191356822664611,1.0,0.0,4.267773404587396e-15,0.03361344537815123,-0.013139817986454872,4.787491742782046,4.787491742782046,1.0,5.0,13.448356735294585
calibration-base-168,base,120,120,near_synchronous,narrow_normal,logistic,1.0,0.5,iid,0.15,equal,complete,none,0.0,1331523,NEAR_SYNCHRONOUS,0.21105786407413765,4.957983193277311,6.908792690229806,8.881784197001252e-16,6.908792690229806,0.028504067349893997,1.0,0.09623540523892407,0.04915918861793312,1.0,0.0,3.1159708149631084e-15,0.5798319327731093,-0.008823913072305213,4.787491742782046,4.787491742782046,1.0,5.0,4.638164779663459
calibration-base-169,base,120,240,near_synchronous,narrow_normal,step,0.5,0.2,iid,0.15,equal,complete,none,0.0,1339442,NEAR_SYNCHRONOUS,0.2029745136142423,5.06276150627615,13.108379027486272,0.014223206453536509,13.108379027486272,0.02076511329485784,1.0,0.111295688392163,0.039795923856037765,1.0,0.0,0.0683355683299104,0.5230125523012552,0.012076719748661993,4.787491742782046,5.480638923341991,1.0,5.0,3.3386777297120673
calibration-base-170,base,120,240,near_synchronous,narrow_normal,step,0.5,0.5,iid,0.15,equal,complete,none,0.0,1347230,NEAR_SYNCHRONOUS,0.19237821977211134,5.02092050209205,13.841325066509347,0.01043698015836536,13.841325066509347,0.01923672114756899,1.0,0.1257973948049561,0.4604338232097589,1.0,0.0,0.05417582575624413,0.04184100418410042,0.005615240458457713,4.787491742782046,5.480638923341991,1.0,5.0,3.3423453116961115
calibration-base-171,base,120,240,near_synchronous,narrow_normal,step,2.0,0.5,iid,0.15,equal,complete,none,0.0,1355411,NEAR_SYNCHRONOUS,0.1960038894581329,4.97907949790795,14.904544739205539,8.881784197001252e-16,14.904544739205539,0.019890497348017046,1.0,0.1240067864294749,0.43216626056146085,1.0,0.0,4.465340429452213e-15,0.046025104602510504,-0.008748692675498538,4.787491742782046,5.480638923341991,1.0,5.0,13.222220682898808
calibration-base-172,base,120,240,near_synchronous,narrow_normal,logistic,0.5,0.2,iid,0.15,equal,complete,none,0.0,1363199,NEAR_SYNCHRONOUS,0.20443890674328283,5.02092050209205,10.045795549105295,0.015278174546866396,10.045795549105295,0.02241511367725433,1.0,0.10921087586108165,0.03835458594534099,1.0,0.0,0.06800236765698423,0.5857740585774058,0.004422365242556733,4.787491742782046,5.480638923341991,1.0,5.0,3.110040616023211
calibration-base-173,base,120,240,near_synchronous,narrow_normal,logistic,0.5,0.5,iid,0.15,equal,complete,none,0.0,1371118,NEAR_SYNCHRONOUS,0.19298489041529351,4.97907949790795,6.7938742096934055,0.023995328499421643,6.7938742096934055,0.030190486511851373,1.0,0.07665374491817549,0.031470785904858474,1.0,0.0,0.07922991250277663,0.9623430962343097,-0.007842400684050644,4.787491742782046,5.480638923341991,1.0,5.0,2.756388002124292
calibration-base-174,base,120,240,near_synchronous,narrow_normal,logistic,2.0,0.2,iid,0.15,equal,complete,none,0.0,1379037,NEAR_SYNCHRONOUS,0.21310437498825913,4.97907949790795,10.196635937942363,8.881784197001252e-16,10.196635937942363,0.02150327308462705,1.0,0.11681567062205668,0.24472772701075537,1.0,0.0,4.130433614476555e-15,0.08786610878661091,-0.006215664316676504,4.787491742782046,5.480638923341991,1.0,5.0,8.502243459958056
calibration-base-175,base,25,60,diffuse,broad_normal,step,0.5,0.2,iid,0.15,equal,complete,none,0.0,1386956,DIFFUSE_ASYNCHRONOUS,0.7852051055780981,5.59322033898305,6.611390004220372,0.057616039701613234,6.611390004220372,0.08298863883306364,1.0,0.03561014570366144,0.0943868409241721,1.0,0.0,0.06925970231229515,0.8813559322033898,0.14842412232840094,3.2188758248682006,4.0943445622221,1.0,5.0,3.356139662964366
calibration-base-176,base,25,60,diffuse,broad_normal,step,0.5,0.5,iid,0.15,equal,complete,none,0.0,1394744,DIFFUSE_ASYNCHRONOUS,0.831701490112563,5.423728813559322,7.117485882054079,0.04227861453981843,7.117485882054079,0.08641105803216274,1.0,0.048775099893160465,0.3926423911618282,1.0,0.0,0.048868861413724214,0.22033898305084745,0.12917448416037314,3.2188758248682006,4.0943445622221,1.0,5.0,3.4701258344085146
calibration-base-177,base,25,60,diffuse,broad_normal,step,2.0,0.2,iid,0.15,equal,complete,none,0.0,1402663,DIFFUSE_ASYNCHRONOUS,0.7405293061271622,5.423728813559322,8.548799666013506,8.881784197001252e-16,8.548799666013506,0.07397601263432861,1.0,0.06977525938813649,1.454861581808464,1.0,0.0,1.2006302963238728e-15,0.0508474576271186,0.12401299345906666,3.2188758248682006,4.0943445622221,1.0,5.0,13.013486408808221
calibration-base-178,base,25,60,diffuse,broad_normal,step,2.0,0.2,iid,0.15,equal,complete,none,0.0,1410844,DIFFUSE_ASYNCHRONOUS,1.0671100209245554,5.59322033898305,5.597129023051808,1.7763568394002505e-15,5.597129023051808,0.10636940288789254,1.0,0.05391889268362486,0.44827105502754716,1.0,0.0,1.6699885410397877e-15,0.23728813559322032,0.04314193514894817,3.2188758248682006,4.0943445622221,1.0,5.0,13.269424684673808
calibration-base-179,base,25,60,diffuse,broad_normal,step,2.0,0.5,iid,0.15,equal,complete,none,0.0,1418763,DIFFUSE_ASYNCHRONOUS,0.7447960084197651,4.915254237288135,6.562393057169645,8.881784197001252e-16,6.562393057169645,0.07461940201156939,1.0,0.05817475459468699,0.33865728605250733,1.0,0.0,1.1902781257378842e-15,0.2203389830508474,-0.008459826581192572,3.2188758248682006,4.0943445622221,1.0,5.0,13.036589165101708
calibration-base-180,base,25,60,diffuse,broad_normal,logistic,2.0,0.2,iid,0.15,equal,complete,none,0.0,1426420,DIFFUSE_ASYNCHRONOUS,0.6829118428203922,5.084745762711864,7.248088669191567,0.0,7.248088669191567,0.06433180292488927,1.0,0.06423249817968146,0.4217307080631629,1.0,0.0,0.0,0.15254237288135597,-0.03217536716903066,3.2188758248682006,4.0943445622221,1.0,5.0,8.463565716869715
calibration-base-181,base,25,60,diffuse,broad_normal,logistic,2.0,0.2,iid,0.15,equal,complete,none,0.0,1434470,DIFFUSE_ASYNCHRONOUS,0.637607849439845,5.084745762711864,7.672468632495901,8.881784197001252e-16,7.672468632495901,0.06535958917963405,1.0,0.05391889268362504,0.48202697019980123,1.0,0.0,1.3589106523589963e-15,0.13559322033898305,0.005339331625665763,3.2188758248682006,4.0943445622221,1.0,5.0,8.760970209574138
calibration-base-182,base,25,60,diffuse,broad_normal,logistic,2.0,0.2,iid,0.15,equal,complete,none,0.0,1442520,DIFFUSE_ASYNCHRONOUS,0.8212279326363844,5.254237288135593,6.222006038740339,8.881784197001252e-16,6.222006038740339,0.081817897445671,1.0,0.0456990422325461,0.34480399637818493,1.0,0.0,1.0855551748807729e-15,0.23728813559322032,0.05703087864189806,3.2188758248682006,4.0943445622221,1.0,5.0,8.497918557262237
calibration-base-183,base,25,60,diffuse,broad_normal,logistic,2.0,0.5,iid,0.15,equal,complete,none,0.0,1450177,DIFFUSE_ASYNCHRONOUS,0.7768936422671718,4.915254237288135,5.956478001830656,8.881784197001252e-16,5.956478001830656,0.07473019554253765,1.0,0.04310960959605775,0.2593577374711601,1.0,0.0,1.1885134425943788e-15,0.288135593220339,-0.08028260640648761,3.2188758248682006,4.0943445622221,1.0,5.0,6.115533041992627
calibration-base-184,base,25,60,diffuse,broad_normal,logistic,2.0,0.5,iid,0.15,equal,complete,none,0.0,1458358,DIFFUSE_ASYNCHRONOUS,1.0985902130169294,5.254237288135593,5.404238355362446,8.881784197001252e-16,5.404238355362446,0.10611848028812561,1.0,0.039373953365071615,0.28459046986360964,1.0,0.0,8.369686573805093e-16,0.37288135593220334,0.06547708312680364,3.2188758248682006,4.0943445622221,1.0,5.0,6.254663876668184
calibration-base-185,base,25,120,diffuse,broad_normal,step,0.5,0.2,iid,0.15,equal,complete,none,0.0,1466277,DIFFUSE_ASYNCHRONOUS,0.621316095601297,4.621848739495799,7.768854227608089,0.020961666032347153,7.768854227608089,0.062467774491527094,1.0,0.06448554618575394,0.089612640379138,1.0,0.0,0.033537091261884956,0.6974789915966386,-0.18514266069998866,3.2188758248682006,4.787491742782046,1.0,5.0,3.3527411663226037
calibration-base-186,base,25,120,diffuse,broad_normal,step,0.5,0.5,iid,0.15,equal,complete,none,0.0,1474065,DIFFUSE_ASYNCHRONOUS,0.7690423392010948,5.2100840336134455,7.117489021942458,0.02096166603234716,7.117489021942458,0.07808679810840864,1.0,0.05591251034787357,0.07811492785154377,1.0,0.0,0.026834392105161368,1.0,0.03985607365028638,3.2188758248682006,4.787491742782046,1.0,5.0,3.380520939099811
calibration-base-187,base,25,120,diffuse,broad_normal,step,2.0,0.2,iid,0.15,equal,complete,none,0.0,1481853,DIFFUSE_ASYNCHRONOUS,0.7450950372656793,5.04201680672269,7.532440870704873,8.881784197001252e-16,7.532440870704873,0.07408391160446877,1.0,0.04828076946338553,0.1259426497275969,1.0,0.0,1.198881647127485e-15,0.5882352941176471,0.015619007698502703,3.2188758248682006,4.787491742782046,1.0,5.0,13.219675995562483
calibration-base-188,base,25,120,diffuse,broad_normal,step,2.0,0.2,iid,0.15,equal,complete,none,0.0,1489903,DIFFUSE_ASYNCHRONOUS,1.0337116796224375,5.04201680672269,6.4299006637696206,8.881784197001252e-16,6.4299006637696206,0.10389436928404132,1.0,0.03928576584688126,0.5619740884000415,1.0,0.0,8.548860018312405e-16,0.184873949579832,-0.002945372858144132,3.2188758248682006,4.787491742782046,1.0,5.0,13.328083189030488
calibration-base-189,base,25,120,diffuse,broad_normal,step,2.0,0.2,iid,0.15,equal,complete,none,0.0,1497953,DIFFUSE_ASYNCHRONOUS,0.7576829845649135,4.789915966386555,6.4466767685517,4.440892098500626e-16,6.4466767685517,0.07533012344379936,1.0,0.047593491511621185,0.34478018037738933,1.0,0.0,5.895240702497705e-16,0.21848739495798322,-0.07507861604865833,3.2188758248682006,4.787491742782046,1.0,5.0,13.061122124078565
calibration-base-190,base,25,120,diffuse,broad_normal,step,2.0,0.5,iid,0.15,equal,complete,none,0.0,1505741,DIFFUSE_ASYNCHRONOUS,0.8643839899426047,5.126050420168068,6.713465866137359,8.881784197001252e-16,6.713465866137359,0.08742727262951229,1.0,0.03824580348173713,0.35875329113489524,1.0,0.0,1.0159054411589962e-15,0.24369747899159666,0.016579795844687273,3.2188758248682006,4.787491742782046,1.0,5.0,13.505139957412375
calibration-base-191,base,25,120,diffuse,broad_normal,logistic,0.5,0.2,iid,0.15,equal,complete,none,0.0,1513529,DIFFUSE_ASYNCHRONOUS,0.7265816454768415,4.873949579831933,6.394024968682836,0.02096166603234716,6.394024968682836,0.0738434005567795,1.0,0.04327084564248907,0.07919733684985915,1.0,0.0,0.028375217691958485,0.9327731092436975,0.021218535625033137,3.2188758248682006,4.787491742782046,1.0,5.0,3.1614199403422703
calibration-base-192,base,25,120,diffuse,broad_normal,logistic,0.5,0.2,iid,0.15,equal,complete,none,0.0,1521710,DIFFUSE_ASYNCHRONOUS,0.9513889582348264,4.873949579831933,6.221914296164768,0.028565935650379643,6.221914296164768,0.08990058945106177,1.0,0.044179297213076764,0.09389096050938003,1.0,0.0,0.031758997248612635,0.9579831932773109,-0.017671615934694216,3.2188758248682006,4.787491742782046,1.0,5.0,3.074606740674713
calibration-base-193,base,25,120,diffuse,broad_normal,logistic,1.0,0.2,iid,0.15,equal,complete,none,0.0,1529629,DIFFUSE_ASYNCHRONOUS,0.9355402640470463,5.378151260504202,6.634351883738001,1.7763568394002505e-15,6.634351883738001,0.09456914513538546,1.0,0.047455667436253075,0.12644638506866143,1.0,0.0,1.878368295343278e-15,0.7478991596638657,0.13316650205495129,3.2188758248682006,4.787491742782046,1.0,5.0,5.562571188018304
calibration-base-194,base,25,120,diffuse,broad_normal,logistic,2.0,0.2,iid,0.15,equal,complete,none,0.0,1537548,DIFFUSE_ASYNCHRONOUS,0.8185153597743311,4.957983193277311,6.803597464029591,8.881784197001252e-16,6.803597464029591,0.08086391801263011,1.0,0.052296048164375844,0.12661587162503926,1.0,0.0,1.0983618423749896e-15,0.6386554621848739,-0.028218335983186186,3.2188758248682006,4.787491742782046,1.0,5.0,8.43383665608134
calibration-base-195,base,25,120,diffuse,broad_normal,logistic,2.0,0.5,iid,0.15,equal,complete,none,0.0,1545336,DIFFUSE_ASYNCHRONOUS,1.0940657145417965,4.957983193277311,5.434391481149819,8.881784197001252e-16,5.434391481149819,0.10627059672756482,1.0,0.05465229930102691,0.2073147706652494,1.0,0.0,8.357706148738944e-16,0.5126050420168068,-0.0011881929290198856,3.2188758248682006,4.787491742782046,1.0,5.0,6.210460463656336
calibration-base-196,base,25,240,diffuse,broad_normal,step,0.5,0.2,iid,0.15,equal,complete,none,0.0,1553124,DIFFUSE_ASYNCHRONOUS,0.9050561763678624,4.895397489539748,6.539792996695285,0.014223206453536509,6.539792996695285,0.09069026262287624,1.0,0.04493575750194398,0.09425060107714245,1.0,0.0,0.015681350078573207,0.9623430962343097,-0.023816590342849473,3.2188758248682006,5.480638923341991,1.0,5.0,3.409127145015449
calibration-base-197,base,25,240,diffuse,broad_normal,step,0.5,0.2,iid,0.15,equal,complete,none,0.0,1561305,DIFFUSE_ASYNCHRONOUS,0.6754396636719764,5.06276150627615,8.00535635740064,0.010436980158365139,8.00535635740064,0.06741698296853897,1.0,0.07341513353768438,0.06976012841033312,1.0,0.0,0.015479378067004815,0.9665271966527197,0.006014481461104682,3.2188758248682006,5.480638923341991,1.0,5.0,3.332757049363847
calibration-base-198,base,25,240,diffuse,broad_normal,step,1.0,0.2,iid,0.15,equal,complete,none,0.0,1569224,DIFFUSE_ASYNCHRONOUS,0.7161976408310166,4.7698744769874475,6.818485455042484,8.881784197001252e-16,6.818485455042484,0.07171308882218762,1.0,0.06068364520461117,0.23478668806168274,1.0,0.0,1.2385164748688498e-15,0.3054393305439331,-0.0955142661286585,3.2188758248682006,5.480638923341991,1.0,5.0,6.635878988733937
calibration-base-199,base,25,240,diffuse,broad_normal,step,1.0,0.5,iid,0.15,equal,complete,none,0.0,1577012,DIFFUSE_ASYNCHRONOUS,0.8010021834178117,5.481171548117155,7.07958276363973,8.881784197001252e-16,7.07958276363973,0.07965190985299277,1.0,0.07553214634771327,0.2841314396248548,1.0,0.0,1.1150748567603288e-15,0.28033472803347276,0.05541788853651404,3.2188758248682006,5.480638923341991,1.0,5.0,6.687110170046408
calibration-base-200,base,25,240,diffuse,broad_normal,step,1.0,0.5,iid,0.15,equal,complete,none,0.0,1585062,DIFFUSE_ASYNCHRONOUS,0.8634403763274088,5.146443514644352,6.540182215185872,8.881784197001252e-16,6.540182215185872,0.08638707364463462,1.0,0.041836604552044854,0.0874852144113037,1.0,0.0,1.0281381024130673e-15,0.9874476987447698,0.06949059734685041,3.2188758248682006,5.480638923341991,1.0,5.0,6.681263767242705
calibration-base-201,base,25,240,diffuse,broad_normal,step,2.0,0.2,iid,0.15,equal,complete,none,0.0,1592719,DIFFUSE_ASYNCHRONOUS,0.8438470278715072,5.230125523012552,6.564497889746804,8.881784197001252e-16,6.564497889746804,0.08439860541002824,1.0,0.053429884128369416,20.171266692996536,1.0,0.0,1.0523614879477523e-15,0.004184100418410086,0.009553036652115477,3.2188758248682006,5.480638923341991,1.0,5.0,13.637595512167385
calibration-base-202,base,25,240,diffuse,broad_normal,step,2.0,0.2,iid,0.15,equal,complete,none,0.0,1600769,DIFFUSE_ASYNCHRONOUS,1.334825288864868,4.895397489539748,5.637883506478352,8.881784197001252e-16,5.637883506478352,0.13376919125932096,1.0,0.037506101283960175,0.39470168778984827,1.0,0.0,6.639633620706648e-16,0.33891213389121344,0.015303210226686797,3.2188758248682006,5.480638923341991,1.0,5.0,13.338457423045737
calibration-base-203,base,25,240,diffuse,broad_normal,step,2.0,0.5,iid,0.15,equal,complete,none,0.0,1608819,DIFFUSE_ASYNCHRONOUS,0.9047884383072602,4.853556485355648,7.702283048482387,8.881784197001252e-16,7.702283048482387,0.09083195359977397,1.0,0.06276126401633941,0.5168770692939522,1.0,0.0,9.778259571666147e-16,0.17573221757322166,-0.04965073796620864,3.2188758248682006,5.480638923341991,1.0,5.0,13.438428815111676
calibration-base-204,base,25,240,diffuse,broad_normal,logistic,1.0,0.5,iid,0.15,equal,complete,none,0.0,1616607,DIFFUSE_ASYNCHRONOUS,0.7406579570467587,5.2719665271966525,6.06597664482962,0.010436980158365137,6.06597664482962,0.07180620677452158,1.0,0.07243134049968589,0.1100224112009432,1.0,0.0,0.014533392476886588,0.6527196652719665,0.1339229392776455,3.2188758248682006,5.480638923341991,1.0,5.0,4.5180103873730895
calibration-base-205,base,25,240,diffuse,broad_normal,logistic,2.0,0.2,iid,0.15,equal,complete,none,0.0,1624395,DIFFUSE_ASYNCHRONOUS,0.968854885151603,4.937238493723849,6.312362023791327,8.881784197001252e-16,6.312362023791327,0.09678706090536172,1.0,0.03780899850939878,0.11742186576843378,1.0,0.0,9.176623521697649e-16,0.8242677824267781,-0.024493457180039105,3.2188758248682006,5.480638923341991,1.0,5.0,8.685998632964308
calibration-base-206,base,60,60,diffuse,broad_normal,step,0.5,0.2,iid,0.15,equal,complete,none,0.0,1632314,DIFFUSE_ASYNCHRONOUS,0.9354479950452146,5.084745762711864,5.78545363979913,0.04227861453981854,5.78545363979913,0.09514827127575329,1.0,0.04318636729990054,0.15187262763498394,1.0,0.0,0.044390652392066396,0.6271186440677965,-0.023876754091393827,4.0943445622221,4.0943445622221,1.0,5.0,3.381675565407711
calibration-base-207,base,60,60,diffuse,broad_normal,step,0.5,0.2,iid,0.15,equal,complete,none,0.0,1640495,DIFFUSE_ASYNCHRONOUS,0.8737671081260882,5.254237288135593,6.508107209910002,0.04994732712071595,6.508107209910002,0.09115954005005586,1.0,0.03502241156435482,0.09793599979117187,1.0,0.0,0.05470905501191642,0.9322033898305084,0.04913396554593617,4.0943445622221,4.0943445622221,1.0,5.0,3.384683245765444
calibration-base-208,base,60,60,diffuse,broad_normal,step,0.5,0.5,iid,0.15,equal,complete,none,0.0,1648152,DIFFUSE_ASYNCHRONOUS,0.767937803460293,4.915254237288135,7.43549820998787,0.04227861453981865,7.43549820998787,0.07612824018303517,1.0,0.04321789976526684,0.7497479000172304,1.0,0.0,0.055450600079306085,0.10169491525423728,-0.08722136377164745,4.0943445622221,4.0943445622221,1.0,5.0,3.4119728452436564
calibration-base-209,base,60,60,diffuse,broad_normal,step,1.0,0.2,iid,0.15,equal,complete,none,0.0,1656333,DIFFUSE_ASYNCHRONOUS,0.8728882821862504,4.915254237288135,7.041494451777251,8.881784197001252e-16,7.041494451777251,0.08707899176013999,1.0,0.04461067365937848,0.5137660513848257,1.0,0.0,1.0199686534573369e-15,0.1694915254237289,-0.05197120482167008,4.0943445622221,4.0943445622221,1.0,5.0,6.720578082351647
calibration-base-210,base,60,60,diffuse,broad_normal,step,2.0,0.2,iid,0.15,equal,complete,none,0.0,1664121,DIFFUSE_ASYNCHRONOUS,0.8526665082184086,5.084745762711864,6.793884510452929,8.881784197001252e-16,6.793884510452929,0.0845812904926076,1.0,0.04638576137499336,0.5544773487848719,1.0,0.0,1.0500885178356932e-15,0.15254237288135597,-0.0125199480488589,4.0943445622221,4.0943445622221,1.0,5.0,13.14239713833905
calibration-base-211,base,60,60,diffuse,broad_normal,logistic,0.5,0.5,iid,0.15,equal,complete,none,0.0,1671909,DIFFUSE_ASYNCHRONOUS,0.7637734133328411,5.254237288135593,6.108419119705549,0.07495197266339905,6.108419119705549,0.08051194362632116,1.0,0.0449771091914334,0.21685200803411933,1.0,0.0,0.09269342943793102,0.3728813559322034,0.12849290877952438,4.0943445622221,4.0943445622221,1.0,5.0,2.847877891395918
calibration-base-212,base,60,60,diffuse,broad_normal,logistic,1.0,0.2,iid,0.15,equal,complete,none,0.0,1679828,DIFFUSE_ASYNCHRONOUS,0.8725165241904057,5.084745762711864,6.6979431972809405,8.881784197001252e-16,6.6979431972809405,0.08610723694666089,1.0,0.039632107190341284,0.14515219942437121,1.0,0.0,1.0314794100875715e-15,0.5932203389830508,0.008201228024001375,4.0943445622221,4.0943445622221,1.0,5.0,5.625475565875183
calibration-base-213,base,60,60,diffuse,broad_normal,logistic,1.0,0.2,iid,0.15,equal,complete,none,0.0,1687878,DIFFUSE_ASYNCHRONOUS,0.7839184999817994,5.084745762711864,6.693439177170912,8.881784197001252e-16,6.693439177170912,0.07662139727400487,1.0,0.04552118701405487,0.3767218699305239,1.0,0.0,1.1591780511701203e-15,0.20338983050847456,0.010565050914774755,4.0943445622221,4.0943445622221,1.0,5.0,5.61316409113475
calibration-base-214,base,60,60,diffuse,broad_normal,logistic,1.0,0.2,iid,0.15,equal,complete,none,0.0,1695928,DIFFUSE_ASYNCHRONOUS,1.025176018065842,4.915254237288135,6.160934968278454,8.881784197001252e-16,6.160934968278454,0.10292569712468744,1.0,0.03523040760435176,0.6072616130356561,1.0,0.0,8.629316531362988e-16,0.16949152542372875,-0.06389924363987151,4.0943445622221,4.0943445622221,1.0,5.0,5.765434144509121
calibration-base-215,base,60,60,diffuse,broad_normal,logistic,1.0,0.5,iid,0.15,equal,complete,none,0.0,1703585,DIFFUSE_ASYNCHRONOUS,0.8689385193289427,5.084745762711864,5.782485949738553,8.881784197001252e-16,5.782485949738553,0.09228948013664526,1.0,0.04802663486492787,0.18150264426873566,1.0,0.0,9.62383164782242e-16,0.5084745762711865,-0.017095275908653423,4.0943445622221,4.0943445622221,1.0,5.0,4.820887477797488
calibration-base-216,base,60,120,diffuse,broad_normal,step,0.5,0.2,iid,0.15,equal,complete,none,0.0,1711504,DIFFUSE_ASYNCHRONOUS,0.886457961892142,5.126050420168068,6.883029221850576,0.020961666032347157,6.883029221850576,0.08863621068872332,1.0,0.04307387967441004,0.09679502954721268,1.0,0.0,0.023642489460686346,0.9159663865546219,0.02050336896426941,4.0943445622221,4.787491742782046,1.0,5.0,3.3679828455160092
calibration-base-217,base,60,120,diffuse,broad_normal,step,0.5,0.5,iid,0.15,equal,complete,none,0.0,1719554,DIFFUSE_ASYNCHRONOUS,0.9775844395850913,4.789915966386555,6.128219378481965,0.02096166603234716,6.128219378481965,0.0973439734302781,1.0,0.032870827057523866,0.11034874513575597,1.0,0.0,0.0215286134948193,0.8823529411764707,-0.012091323252971119,4.0943445622221,4.787491742782046,1.0,5.0,3.345568628202045
calibration-base-218,base,60,120,diffuse,broad_normal,step,0.5,0.5,iid,0.15,equal,complete,none,0.0,1727604,DIFFUSE_ASYNCHRONOUS,0.7747232176265048,5.04201680672269,6.564678874675801,0.028565935650379945,6.564678874675801,0.07800806132999813,1.0,0.032584377490135916,0.08220514408803338,1.0,0.0,0.03659468191240242,0.9495798319327733,-0.039648876920385545,4.0943445622221,4.787491742782046,1.0,5.0,3.32072398751866
calibration-base-219,base,60,120,diffuse,broad_normal,step,1.0,0.2,iid,0.15,equal,complete,none,0.0,1735523,DIFFUSE_ASYNCHRONOUS,0.80794101306257,4.789915966386555,6.783535268299039,8.881784197001252e-16,6.783535268299039,0.08091542001737642,1.0,0.0355646503605487,0.2602414860018323,1.0,0.0,1.097662744022574e-15,0.3109243697478992,-0.06304183561155027,4.0943445622221,4.787491742782046,1.0,5.0,6.635779357571977
calibration-base-220,base,60,120,diffuse,broad_normal,step,1.0,0.5,iid,0.15,equal,complete,none,0.0,1743311,DIFFUSE_ASYNCHRONOUS,0.954149501512997,5.2100840336134455,6.704661404266634,8.881784197001252e-16,6.704661404266634,0.09537095280856069,1.0,0.03634919697702812,0.4539657353687489,1.0,0.0,9.312881894794288e-16,0.21008403361344535,0.07627396418239096,4.0943445622221,4.787491742782046,1.0,5.0,6.692469856034734
calibration-base-221,base,60,120,diffuse,broad_normal,step,1.0,0.5,iid,0.15,equal,complete,none,0.0,1751361,DIFFUSE_ASYNCHRONOUS,0.9466061581265574,5.04201680672269,6.129680965741974,8.881784197001252e-16,6.129680965741974,0.09464098530643711,1.0,0.03881729310900198,0.5927514342876852,1.0,0.0,9.384712308565904e-16,0.15966386554621845,-0.030820025168881517,4.0943445622221,4.787491742782046,1.0,5.0,6.651115922717008
calibration-base-222,base,60,120,diffuse,broad_normal,step,2.0,0.5,iid,0.15,equal,complete,none,0.0,1759280,DIFFUSE_ASYNCHRONOUS,1.1030900810108801,5.126050420168068,6.094481299149053,8.881784197001252e-16,6.094481299149053,0.11037436500909466,1.0,0.03954785026517771,0.3203548642946893,1.0,0.0,8.046962894209546e-16,0.3445378151260505,0.060517202618594675,4.0943445622221,4.787491742782046,1.0,5.0,13.555884634488782
calibration-base-223,base,60,120,diffuse,broad_normal,logistic,0.5,0.5,iid,0.15,equal,complete,none,0.0,1766937,DIFFUSE_ASYNCHRONOUS,0.9864295548359929,5.126050420168068,5.534829495294987,0.037161062076811274,5.534829495294987,0.1025350704412193,1.0,0.03309920445989566,0.1795541797882494,1.0,0.0,0.036218515609668704,0.5714285714285715,0.06646264153084279,4.0943445622221,4.787491742782046,1.0,5.0,2.881375851597716
calibration-base-224,base,60,120,diffuse,broad_normal,logistic,0.5,0.5,iid,0.15,equal,complete,none,0.0,1774987,DIFFUSE_ASYNCHRONOUS,0.7814322758720753,4.957983193277311,5.906674069128277,0.03954219707075265,5.906674069128277,0.07674020691870773,1.0,0.044535242974915325,0.08964901706089963,1.0,0.0,0.05145908428407311,0.8571428571428573,-0.01683088283863034,4.0943445622221,4.787491742782046,1.0,5.0,2.807074996199118
calibration-base-225,base,60,120,diffuse,broad_normal,logistic,1.0,0.2,iid,0.15,equal,complete,none,0.0,1782906,DIFFUSE_ASYNCHRONOUS,0.8358752297715744,4.873949579831933,6.615668266584809,6.661338147750939e-16,6.615668266584809,0.08332144537760808,1.0,0.042767956736780105,0.49576259999676814,1.0,0.0,7.99474627157766e-16,0.1680672268907563,-0.06567218569246588,4.0943445622221,4.787491742782046,1.0,5.0,5.6731684494640575
calibration-base-226,base,60,120,diffuse,broad_normal,logistic,2.0,0.2,iid,0.15,equal,complete,none,0.0,1790956,DIFFUSE_ASYNCHRONOUS,0.7905666995375609,4.873949579831933,6.755565831805197,8.881784197001252e-16,6.755565831805197,0.07962415833697487,1.0,0.04120259705371418,0.30565402716451645,1.0,0.0,1.1154634953141906e-15,0.26050420168067223,-0.03619093641956686,4.0943445622221,4.787491742782046,1.0,5.0,8.531955315716601
calibration-base-227,base,60,120,diffuse,broad_normal,logistic,2.0,0.5,iid,0.15,equal,complete,none,0.0,1798613,DIFFUSE_ASYNCHRONOUS,0.931970311335667,5.04201680672269,5.675941151034174,8.881784197001252e-16,5.675941151034174,0.09264300949629428,1.0,0.04043781371799903,0.3149862322874005,1.0,0.0,9.587106728604842e-16,0.29411764705882354,0.002834690971858477,4.0943445622221,4.787491742782046,1.0,5.0,6.1906245482929485
calibration-base-228,base,60,120,diffuse,broad_normal,logistic,2.0,0.5,iid,0.15,equal,complete,none,0.0,1806663,DIFFUSE_ASYNCHRONOUS,0.740297881309156,5.126050420168068,6.034871933357149,8.881784197001252e-16,6.034871933357149,0.07173603294976207,1.0,0.04339778502735422,0.20325209335765917,1.0,0.0,1.2381203464681848e-15,0.3529411764705882,0.028275627671242132,4.0943445622221,4.787491742782046,1.0,5.0,6.174998354190977
calibration-base-229,base,60,120,diffuse,broad_normal,logistic,2.0,0.5,iid,0.15,equal,complete,none,0.0,1814713,DIFFUSE_ASYNCHRONOUS,1.0030065922397613,4.957983193277311,5.6145481212977515,8.881784197001252e-16,5.6145481212977515,0.09749911251175651,1.0,0.04669900159673364,0.26369078156588693,1.0,0.0,9.109605173001222e-16,0.3697478991596639,-0.03157150541376657,4.0943445622221,4.787491742782046,1.0,5.0,6.108495521939199
calibration-base-230,base,60,240,diffuse,broad_normal,step,0.5,0.2,iid,0.15,equal,complete,none,0.0,1822501,DIFFUSE_ASYNCHRONOUS,0.7743651623197424,5.06276150627615,6.827732933491708,0.010436980158365137,6.827732933491708,0.07740255939295584,1.0,0.04229937235846452,0.07974523005096021,1.0,0.0,0.013482798953094597,0.9707112970711297,0.001632867045211338,4.0943445622221,5.480638923341991,1.0,5.0,3.362350304034254
calibration-base-231,base,60,240,diffuse,broad_normal,step,0.5,0.2,iid,0.15,equal,complete,none,0.0,1830551,DIFFUSE_ASYNCHRONOUS,0.8591347642309752,5.104602510460251,6.7270918987350345,0.01043698015836536,6.7270918987350345,0.08597019789628256,1.0,0.042589238755227306,0.09602052053360577,1.0,0.0,0.01213933592171316,0.895397489539749,-0.025380122732788026,4.0943445622221,5.480638923341991,1.0,5.0,3.315327699062796
calibration-base-232,base,60,240,diffuse,broad_normal,step,0.5,0.5,iid,0.15,equal,complete,none,0.0,1838208,DIFFUSE_ASYNCHRONOUS,0.8804706990752162,4.811715481171548,6.774102685377916,0.010436980158365358,6.774102685377916,0.0879445256775299,1.0,0.04347192021228742,0.0951141255444127,1.0,0.0,0.011866850350450075,0.9246861924686192,-0.06435252191948676,4.0943445622221,5.480638923341991,1.0,5.0,3.3842265859085403
calibration-base-233,base,60,240,diffuse,broad_normal,step,1.0,0.2,iid,0.15,equal,complete,none,0.0,1846389,DIFFUSE_ASYNCHRONOUS,0.8595375261445204,5.06276150627615,6.863856362862735,8.881784197001252e-16,6.863856362862735,0.08602516226275955,1.0,0.03505209316034063,0.16991746926280607,1.0,0.0,1.0324635215301643e-15,0.506276150627615,0.0019288712710030203,4.0943445622221,5.480638923341991,1.0,5.0,6.647761608202604
calibration-base-234,base,60,240,diffuse,broad_normal,step,1.0,0.5,iid,0.15,equal,complete,none,0.0,1854177,DIFFUSE_ASYNCHRONOUS,0.9411314923149274,5.230125523012552,6.519902048701523,8.881784197001252e-16,6.519902048701523,0.09397743720308376,1.0,0.04075639496172863,0.12478115273076122,1.0,0.0,9.450975107788753e-16,0.7531380753138075,0.015398511634988716,4.0943445622221,5.480638923341991,1.0,5.0,6.712563443824926
calibration-base-235,base,60,240,diffuse,broad_normal,step,2.0,0.2,iid,0.15,equal,complete,none,0.0,1861965,DIFFUSE_ASYNCHRONOUS,0.8876049341851594,4.728033472803347,6.9127344664421875,8.881784197001252e-16,6.9127344664421875,0.08878512546457892,1.0,0.038427021418801964,0.2100954949112313,1.0,0.0,1.0003684908396807e-15,0.4225941422594143,-0.09434964730413735,4.0943445622221,5.480638923341991,1.0,5.0,13.27371251453431
calibration-base-236,base,60,240,diffuse,broad_normal,step,2.0,0.2,iid,0.15,equal,complete,none,0.0,1870015,DIFFUSE_ASYNCHRONOUS,0.9205918653042415,5.02092050209205,6.131393659519767,8.881784197001252e-16,6.131393659519767,0.09198243035257488,1.0,0.031039387574295557,0.16910616041742613,1.0,0.0,9.655957298537094e-16,0.5439330543933054,-0.036299123570158104,4.0943445622221,5.480638923341991,1.0,5.0,13.348115841531001
calibration-base-237,base,60,240,diffuse,broad_normal,step,2.0,0.5,iid,0.15,equal,complete,none,0.0,1877803,DIFFUSE_ASYNCHRONOUS,1.1131244943305274,4.97907949790795,5.855002926637373,8.881784197001252e-16,5.855002926637373,0.11125529219377064,1.0,0.03417039754858015,0.3853625338305969,1.0,0.0,7.983246479216525e-16,0.28870292887029286,-0.04222648216086425,4.0943445622221,5.480638923341991,1.0,5.0,13.23449752043936
calibration-base-238,base,60,240,diffuse,broad_normal,step,2.0,0.5,iid,0.15,equal,complete,none,0.0,1885853,DIFFUSE_ASYNCHRONOUS,0.8718779804546564,4.853556485355648,6.842578556743447,8.881784197001252e-16,6.842578556743447,0.08719263271392867,1.0,0.04146992561530827,0.4086086121299795,1.0,0.0,1.0186392956090226e-15,0.21338912133891214,-0.04861282747769071,4.0943445622221,5.480638923341991,1.0,5.0,13.14574600846853
calibration-base-239,base,60,240,diffuse,broad_normal,logistic,0.5,0.2,iid,0.15,equal,complete,none,0.0,1893772,DIFFUSE_ASYNCHRONOUS,0.9379059060528463,5.06276150627615,6.501853718958415,0.015278174546866639,6.501853718958415,0.09269574165158785,1.0,0.033269403855280294,0.09509567060262385,1.0,0.0,0.01647982903430642,0.9748953974895397,-0.02147688597221958,4.0943445622221,5.480638923341991,1.0,5.0,3.0913098942400454
calibration-base-240,base,60,240,diffuse,broad_normal,logistic,0.5,0.2,iid,0.15,equal,complete,none,0.0,1901822,DIFFUSE_ASYNCHRONOUS,0.8317586552357282,5.104602510460251,6.763780293555644,0.014223206453536509,6.763780293555644,0.08570301851154531,1.0,0.040258745234045885,0.09227856754263915,1.0,0.0,0.01659363741706851,0.9288702928870294,0.025067350146697705,4.0943445622221,5.480638923341991,1.0,5.0,3.103060245372475
calibration-base-241,base,60,240,diffuse,broad_normal,logistic,1.0,0.2,iid,0.15,equal,complete,none,0.0,1909741,DIFFUSE_ASYNCHRONOUS,0.9347123455408393,4.97907949790795,6.0827610780229895,8.881784197001252e-16,6.0827610780229895,0.09367908686500766,1.0,0.03178736507325731,0.1646272188289473,1.0,0.0,9.481074692583177e-16,0.5690376569037656,-0.03317938315135291,4.0943445622221,5.480638923341991,1.0,5.0,5.63928822606152
calibration-base-242,base,60,240,diffuse,broad_normal,logistic,1.0,0.5,iid,0.15,equal,complete,none,0.0,1917529,DIFFUSE_ASYNCHRONOUS,0.9360459830002257,4.97907949790795,5.758609153856619,1.7763568394002505e-15,5.758609153856619,0.09090393490818682,1.0,0.03985317620764879,0.0928463266797293,1.0,0.0,1.954103352285437e-15,0.9790794979079497,-0.015608373480175214,4.0943445622221,5.480638923341991,1.0,5.0,4.586043350779098
calibration-base-243,base,120,60,diffuse,broad_normal,step,2.0,0.2,iid,0.15,equal,complete,none,0.0,1925448,DIFFUSE_ASYNCHRONOUS,0.8032860404311789,5.084745762711864,7.1100836449416756,8.881784197001252e-16,7.1100836449416756,0.08044042619258204,1.0,0.040108617625564495,0.47459851453623403,1.0,0.0,1.104144348481871e-15,0.1694915254237288,-0.0012264333165821102,4.787491742782046,4.0943445622221,1.0,5.0,13.28821783102777
calibration-base-244,base,120,60,diffuse,broad_normal,step,2.0,0.5,iid,0.15,equal,complete,none,0.0,1933367,DIFFUSE_ASYNCHRONOUS,0.8958693226893003,5.254237288135593,6.8331415170741545,8.881784197001252e-16,6.8331415170741545,0.0893919401113826,1.0,0.03570924514346345,0.43951037221429784,1.0,0.0,9.935777415653496e-16,0.20338983050847456,0.023681145188676735,4.787491742782046,4.0943445622221,1.0,5.0,13.270978992555332
calibration-base-245,base,120,60,diffuse,broad_normal,logistic,0.5,0.5,iid,0.15,equal,complete,none,0.0,1941417,DIFFUSE_ASYNCHRONOUS,0.9104271344694378,4.915254237288135,5.560893401460559,0.07495197266339891,5.560893401460559,0.09630738557120457,1.0,0.0328438217582546,0.14998204468302434,1.0,0.0,0.07759115426619108,0.6440677966101694,-0.009619001537226734,4.787491742782046,4.0943445622221,1.0,5.0,2.7995245979885732
calibration-base-246,base,120,60,diffuse,broad_normal,logistic,1.0,0.2,iid,0.15,equal,complete,none,0.0,1949205,DIFFUSE_ASYNCHRONOUS,0.9464561056092851,5.084745762711864,6.447158725444099,8.881784197001252e-16,6.447158725444099,0.09329724186246155,1.0,0.03929336870217201,0.4587114391571025,1.0,0.0,9.519878637028463e-16,0.20338983050847462,0.0013465817581374854,4.787491742782046,4.0943445622221,1.0,5.0,5.70143842570754
calibration-base-247,base,120,60,diffuse,broad_normal,logistic,1.0,0.2,iid,0.15,equal,complete,none,0.0,1957255,DIFFUSE_ASYNCHRONOUS,0.8630411652060141,5.084745762711864,6.721215544305069,8.881784197001252e-16,6.721215544305069,0.08702169857119452,1.0,0.03784880191960011,0.570475579522275,1.0,0.0,1.0206401785796969e-15,0.15254237288135597,0.030509149033136694,4.787491742782046,4.0943445622221,1.0,5.0,5.683282030957539
calibration-base-248,base,120,60,diffuse,broad_normal,logistic,1.0,0.5,iid,0.15,equal,complete,none,0.0,1964912,DIFFUSE_ASYNCHRONOUS,1.0117547094082056,5.084745762711864,5.6306802671799,8.881784197001252e-16,5.6306802671799,0.10062198837565808,1.0,0.031282781045947824,0.24736238809015945,1.0,0.0,8.826882016922939e-16,0.4067796610169491,-0.02731265384509135,4.787491742782046,4.0943445622221,1.0,5.0,4.723541583297895
calibration-base-249,base,120,60,diffuse,broad_normal,logistic,1.0,0.5,iid,0.15,equal,complete,none,0.0,1972962,DIFFUSE_ASYNCHRONOUS,0.9018367092152518,5.084745762711864,5.727808505763259,8.881784197001252e-16,5.727808505763259,0.08628544830113709,1.0,0.03685746792684264,0.2545420724883544,1.0,0.0,1.0293490237199365e-15,0.3389830508474576,-0.00795765891545793,4.787491742782046,4.0943445622221,1.0,5.0,4.60785765669057
calibration-base-250,base,120,60,diffuse,broad_normal,logistic,2.0,0.2,iid,0.15,equal,complete,none,0.0,1980881,DIFFUSE_ASYNCHRONOUS,0.9104962989197782,4.915254237288135,6.509771173765582,8.881784197001252e-16,6.509771173765582,0.0906862158980191,1.0,0.03835268011646752,0.4864078852711933,1.0,0.0,9.793973768835204e-16,0.18644067796610173,-0.020824557127007325,4.787491742782046,4.0943445622221,1.0,5.0,8.622361604818643
calibration-base-251,base,120,60,diffuse,broad_normal,logistic,2.0,0.2,iid,0.15,equal,complete,none,0.0,1988931,DIFFUSE_ASYNCHRONOUS,0.8923098905183415,4.915254237288135,7.013503846990395,8.881784197001252e-16,7.013503846990395,0.08772437295380099,1.0,0.04687279648093525,0.7393911434677509,1.0,0.0,1.0124648256737884e-15,0.11864406779661021,-0.06058029209789695,4.787491742782046,4.0943445622221,1.0,5.0,8.71519741310398
calibration-base-252,base,120,120,diffuse,broad_normal,step,0.5,0.2,iid,0.15,equal,complete,none,0.0,1996850,DIFFUSE_ASYNCHRONOUS,0.9738327236819582,5.2100840336134455,5.975337264634403,0.0247638008413634,5.975337264634403,0.09754930813768013,1.0,0.027137984083057738,0.10461358149813198,1.0,0.0,0.025377755832644584,0.9327731092436975,0.05046849285138714,4.787491742782046,4.787491742782046,1.0,5.0,3.318201324400367
calibration-base-253,base,120,120,diffuse,broad_normal,step,0.5,0.5,iid,0.15,equal,complete,none,0.0,2004507,DIFFUSE_ASYNCHRONOUS,0.8383467490694935,5.126050420168068,6.488645126477491,0.020961666032347157,6.488645126477491,0.08364897968234418,1.0,0.03667119782293393,0.12604244947191964,1.0,0.0,0.025051217231312088,0.6638655462184874,0.006748952731383876,4.787491742782046,4.787491742782046,1.0,5.0,3.404547333248784
calibration-base-254,base,120,120,diffuse,broad_normal,step,2.0,0.2,iid,0.15,equal,complete,none,0.0,2012426,DIFFUSE_ASYNCHRONOUS,0.9018866191114068,5.126050420168068,6.793898095390137,8.881784197001252e-16,6.793898095390137,0.08991004871579908,1.0,0.03444255673742503,0.3146851705052968,1.0,0.0,9.878522282949821e-16,0.2857142857142857,0.03747703228924663,4.787491742782046,4.787491742782046,1.0,5.0,13.390040908034518
calibration-base-255,base,120,120,diffuse,broad_normal,logistic,0.5,0.2,iid,0.15,equal,complete,none,0.0,2020607,DIFFUSE_ASYNCHRONOUS,0.8681339839060014,5.04201680672269,6.473891228482828,0.03068473711513525,6.473891228482828,0.08640080314795624,1.0,0.03609347400006575,0.17146962577007155,1.0,0.0,0.03549203637186712,0.504201680672269,-0.013155920053777507,4.787491742782046,4.787491742782046,1.0,5.0,3.1214286655307104
calibration-base-256,base,120,120,diffuse,broad_normal,logistic,0.5,0.5,iid,0.15,equal,complete,none,0.0,2028264,DIFFUSE_ASYNCHRONOUS,0.8892832896673354,5.04201680672269,5.878316497563236,0.041923332064694105,5.878316497563236,0.088844297985285,1.0,0.035617823127893466,0.08894315567941234,1.0,0.0,0.04713497260632736,1.0,-0.014067248436514426,4.787491742782046,4.787491742782046,1.0,5.0,2.767811132079526
calibration-base-257,base,120,120,diffuse,broad_normal,logistic,1.0,0.2,iid,0.15,equal,complete,none,0.0,2036445,DIFFUSE_ASYNCHRONOUS,0.7517531052034963,4.957983193277311,6.982391078748613,8.881784197001252e-16,6.982391078748613,0.07507495985931907,1.0,0.04283233311545263,0.7444933519382474,1.0,0.0,1.1830554706448843e-15,0.10084033613445378,-0.03786700231219078,4.787491742782046,4.787491742782046,1.0,5.0,5.672299814421921
calibration-base-258,base,120,240,diffuse,broad_normal,step,0.5,0.5,iid,0.15,equal,complete,none,0.0,2044102,DIFFUSE_ASYNCHRONOUS,0.8525676885563963,4.937238493723849,7.067435550707485,0.01043698015836536,7.067435550707485,0.08521423111220336,1.0,0.03452825588378513,0.11981016919944072,1.0,0.0,0.012247012353531973,0.7112970711297072,-0.0220312695037279,4.787491742782046,5.480638923341991,1.0,5.0,3.3442535668040474
calibration-base-259,base,120,240,diffuse,broad_normal,step,1.0,0.2,iid,0.15,equal,complete,none,0.0,2052152,DIFFUSE_ASYNCHRONOUS,0.951958742420069,5.104602510460251,6.766350731938677,8.881784197001252e-16,6.766350731938677,0.09530443866151508,1.0,0.03435126618970031,0.10496663981613874,1.0,0.0,9.319381470306911e-16,0.907949790794979,0.03793546304962208,4.787491742782046,5.480638923341991,1.0,5.0,6.664952406642302
calibration-base-260,base,120,240,diffuse,broad_normal,step,1.0,0.5,iid,0.15,equal,complete,none,0.0,2059940,DIFFUSE_ASYNCHRONOUS,0.8840577809597459,4.937238493723849,7.127423998566464,8.881784197001252e-16,7.127423998566464,0.08834877035818699,1.0,0.04175478980016505,0.5150086857465048,1.0,0.0,1.0053093168124899e-15,0.17154811715481166,-0.031025300860585057,4.787491742782046,5.480638923341991,1.0,5.0,6.627491380944864
calibration-base-261,base,120,240,diffuse,broad_normal,step,2.0,0.5,iid,0.15,equal,complete,none,0.0,2067990,DIFFUSE_ASYNCHRONOUS,1.0108908369168443,5.02092050209205,7.127739555318607,8.881784197001252e-16,7.127739555318607,0.10103394468147213,1.0,0.04237019804242775,0.7789391218990913,1.0,0.0,8.790891244524492e-16,0.12970711297071133,-0.006808059907616584,4.787491742782046,5.480638923341991,1.0,5.0,13.188482693746897
calibration-base-262,base,120,240,diffuse,broad_normal,logistic,0.5,0.5,iid,0.15,equal,complete,none,0.0,2076040,DIFFUSE_ASYNCHRONOUS,0.9307070938944659,4.97907949790795,5.8599058351440485,0.02068589121603523,5.8599058351440485,0.08959876048295247,1.0,0.03479591941727633,0.0956241521455269,1.0,0.0,0.023081101008970237,0.9372384937238494,-0.003615299027773495,4.787491742782046,5.480638923341991,1.0,5.0,2.7455335103718324
calibration-base-263,base,120,240,diffuse,broad_normal,logistic,1.0,0.5,iid,0.15,equal,complete,none,0.0,2083828,DIFFUSE_ASYNCHRONOUS,0.9593612107021683,5.06276150627615,5.546147622187037,1.1102230246251565e-15,5.546147622187037,0.09201083616542621,1.0,0.033291302905480054,0.11050547660068777,1.0,0.0,1.206622035940514e-15,0.8326359832635983,0.02126884326101816,4.787491742782046,5.480638923341991,1.0,5.0,4.585862055880767
calibration-base-264,base,120,240,diffuse,broad_normal,logistic,2.0,0.5,iid,0.15,equal,complete,none,0.0,2091878,DIFFUSE_ASYNCHRONOUS,0.9482847165908453,5.06276150627615,5.703617052846841,8.881784197001252e-16,5.703617052846841,0.09136816229206982,1.0,0.03438747848736844,0.1417986414792512,1.0,0.0,9.72087428945929e-16,0.6443514644351465,0.016063420204617592,4.787491742782046,5.480638923341991,1.0,5.0,6.163167299553914
calibration-base-265,base,25,60,diffuse,uniform,step,0.5,0.5,iid,0.15,equal,complete,none,0.0,2099666,DIFFUSE_ASYNCHRONOUS,1.0552410558018492,5.762711864406779,5.947726244708505,0.05761603970161324,5.947726244708505,0.10657613701155517,1.0,0.048245509990008865,0.16146599921357474,1.0,0.0,0.05398209353833648,0.6610169491525424,0.2512872059825664,3.2188758248682006,4.0943445622221,1.0,5.0,3.4409779001159126
calibration-base-266,base,25,60,diffuse,uniform,step,1.0,0.2,iid,0.15,equal,complete,none,0.0,2107716,DIFFUSE_ASYNCHRONOUS,1.2430711649597428,5.254237288135593,4.822240468062284,8.881784197001252e-16,4.822240468062284,0.12606523985539753,1.0,0.03661699946188739,0.19071408080688343,1.0,0.0,7.045387140173656e-16,0.6610169491525424,0.15732515836320382,3.2188758248682006,4.0943445622221,1.0,5.0,6.695525730884275
calibration-base-267,base,25,60,diffuse,uniform,step,2.0,0.2,iid,0.15,equal,complete,none,0.0,2115373,DIFFUSE_ASYNCHRONOUS,1.079403989730163,6.271186440677965,5.50721406618242,8.881784197001252e-16,5.50721406618242,0.10913780298420124,2.0,0.050642182095372267,0.45993788400484825,1.0,0.0,8.138137248636916e-16,0.23728813559322023,0.30318314320617357,3.2188758248682006,4.0943445622221,1.0,5.0,13.643528482718617
calibration-base-268,base,25,60,diffuse,uniform,step,2.0,0.2,iid,0.15,equal,complete,none,0.0,2123554,DIFFUSE_ASYNCHRONOUS,1.1566021125455435,5.423728813559322,5.172641562845855,8.881784197001252e-16,5.172641562845855,0.11560067573750646,2.0,0.04414957196120182,0.4871742763223487,1.0,0.0,7.683159410909544e-16,0.2372881355932203,0.07280600207747757,3.2188758248682006,4.0943445622221,1.0,5.0,13.551420526367828
calibration-base-269,base,25,60,diffuse,uniform,step,2.0,0.5,iid,0.15,equal,complete,none,0.0,2131211,DIFFUSE_ASYNCHRONOUS,1.263780932449312,5.762711864406779,4.401632812131433,1.3322676295501878e-15,4.401632812131433,0.1264474937954836,2.0,0.03661699946188743,0.3552572444730253,1.0,0.0,1.0536133137640514e-15,0.3559322033898305,0.04047871548127132,3.2188758248682006,4.0943445622221,1.0,5.0,13.315477430891479
calibration-base-270,base,25,60,diffuse,uniform,step,2.0,0.5,iid,0.15,equal,complete,none,0.0,2139261,DIFFUSE_ASYNCHRONOUS,1.11594786614193,5.59322033898305,5.648089408172321,8.881784197001252e-16,5.648089408172321,0.11250152413663209,2.0,0.04060071898613232,0.3687549957811829,1.0,0.0,7.894812328244021e-16,0.30508474576271183,0.04683172060334788,3.2188758248682006,4.0943445622221,1.0,5.0,13.747854624607813
calibration-base-271,base,25,60,diffuse,uniform,logistic,0.5,0.2,iid,0.15,equal,complete,none,0.0,2147049,DIFFUSE_ASYNCHRONOUS,1.0451906276564045,5.59322033898305,4.84710751477069,0.05761603970161339,4.84710751477069,0.10413298411671826,1.0,0.053487030063612453,0.11187714631580747,1.0,0.0,0.05524479231888059,0.9322033898305084,0.0996522334038888,3.2188758248682006,4.0943445622221,1.0,5.0,3.0062983689811857
calibration-base-272,base,25,60,diffuse,uniform,logistic,1.0,0.2,iid,0.15,equal,complete,none,0.0,2154968,DIFFUSE_ASYNCHRONOUS,1.0969915730834434,5.423728813559322,5.727181762963345,8.881784197001252e-16,5.727181762963345,0.10926828267338726,1.0,0.04096948492922246,0.20146339617905779,1.0,0.0,8.12841931775363e-16,0.5423728813559322,0.09587636550019196,3.2188758248682006,4.0943445622221,1.0,5.0,5.862456216817158
calibration-base-273,base,25,60,diffuse,uniform,logistic,2.0,0.2,iid,0.15,equal,complete,none,0.0,2163018,DIFFUSE_ASYNCHRONOUS,1.1566534435579743,5.254237288135593,5.217311363752078,8.881784197001252e-16,5.217311363752078,0.1164445019479164,1.0,0.056699925680365734,0.36159082183826674,1.0,0.0,7.627482662061554e-16,0.3220338983050847,0.12591494300163883,3.2188758248682006,4.0943445622221,1.0,5.0,8.595635605741723
calibration-base-274,base,25,60,diffuse,uniform,logistic,2.0,0.2,iid,0.15,equal,complete,none,0.0,2171068,DIFFUSE_ASYNCHRONOUS,1.0929440521935747,5.084745762711864,5.518401366413733,8.881784197001252e-16,5.518401366413733,0.10705426084874844,1.0,0.030515987828240075,0.37154125823977413,1.0,0.0,8.29652563717186e-16,0.28813559322033894,-0.003140359699637402,3.2188758248682006,4.0943445622221,1.0,5.0,8.583969548534021
calibration-base-275,base,25,60,diffuse,uniform,logistic,2.0,0.5,iid,0.15,equal,complete,none,0.0,2178856,DIFFUSE_ASYNCHRONOUS,1.0694823221625924,5.423728813559322,5.386619926867646,8.881784197001252e-16,5.386619926867646,0.09841957097340402,1.0,0.04796106133965347,0.44667343749467975,1.0,0.0,9.02440856951244e-16,0.22033898305084748,0.08205945884552897,3.2188758248682006,4.0943445622221,1.0,5.0,6.098934672682105
calibration-base-276,base,25,120,diffuse,uniform,step,0.5,0.5,iid,0.15,equal,complete,none,0.0,2186775,DIFFUSE_ASYNCHRONOUS,1.377506901054186,4.957983193277311,4.40608728017684,0.020961666032346938,4.40608728017684,0.13824369154790145,2.0,0.03355136220239594,0.15376533012698623,1.0,0.0,0.015161094548069517,0.8991596638655462,0.04975936897183651,3.2188758248682006,4.787491742782046,1.0,5.0,3.43854088532691
calibration-base-277,base,25,120,diffuse,uniform,step,0.5,0.5,iid,0.15,equal,complete,none,0.0,2194825,DIFFUSE_ASYNCHRONOUS,1.1986261117170036,5.546218487394959,5.169394228432803,0.028565935650379643,5.169394228432803,0.12021766751064233,2.0,0.03252935647375553,0.2751911654010587,1.0,0.0,0.023755139432179457,0.4369747899159665,0.07912873074212201,3.2188758248682006,4.787491742782046,1.0,5.0,3.2689312133518302
calibration-base-278,base,25,120,diffuse,uniform,step,1.0,0.2,iid,0.15,equal,complete,none,0.0,2202482,DIFFUSE_ASYNCHRONOUS,1.071285149855945,5.04201680672269,5.461168703611735,8.881784197001252e-16,5.461168703611735,0.10758928250944015,1.0,0.0392153588569845,0.1580632668965849,1.0,0.0,8.255268545193562e-16,0.680672268907563,0.011051999373528937,3.2188758248682006,4.787491742782046,1.0,5.0,6.593072122271323
calibration-base-279,base,25,120,diffuse,uniform,step,1.0,0.2,iid,0.15,equal,complete,none,0.0,2210532,DIFFUSE_ASYNCHRONOUS,1.1943008441948058,5.798319327731093,5.123302418920624,8.881784197001252e-16,5.123302418920624,0.1195930297375671,1.0,0.03530204632263685,0.364912065096679,1.0,0.0,7.426673792353357e-16,0.32773109243697485,0.2128840020014726,3.2188758248682006,4.787491742782046,1.0,5.0,6.730988223888043
calibration-base-280,base,25,120,diffuse,uniform,step,1.0,0.2,iid,0.15,equal,complete,none,0.0,2218582,DIFFUSE_ASYNCHRONOUS,1.1907019904956482,4.453781512605042,4.993668096536656,8.881784197001252e-16,4.993668096536656,0.118753976291773,1.0,0.039932583860102414,0.27176390728309585,1.0,0.0,7.479146782570986e-16,0.43697478991596644,-0.18693320564623128,3.2188758248682006,4.787491742782046,1.0,5.0,6.792132868792238
calibration-base-281,base,25,120,diffuse,uniform,step,1.0,0.5,iid,0.15,equal,complete,none,0.0,2226370,DIFFUSE_ASYNCHRONOUS,0.9300255220096174,4.873949579831933,5.742218326138567,8.881784197001252e-16,5.742218326138567,0.09342119268662392,1.0,0.04528997598385619,0.1389640241213531,1.0,0.0,9.507247704270585e-16,0.6722689075630252,0.0417628672259513,3.2188758248682006,4.787491742782046,1.0,5.0,6.52071937685242
calibration-base-282,base,25,120,diffuse,uniform,step,2.0,0.2,iid,0.15,equal,complete,none,0.0,2234158,DIFFUSE_ASYNCHRONOUS,1.1739211886867897,5.546218487394959,5.314778329033107,8.881784197001252e-16,5.314778329033107,0.11730755334541583,2.0,0.037733949379796496,0.3673578644238022,1.0,0.0,7.571365989407823e-16,0.319327731092437,0.04474370116967138,3.2188758248682006,4.787491742782046,1.0,5.0,13.584389859485965
calibration-base-283,base,25,120,diffuse,uniform,step,2.0,0.5,iid,0.15,equal,complete,none,0.0,2242339,DIFFUSE_ASYNCHRONOUS,1.1210091766572259,4.873949579831933,5.465404645582228,8.881784197001252e-16,5.465404645582228,0.111703907137816,1.0,0.044159143374069385,0.34980960393158167,1.0,0.0,7.951184899954527e-16,0.319327731092437,-0.07264962408668393,3.2188758248682006,4.787491742782046,1.0,5.0,13.444709469929382
calibration-base-284,base,25,120,diffuse,uniform,logistic,0.5,0.5,iid,0.15,equal,complete,none,0.0,2250258,DIFFUSE_ASYNCHRONOUS,1.157650631626034,4.705882352941177,4.889333740257206,0.04819229841480461,4.889333740257206,0.1147023766235942,2.0,0.040131916910760505,0.1707703135793806,1.0,0.0,0.04197804781725099,0.6722689075630253,-0.06165400650362371,3.2188758248682006,4.787491742782046,1.0,5.0,2.761259502387085
calibration-base-285,base,25,120,diffuse,uniform,logistic,2.0,0.2,iid,0.15,equal,complete,none,0.0,2258046,DIFFUSE_ASYNCHRONOUS,1.2446527262249283,5.46218487394958,4.540952448303713,8.881784197001252e-16,4.540952448303713,0.12314454422622849,2.0,0.04598075603223005,0.3574195308029558,1.0,0.0,7.212486962219416e-16,0.3445378151260505,0.002096210573961171,3.2188758248682006,4.787491742782046,1.0,5.0,8.54729008542188
calibration-base-286,base,25,120,diffuse,uniform,logistic,2.0,0.5,iid,0.15,equal,complete,none,0.0,2265965,DIFFUSE_ASYNCHRONOUS,1.0069100680170364,5.378151260504202,5.498515245318452,8.881784197001252e-16,5.498515245318452,0.09920238361931905,1.0,0.05053787579086793,0.1736041713338083,1.0,0.0,8.953196357745159e-16,0.5714285714285715,0.10299319085270753,3.2188758248682006,4.787491742782046,1.0,5.0,6.17279333335023
calibration-base-287,base,25,120,diffuse,uniform,logistic,2.0,0.5,iid,0.15,equal,complete,none,0.0,2274015,DIFFUSE_ASYNCHRONOUS,1.036958943779351,5.126050420168068,5.264878198775387,8.881784197001252e-16,5.264878198775387,0.09748710484926618,1.0,0.03751340252603935,0.200016646156253,1.0,0.0,9.110727219496568e-16,0.4873949579831933,0.012819186846821973,3.2188758248682006,4.787491742782046,1.0,5.0,6.263378281835088
calibration-base-288,base,25,240,diffuse,uniform,step,0.5,0.5,iid,0.15,equal,complete,none,0.0,2281672,DIFFUSE_ASYNCHRONOUS,1.1680649470756257,4.518828451882845,4.918908261434289,0.010436980158365361,4.918908261434289,0.11650111843417746,1.0,0.031616449825253586,0.1165057934266039,1.0,0.0,0.00895833576288241,1.0,-0.14391748657617787,3.2188758248682006,5.480638923341991,1.0,5.0,3.277230779059933
calibration-base-289,base,25,240,diffuse,uniform,step,0.5,0.5,iid,0.15,equal,complete,none,0.0,2289853,DIFFUSE_ASYNCHRONOUS,1.1787168504315666,4.644351464435147,5.042274325621549,0.014223206453536358,5.042274325621549,0.11740890291237524,2.0,0.036596506350585443,0.14391172690699802,1.0,0.0,0.012113359849320706,0.815899581589958,-0.014996074915276478,3.2188758248682006,5.480638923341991,1.0,5.0,3.434938677356367
calibration-base-290,base,25,240,diffuse,uniform,step,1.0,0.2,iid,0.15,equal,complete,none,0.0,2297641,DIFFUSE_ASYNCHRONOUS,1.3421866437437022,4.853556485355648,4.433831122454296,8.881784197001252e-16,4.433831122454296,0.13421508945165392,2.0,0.05208280399627986,0.1432027070488629,1.0,0.0,6.617574993458981e-16,0.9372384937238494,-0.04730715981012614,3.2188758248682006,5.480638923341991,1.0,5.0,6.603008414638351
calibration-base-291,base,25,240,diffuse,uniform,step,2.0,0.2,iid,0.15,equal,complete,none,0.0,2305691,DIFFUSE_ASYNCHRONOUS,1.1008494046929747,4.895397489539748,5.144352387266825,8.881784197001252e-16,5.144352387266825,0.10985047872602194,1.0,0.039944501468710564,0.35478735696647634,1.0,0.0,8.085339545176957e-16,0.309623430962343,-0.02967040056571574,3.2188758248682006,5.480638923341991,1.0,5.0,13.338740772220435
calibration-base-292,base,25,240,diffuse,uniform,logistic,1.0,0.2,iid,0.15,equal,complete,none,0.0,2313348,DIFFUSE_ASYNCHRONOUS,0.9905367928575376,4.435146443514644,6.145634588587907,8.881784197001252e-16,6.145634588587907,0.09954487562007044,1.0,0.04239222590575279,0.13144323355357365,1.0,0.0,8.92239217908118e-16,0.7573221757322177,-0.21678994291077835,3.2188758248682006,5.480638923341991,1.0,5.0,5.651805151487523
calibration-base-293,base,25,240,diffuse,uniform,logistic,1.0,0.2,iid,0.15,equal,complete,none,0.0,2321529,DIFFUSE_ASYNCHRONOUS,1.210072603165278,4.811715481171548,4.952426366085606,1.7763568394002505e-15,4.952426366085606,0.11948853144653182,2.0,0.03328209804996996,0.12362666240571907,1.0,0.0,1.4866337529599035e-15,0.9665271966527197,-0.0409545993641177,3.2188758248682006,5.480638923341991,1.0,5.0,5.548363724016186
calibration-base-294,base,25,240,diffuse,uniform,logistic,1.0,0.5,iid,0.15,equal,complete,none,0.0,2329186,DIFFUSE_ASYNCHRONOUS,1.2296554558081187,5.230125523012552,4.7874888590016,1.7763568394002505e-15,4.7874888590016,0.11328875114275168,2.0,0.03796955773373871,0.16713587359949167,1.0,0.0,1.5679904858002343e-15,0.6778242677824269,0.03530828832101988,3.2188758248682006,5.480638923341991,1.0,5.0,4.489020469420372
calibration-base-295,base,25,240,diffuse,uniform,logistic,1.0,0.5,iid,0.15,equal,complete,none,0.0,2337236,DIFFUSE_ASYNCHRONOUS,1.0917786998476213,5.188284518828452,5.109530625832628,1.7763568394002505e-15,5.109530625832628,0.10578332674823265,1.0,0.03180510400270163,0.12332787850159808,1.0,0.0,1.679240853927794e-15,0.8577405857740585,0.04692278149297903,3.2188758248682006,5.480638923341991,1.0,5.0,4.539498071202349
calibration-base-296,base,25,240,diffuse,uniform,logistic,2.0,0.2,iid,0.15,equal,complete,none,0.0,2345155,DIFFUSE_ASYNCHRONOUS,1.0650854862039056,5.188284518828452,5.513621836888484,8.881784197001252e-16,5.513621836888484,0.10598067844356245,1.0,0.03012438932771775,0.12792617246470417,1.0,0.0,8.380569295686327e-16,0.8284518828451883,0.05957036009719923,3.2188758248682006,5.480638923341991,1.0,5.0,8.485543932775212
calibration-base-297,base,25,240,diffuse,uniform,logistic,2.0,0.5,iid,0.15,equal,complete,none,0.0,2353205,DIFFUSE_ASYNCHRONOUS,1.1541488837710179,4.97907949790795,5.084394581472295,8.881784197001252e-16,5.084394581472295,0.11134852681610667,2.0,0.035869894895819016,0.12263731755322349,1.0,0.0,7.976561927639705e-16,0.907949790794979,-0.0023653215941859475,3.2188758248682006,5.480638923341991,1.0,5.0,6.189417424664575
calibration-base-298,base,60,60,diffuse,uniform,step,0.5,0.2,iid,0.15,equal,complete,none,0.0,2360862,DIFFUSE_ASYNCHRONOUS,1.1332867893834688,4.915254237288135,5.168843013836173,0.042278614539818654,5.168843013836173,0.11367029459850204,2.0,0.034248607409593616,0.1973877851242649,1.0,0.0,0.03716837445996341,0.576271186440678,0.022772765876162344,4.0943445622221,4.0943445622221,1.0,5.0,3.4363102449860072
calibration-base-299,base,60,60,diffuse,uniform,step,0.5,0.2,iid,0.15,equal,complete,none,0.0,2369043,DIFFUSE_ASYNCHRONOUS,1.155047437526066,5.084745762711864,5.375278539032289,0.042278614539818654,5.375278539032289,0.11557781099140556,2.0,0.03525852114800139,0.1795697809991323,1.0,0.0,0.03655576772629856,0.6440677966101696,-0.019958266306212714,4.0943445622221,4.0943445622221,1.0,5.0,3.353911282345154
calibration-base-300,base,60,60,diffuse,uniform,step,1.0,0.2,iid,0.15,equal,complete,none,0.0,2376831,DIFFUSE_ASYNCHRONOUS,1.1444611786540946,4.576271186440678,5.077195813329329,8.881784197001252e-16,5.077195813329329,0.11455002540970294,2.0,0.03181213310743784,0.30720234087147613,1.0,0.0,7.753629180992677e-16,0.37288135593220334,-0.10800671877096715,4.0943445622221,4.0943445622221,1.0,5.0,6.563112067472213
calibration-base-301,base,60,60,diffuse,uniform,step,1.0,0.5,iid,0.15,equal,complete,none,0.0,2384619,DIFFUSE_ASYNCHRONOUS,1.0265431918245926,5.254237288135593,5.8277376259462494,8.881784197001252e-16,5.8277376259462494,0.10306476947785495,1.0,0.03487930357591282,0.3040410699596721,1.0,0.0,8.617672403477932e-16,0.3389830508474576,0.011036091810164054,4.0943445622221,4.0943445622221,1.0,5.0,6.698962264840876
calibration-base-302,base,60,60,diffuse,uniform,step,1.0,0.5,iid,0.15,equal,complete,none,0.0,2392800,DIFFUSE_ASYNCHRONOUS,1.1750826035458086,5.423728813559322,5.401276817950821,8.881784197001252e-16,5.401276817950821,0.11726770937817635,2.0,0.03801787545062662,0.3459397426656202,1.0,0.0,7.573938507111457e-16,0.3389830508474576,-0.01499203134995937,4.0943445622221,4.0943445622221,1.0,5.0,6.74265114434342
calibration-base-303,base,60,60,diffuse,uniform,step,2.0,0.2,iid,0.15,equal,complete,none,0.0,2400457,DIFFUSE_ASYNCHRONOUS,1.19590638159198,5.254237288135593,5.316843451725778,8.881784197001252e-16,5.316843451725778,0.11910691263574961,1.0,0.02982413879452194,0.3513653922754614,1.0,0.0,7.456984653916224e-16,0.3389830508474576,0.03766609586006412,4.0943445622221,4.0943445622221,1.0,5.0,13.470086181959587
calibration-base-304,base,60,60,diffuse,uniform,logistic,0.5,0.2,iid,0.15,equal,complete,none,0.0,2408376,DIFFUSE_ASYNCHRONOUS,1.2393861727088398,5.423728813559322,4.957282014157378,0.05761603970161332,4.957282014157378,0.12647135892485564,1.0,0.03400779779232716,0.0,1.0,0.0,0.04550939030264451,1.0,0.1131540725420338,4.0943445622221,4.0943445622221,1.0,5.0,3.2256469071154443
calibration-base-305,base,60,60,diffuse,uniform,logistic,0.5,0.5,iid,0.15,equal,complete,none,0.0,2416295,DIFFUSE_ASYNCHRONOUS,1.0759734773819891,4.745762711864407,5.489182619920017,0.08966104574604965,5.489182619920017,0.10342670599564274,1.0,0.030446427450837473,0.10560452341308989,1.0,0.0,0.08636649538992588,0.9830508474576269,-0.14385829753135815,4.0943445622221,4.0943445622221,1.0,5.0,2.7171924630632907
calibration-base-306,base,60,60,diffuse,uniform,logistic,1.0,0.2,iid,0.15,equal,complete,none,0.0,2424214,DIFFUSE_ASYNCHRONOUS,1.174450997787652,5.423728813559322,5.095620683553657,8.881784197001252e-16,5.095620683553657,0.11907206900672737,1.0,0.03538915548115831,0.20662506092343866,1.0,0.0,7.459166764373135e-16,0.576271186440678,0.060488187186382526,4.0943445622221,4.0943445622221,1.0,5.0,5.6533076287828585
calibration-base-307,base,60,60,diffuse,uniform,logistic,1.0,0.2,iid,0.15,equal,complete,none,0.0,2432395,DIFFUSE_ASYNCHRONOUS,1.1289505185766813,5.423728813559322,5.190652358880329,8.881784197001252e-16,5.190652358880329,0.11277662639686219,2.0,0.0411452086439447,0.25591619066980265,1.0,0.0,7.875554076024722e-16,0.4406779661016949,0.05842922190142112,4.0943445622221,4.0943445622221,1.0,5.0,5.749981318889925
calibration-base-308,base,60,60,diffuse,uniform,logistic,2.0,0.5,iid,0.15,equal,complete,none,0.0,2440314,DIFFUSE_ASYNCHRONOUS,1.0359167169112566,4.915254237288135,5.368865764994096,8.881784197001252e-16,5.368865764994096,0.10076315139151379,1.0,0.03148591797062952,0.2378010372839726,1.0,0.0,8.814516094768816e-16,0.42372881355932196,-0.028551530291681632,4.0943445622221,4.0943445622221,1.0,5.0,6.045894226362614
calibration-base-309,base,60,120,diffuse,uniform,step,0.5,0.2,iid,0.15,equal,complete,none,0.0,2448233,DIFFUSE_ASYNCHRONOUS,1.0680293646926913,5.2100840336134455,5.303042001469754,0.020961666032347157,5.303042001469754,0.10726234160742576,2.0,0.030045035811461295,0.20591380302639986,1.0,0.0,0.019538697520653146,0.5210084033613447,-0.0026304232670484665,4.0943445622221,4.787491742782046,1.0,5.0,3.3026750334105537
calibration-base-310,base,60,120,diffuse,uniform,step,0.5,0.5,iid,0.15,equal,complete,none,0.0,2456152,DIFFUSE_ASYNCHRONOUS,1.1111353204272054,5.2100840336134455,5.4828839000052465,0.020961666032347157,5.4828839000052465,0.11115861015815184,1.0,0.029568573559423945,0.11812702085279032,1.0,0.0,0.01885408604956176,0.9411764705882353,0.08887960239061952,4.0943445622221,4.787491742782046,1.0,5.0,3.266360493147167
calibration-base-311,base,60,120,diffuse,uniform,step,1.0,0.2,iid,0.15,equal,complete,none,0.0,2463809,DIFFUSE_ASYNCHRONOUS,1.140859624243489,5.04201680672269,5.149104510015201,8.881784197001252e-16,5.149104510015201,0.11399183669019197,2.0,0.027982104258362776,0.33085435527153273,1.0,0.0,7.791596709806724e-16,0.3445378151260505,0.01417753589551561,4.0943445622221,4.787491742782046,1.0,5.0,6.583228125379703
calibration-base-312,base,60,120,diffuse,uniform,step,2.0,0.2,iid,0.15,equal,complete,none,0.0,2471990,DIFFUSE_ASYNCHRONOUS,1.1673566345911448,5.46218487394958,5.597097228318281,8.881784197001252e-16,5.597097228318281,0.1169154086643522,1.0,0.030850288630027055,0.1169154086643522,1.0,0.0,7.59676102445967e-16,1.0,0.10823964288397994,4.0943445622221,4.787491742782046,1.0,5.0,13.41763848681367
calibration-base-313,base,60,120,diffuse,uniform,step,2.0,0.5,iid,0.15,equal,complete,none,0.0,2479909,DIFFUSE_ASYNCHRONOUS,1.1784362505407362,5.294117647058824,5.105493084069581,8.881784197001252e-16,5.105493084069581,0.11751359643363044,2.0,0.02943564683537605,0.31782086308186414,1.0,0.0,7.558090694652107e-16,0.3697478991596639,0.004185169338282586,4.0943445622221,4.787491742782046,1.0,5.0,13.411261193721018
calibration-base-314,base,60,120,diffuse,uniform,logistic,0.5,0.2,iid,0.15,equal,complete,none,0.0,2487566,DIFFUSE_ASYNCHRONOUS,1.0709240897645043,5.378151260504202,5.333378316175949,0.03068473711513541,5.333378316175949,0.10523148179143756,2.0,0.031291903074198074,0.11493457736608398,1.0,0.0,0.029146886324064814,0.9159663865546218,0.1325884433247973,4.0943445622221,4.787491742782046,1.0,5.0,3.123617794895602
calibration-base-315,base,60,120,diffuse,uniform,logistic,0.5,0.2,iid,0.15,equal,complete,none,0.0,2495747,DIFFUSE_ASYNCHRONOUS,1.2151291030956233,4.789915966386555,4.941423042161591,0.02096166603234716,4.941423042161591,0.11773339502477145,2.0,0.033009349244727,0.19195197841944886,1.0,0.0,0.017801528994485217,0.6134453781512604,-0.049447558700301104,4.0943445622221,4.787491742782046,1.0,5.0,3.156326264551958
calibration-base-316,base,60,120,diffuse,uniform,logistic,0.5,0.5,iid,0.15,equal,complete,none,0.0,2503404,DIFFUSE_ASYNCHRONOUS,1.1605091645179684,5.2100840336134455,5.15438427680326,0.0395421970707526,5.15438427680326,0.11440973135034231,2.0,0.02930108860287456,0.119499010491426,1.0,0.0,0.03454129351370844,0.9579831932773109,0.019786002721605425,4.0943445622221,4.787491742782046,1.0,5.0,2.7583733225275804
calibration-base-317,base,60,120,diffuse,uniform,logistic,1.0,0.5,iid,0.15,equal,complete,none,0.0,2511454,DIFFUSE_ASYNCHRONOUS,1.0922980244151912,5.126050420168068,5.188901382826466,1.7763568394002505e-15,5.188901382826466,0.10483031888868469,1.0,0.030816587857155336,0.1919201222731304,1.0,0.0,1.6945067593340969e-15,0.546218487394958,0.021806993945888368,4.0943445622221,4.787491742782046,1.0,5.0,4.621484527983251
calibration-base-318,base,60,120,diffuse,uniform,logistic,1.0,0.5,iid,0.15,equal,complete,none,0.0,2519504,DIFFUSE_ASYNCHRONOUS,1.217533990760485,5.126050420168068,4.929471593810039,1.7763568394002505e-15,4.929471593810039,0.12180035421696318,2.0,0.03352290585225901,0.17255050180736448,1.0,0.0,1.4584168090644655e-15,0.7058823529411766,0.0749367916683015,4.0943445622221,4.787491742782046,1.0,5.0,4.6233662201399675
calibration-base-319,base,60,120,diffuse,uniform,logistic,2.0,0.2,iid,0.15,equal,complete,none,0.0,2527423,DIFFUSE_ASYNCHRONOUS,1.0831179707006038,5.04201680672269,5.385096450106328,8.881784197001252e-16,5.385096450106328,0.10792232168767665,2.0,0.03086093544661183,0.21053698821038563,1.0,0.0,8.229793483043127e-16,0.5126050420168067,0.017767228284117156,4.0943445622221,4.787491742782046,1.0,5.0,8.477742779760462
calibration-base-320,base,60,120,diffuse,uniform,logistic,2.0,0.5,iid,0.15,equal,complete,none,0.0,2535080,DIFFUSE_ASYNCHRONOUS,1.1231706909162193,4.957983193277311,5.105468512537624,8.881784197001252e-16,5.105468512537624,0.10670173375511516,2.0,0.03393169967608215,0.14764542228905472,1.0,0.0,8.323936157762263e-16,0.722689075630252,-0.07305724949530155,4.0943445622221,4.787491742782046,1.0,5.0,6.2033545743729075
calibration-base-321,base,60,120,diffuse,uniform,logistic,2.0,0.5,iid,0.15,equal,complete,none,0.0,2543261,DIFFUSE_ASYNCHRONOUS,1.167595214969954,5.378151260504202,5.031243501075685,8.881784197001252e-16,5.031243501075685,0.11132920987461545,1.0,0.03470304000453337,0.1615631216473078,1.0,0.0,7.977945955966421e-16,0.6890756302521008,0.1001602026094812,4.0943445622221,4.787491742782046,1.0,5.0,6.193941283031325
calibration-base-322,base,60,240,diffuse,uniform,step,0.5,0.2,iid,0.15,equal,complete,none,0.0,2550918,DIFFUSE_ASYNCHRONOUS,0.9912397403701974,4.602510460251046,6.218177068089091,0.01043698015836536,6.218177068089091,0.09926177504076769,1.0,0.029321637833104406,0.10052913389712158,1.0,0.0,0.010514020389125613,0.9874476987447698,-0.1810230877511901,4.0943445622221,5.480638923341991,1.0,5.0,3.329791069232969
calibration-base-323,base,60,240,diffuse,uniform,step,0.5,0.2,iid,0.15,equal,complete,none,0.0,2558968,DIFFUSE_ASYNCHRONOUS,1.155866434345936,5.104602510460251,5.404935628059608,0.014223206453536509,5.404935628059608,0.11545546021862026,2.0,0.027674267237005334,0.14601031098808367,1.0,0.0,0.012318280374761008,0.7907949790794978,-0.03820899986603595,4.0943445622221,5.480638923341991,1.0,5.0,3.305537690935539
calibration-base-324,base,60,240,diffuse,uniform,step,0.5,0.2,iid,0.15,equal,complete,none,0.0,2567018,DIFFUSE_ASYNCHRONOUS,1.2224474467872617,5.02092050209205,4.8407860919833245,0.010436980158365361,4.8407860919833245,0.1222784407129619,2.0,0.031201900809620594,0.1454010540551741,1.0,0.0,0.008535110468735571,0.8410041841004183,-0.09317469049039687,4.0943445622221,5.480638923341991,1.0,5.0,3.3352989718422466
calibration-base-325,base,60,240,diffuse,uniform,step,0.5,0.5,iid,0.15,equal,complete,none,0.0,2574675,DIFFUSE_ASYNCHRONOUS,1.1907813820018365,4.97907949790795,4.92493540708973,0.014223206453536207,4.92493540708973,0.1189708649556424,2.0,0.03434103819626303,0.24098363258725627,1.0,0.0,0.011954347082213341,0.4937238493723849,0.0028250571909655096,4.0943445622221,5.480638923341991,1.0,5.0,3.327541852294977
calibration-base-326,base,60,240,diffuse,uniform,step,0.5,0.5,iid,0.15,equal,complete,none,0.0,2582725,DIFFUSE_ASYNCHRONOUS,1.1300998833588898,5.02092050209205,5.1685800961530015,0.01422320645353651,5.1685800961530015,0.1131153188844359,2.0,0.02874020163332007,0.13864973492778077,1.0,0.0,0.01257308234645867,0.8158995815899581,0.057982036488672964,4.0943445622221,5.480638923341991,1.0,5.0,3.2693265870600117
calibration-base-327,base,60,240,diffuse,uniform,step,1.0,0.5,iid,0.15,equal,complete,none,0.0,2590775,DIFFUSE_ASYNCHRONOUS,1.061593987983793,5.146443514644352,5.509176032881106,8.881784197001252e-16,5.509176032881106,0.10596956532244775,2.0,0.03229255361596781,0.11357276283437225,1.0,0.0,8.381448173327372e-16,0.9330543933054394,-0.016860068636301236,4.0943445622221,5.480638923341991,1.0,5.0,6.686263348333959
calibration-base-328,base,60,240,diffuse,uniform,step,2.0,0.2,iid,0.15,equal,complete,none,0.0,2598563,DIFFUSE_ASYNCHRONOUS,1.1466860546872653,5.481171548117155,5.356273694983184,8.881784197001252e-16,5.356273694983184,0.11467633009155336,1.0,0.027566174318543586,0.3425955361485157,1.0,0.0,7.745089322190868e-16,0.33472803347280333,0.10832498533294459,4.0943445622221,5.480638923341991,1.0,5.0,13.443906660180767
calibration-base-329,base,60,240,diffuse,uniform,step,2.0,0.2,iid,0.15,equal,complete,none,0.0,2606613,DIFFUSE_ASYNCHRONOUS,1.257374737858084,5.188284518828452,4.609682456896706,8.881784197001252e-16,4.609682456896706,0.12576551424091673,2.0,0.03488434087477646,0.3665604622387695,1.0,0.0,7.06217777632371e-16,0.34309623430962344,0.06104539461112199,4.0943445622221,5.480638923341991,1.0,5.0,13.35005902756684
calibration-base-330,base,60,240,diffuse,uniform,logistic,0.5,0.2,iid,0.15,equal,complete,none,0.0,2614270,DIFFUSE_ASYNCHRONOUS,1.095187947054799,5.146443514644352,5.510624195017567,0.01422320645353621,5.510624195017567,0.10931210917208636,1.0,0.02618951542181477,0.1612827502334668,1.0,0.0,0.01301045484847317,0.6778242677824268,0.061711758469085144,4.0943445622221,5.480638923341991,1.0,5.0,3.083738496967819
calibration-base-331,base,60,240,diffuse,uniform,logistic,0.5,0.5,iid,0.15,equal,complete,none,0.0,2622451,DIFFUSE_ASYNCHRONOUS,1.0980656187720959,4.7698744769874475,5.108661558584965,0.01850278823071355,5.108661558584965,0.1073545914978989,2.0,0.03002801098909036,0.10737053528507648,1.0,0.0,0.017232649703745374,1.0,-0.09335478670543618,4.0943445622221,5.480638923341991,1.0,5.0,2.764746967103016
calibration-base-332,base,60,240,diffuse,uniform,logistic,1.0,0.2,iid,0.15,equal,complete,none,0.0,2630108,DIFFUSE_ASYNCHRONOUS,1.0793865114854617,5.06276150627615,5.185742214976465,8.881784197001252e-16,5.185742214976465,0.10751093767944604,2.0,0.03339119955497253,0.12177779196866163,1.0,0.0,8.261284282984422e-16,0.8828451882845189,0.023683327026945495,4.0943445622221,5.480638923341991,1.0,5.0,5.630612013957695
calibration-base-333,base,60,240,diffuse,uniform,logistic,1.0,0.5,iid,0.15,equal,complete,none,0.0,2638289,DIFFUSE_ASYNCHRONOUS,1.0881066701920263,5.02092050209205,5.183079421936399,8.881784197001252e-16,5.183079421936399,0.10475384218222858,2.0,0.02710745798566318,0.12905241382243623,1.0,0.0,8.478719264111194e-16,0.8117154811715481,0.018729510146250614,4.0943445622221,5.480638923341991,1.0,5.0,4.587952835990957
calibration-base-334,base,60,240,diffuse,uniform,logistic,2.0,0.2,iid,0.15,equal,complete,none,0.0,2646077,DIFFUSE_ASYNCHRONOUS,1.1260187123615566,4.7698744769874475,5.1277798858157295,8.881784197001252e-16,5.1277798858157295,0.11234705690511218,2.0,0.028914812843119135,0.1152401141644713,1.0,0.0,7.905666994465879e-16,0.9748953974895397,-0.09269761163139963,4.0943445622221,5.480638923341991,1.0,5.0,8.542831236302469
calibration-base-335,base,120,60,diffuse,uniform,step,2.0,0.2,iid,0.15,equal,complete,none,0.0,2653865,DIFFUSE_ASYNCHRONOUS,1.1308447265090877,5.084745762711864,5.436423827974932,8.881784197001252e-16,5.436423827974932,0.11348621758012789,1.0,0.02505645069305325,0.3043494016921612,1.0,0.0,7.8263108828437205e-16,0.3728813559322034,-0.027734407327110022,4.787491742782046,4.0943445622221,1.0,5.0,13.371459948418313
calibration-base-336,base,120,60,diffuse,uniform,step,2.0,0.2,iid,0.15,equal,complete,none,0.0,2661915,DIFFUSE_ASYNCHRONOUS,1.1379770118865133,4.745762711864407,5.115612064725835,8.881784197001252e-16,5.115612064725835,0.11393315859319833,2.0,0.029342733502444155,0.32009792176184293,1.0,0.0,7.795609554470373e-16,0.3559322033898305,-0.08012341375521809,4.787491742782046,4.0943445622221,1.0,5.0,13.367859095277822
calibration-base-337,base,120,60,diffuse,uniform,logistic,0.5,0.5,iid,0.15,equal,complete,none,0.0,2669965,DIFFUSE_ASYNCHRONOUS,1.1336917232263086,4.915254237288135,4.969479606675595,0.07495197266339884,4.969479606675595,0.11048773389180855,2.0,0.03379155461529686,0.23334851748456623,1.0,0.0,0.06768181582164687,0.47457627118644063,-0.04189099925596771,4.787491742782046,4.0943445622221,1.0,5.0,2.934768575822238
calibration-base-338,base,120,60,diffuse,uniform,logistic,1.0,0.2,iid,0.15,equal,complete,none,0.0,2677884,DIFFUSE_ASYNCHRONOUS,1.14904181987004,5.084745762711864,5.133525038614867,8.881784197001252e-16,5.133525038614867,0.11405566194412978,2.0,0.026891273928841927,0.3738491141502031,1.0,0.0,7.787236552405438e-16,0.3050847457627119,0.017876313127783386,4.787491742782046,4.0943445622221,1.0,5.0,5.75930940289325
calibration-base-339,base,120,60,diffuse,uniform,logistic,2.0,0.2,iid,0.15,equal,complete,none,0.0,2685803,DIFFUSE_ASYNCHRONOUS,1.0939188275024645,5.084745762711864,5.398011434169713,8.881784197001252e-16,5.398011434169713,0.1097194923803572,1.0,0.025898134910067167,0.3082595262114798,1.0,0.0,8.094992060491281e-16,0.3559322033898305,0.0152945810566952,4.787491742782046,4.0943445622221,1.0,5.0,8.535302070994472
calibration-base-340,base,120,60,diffuse,uniform,logistic,2.0,0.5,iid,0.15,equal,complete,none,0.0,2693460,DIFFUSE_ASYNCHRONOUS,1.1213322713480016,5.254237288135593,5.1329721615854424,8.881784197001252e-16,5.1329721615854424,0.10851420165491284,1.0,0.025463246310853716,0.27836251728868944,1.0,0.0,8.184904889450608e-16,0.38983050847457623,0.02990430540782691,4.787491742782046,4.0943445622221,1.0,5.0,6.158458935807779
calibration-base-341,base,120,120,diffuse,uniform,step,0.5,0.5,iid,0.15,equal,complete,none,0.0,2701510,DIFFUSE_ASYNCHRONOUS,1.2003300566809778,4.957983193277311,5.143507431869512,0.020961666032347046,5.143507431869512,0.12019352926070273,1.0,0.02881131847638649,0.29802510329057524,1.0,0.0,0.01743727730698085,0.40336134453781514,-0.02664573644333113,4.787491742782046,4.787491742782046,1.0,5.0,3.359484876720331
calibration-base-342,base,120,120,diffuse,uniform,step,0.5,0.5,iid,0.15,equal,complete,none,0.0,2709560,DIFFUSE_ASYNCHRONOUS,1.1536718487108009,5.126050420168068,4.961390628730418,0.028565935650379643,4.961390628730418,0.11561495281822917,2.0,0.027230414038715914,0.12983375723295687,1.0,0.0,0.024700282731088676,0.8907563025210085,-0.028230322328314003,4.787491742782046,4.787491742782046,1.0,5.0,3.304230691380918
calibration-base-343,base,120,120,diffuse,uniform,step,1.0,0.2,iid,0.15,equal,complete,none,0.0,2717217,DIFFUSE_ASYNCHRONOUS,1.1523053642938086,4.705882352941177,5.376820611755535,8.881784197001252e-16,5.376820611755535,0.11558396378651865,3.0,0.02821523991432865,0.2254834703376347,1.0,0.0,7.684270296704599e-16,0.5126050420168069,-0.07667459757850802,4.787491742782046,4.787491742782046,1.0,5.0,6.658096984336781
calibration-base-344,base,120,120,diffuse,uniform,step,1.0,0.5,iid,0.15,equal,complete,none,0.0,2725267,DIFFUSE_ASYNCHRONOUS,1.1235887611996076,4.873949579831933,5.360332589982056,8.881784197001252e-16,5.360332589982056,0.112570523542697,1.0,0.025849895444696437,0.3115323791065336,1.0,0.0,7.889973251863281e-16,0.36134453781512604,-0.04123890506297555,4.787491742782046,4.787491742782046,1.0,5.0,6.625195893190927
calibration-base-345,base,120,120,diffuse,uniform,logistic,0.5,0.2,iid,0.15,equal,complete,none,0.0,2733055,DIFFUSE_ASYNCHRONOUS,1.1338155919826496,5.04201680672269,5.168136404568993,0.028565935650379647,5.168136404568993,0.11240837376410635,2.0,0.028934054065879396,0.1651964827047383,1.0,0.0,0.02540443846495919,0.680672268907563,-0.024702198896446405,4.787491742782046,4.787491742782046,1.0,5.0,3.1192478303805835
calibration-base-346,base,120,120,diffuse,uniform,logistic,0.5,0.2,iid,0.15,equal,complete,none,0.0,2741105,DIFFUSE_ASYNCHRONOUS,1.226443996450207,5.04201680672269,4.974551558216071,0.028565935650379647,4.974551558216071,0.12321489763699031,2.0,0.02578351540918715,0.1286536209059968,1.0,0.0,0.02317760460598126,0.9579831932773109,0.03742294955516718,4.787491742782046,4.787491742782046,1.0,5.0,3.1223726019279736
calibration-base-347,base,120,120,diffuse,uniform,logistic,0.5,0.2,iid,0.15,equal,complete,none,0.0,2749155,DIFFUSE_ASYNCHRONOUS,1.1304491373063563,4.621848739495799,5.252080092287226,0.0296253363827576,5.252080092287226,0.11340323007193427,2.0,0.030323454553407108,0.11440329212791364,1.0,0.0,0.026114981483302255,0.9915966386554622,-0.09588675890532042,4.787491742782046,4.787491742782046,1.0,5.0,3.1451439266122003
calibration-base-348,base,120,120,diffuse,uniform,logistic,1.0,0.2,iid,0.15,equal,complete,none,0.0,2756812,DIFFUSE_ASYNCHRONOUS,1.15665005664183,5.2100840336134455,5.111480561642021,8.881784197001252e-16,5.111480561642021,0.11497394570732929,2.0,0.025958464137666056,0.18242532718896246,1.0,0.0,7.72504078411833e-16,0.6302521008403362,0.026329179377288323,4.787491742782046,4.787491742782046,1.0,5.0,5.567215322908426
calibration-base-349,base,120,120,diffuse,uniform,logistic,2.0,0.2,iid,0.15,equal,complete,none,0.0,2764993,DIFFUSE_ASYNCHRONOUS,1.1690816709079108,5.04201680672269,5.063444563623688,8.881784197001252e-16,5.063444563623688,0.11635088206025997,2.0,0.028862614871872538,0.3219943015156031,1.0,0.0,7.633619994733891e-16,0.3613445378151261,0.015615138591001172,4.787491742782046,4.787491742782046,1.0,5.0,8.588292185965686
calibration-base-350,base,120,120,diffuse,uniform,logistic,2.0,0.5,iid,0.15,equal,complete,none,0.0,2772650,DIFFUSE_ASYNCHRONOUS,1.1485331797838383,5.294117647058824,5.105602162908645,8.881784197001252e-16,5.105602162908645,0.11349585625255092,2.0,0.024347116110282705,0.27012013788107114,1.0,0.0,7.825646230852262e-16,0.4201680672268909,0.09590891817456139,4.787491742782046,4.787491742782046,1.0,5.0,6.130531109703339
calibration-base-351,base,120,240,diffuse,uniform,step,2.0,0.2,iid,0.15,equal,complete,none,0.0,2780700,DIFFUSE_ASYNCHRONOUS,1.0582956815501132,5.230125523012552,5.522793144635883,8.881784197001252e-16,5.522793144635883,0.10571321052278455,2.0,0.024564461147250093,0.39477277054602355,1.0,0.0,8.401773206090402e-16,0.26778242677824265,0.029072002153096146,4.787491742782046,5.480638923341991,1.0,5.0,13.260080789498708
calibration-base-352,base,120,240,diffuse,uniform,step,2.0,0.2,iid,0.15,equal,complete,none,0.0,2788750,DIFFUSE_ASYNCHRONOUS,1.1507938498374612,4.811715481171548,5.296170322665052,8.881784197001252e-16,5.296170322665052,0.11506172604242255,1.0,0.024660549958183373,0.30898598341729205,1.0,0.0,7.719147367671673e-16,0.3723849372384937,-0.04568733670690816,4.787491742782046,5.480638923341991,1.0,5.0,13.49398899236321
calibration-base-353,base,120,240,diffuse,uniform,logistic,0.5,0.2,iid,0.15,equal,complete,none,0.0,2796669,DIFFUSE_ASYNCHRONOUS,1.1313595771615563,4.97907949790795,5.455847309484506,0.01673640167363999,5.455847309484506,0.11285440489200227,1.0,0.029300482856465,0.1152784983875374,1.0,0.0,0.014828452255294923,0.9790794979079498,-0.007008052500678293,4.787491742782046,5.480638923341991,1.0,5.0,3.1133491423923827
calibration-base-354,base,120,240,diffuse,uniform,logistic,1.0,0.2,iid,0.15,equal,complete,none,0.0,2804326,DIFFUSE_ASYNCHRONOUS,1.1378904699845322,5.397489539748953,5.2554536097724585,8.881784197001252e-16,5.2554536097724585,0.11284399801690628,1.0,0.029192946260553115,0.1404672683647948,1.0,0.0,7.87085210829785e-16,0.803347280334728,0.09980371938953259,4.787491742782046,5.480638923341991,1.0,5.0,5.620912829822293
calibration-base-355,base,120,240,diffuse,uniform,logistic,1.0,0.5,iid,0.15,equal,complete,none,0.0,2812245,DIFFUSE_ASYNCHRONOUS,1.1585851656710284,4.895397489539748,5.052493304418766,8.881784197001252e-16,5.052493304418766,0.11360513270357057,1.0,0.02497980841257622,0.3120876634040617,1.0,0.0,7.818118764208002e-16,0.36401673640167365,-0.04128942067323203,4.787491742782046,5.480638923341991,1.0,5.0,4.539483416016536
calibration-base-356,base,120,240,diffuse,uniform,logistic,2.0,0.2,iid,0.15,equal,complete,none,0.0,2820295,DIFFUSE_ASYNCHRONOUS,1.1719112039779387,5.230125523012552,5.166066310508967,8.881784197001252e-16,5.166066310508967,0.11709078744682033,2.0,0.030670660528045124,0.20278766811442075,1.0,0.0,7.585382582754543e-16,0.5774058577405856,0.027834312144442503,4.787491742782046,5.480638923341991,1.0,5.0,8.561932536598665
calibration-base-357,base,120,240,diffuse,uniform,logistic,2.0,0.5,iid,0.15,equal,complete,none,0.0,2828083,DIFFUSE_ASYNCHRONOUS,1.1323927052911826,4.853556485355648,5.139187278858244,8.881784197001252e-16,5.139187278858244,0.10892888789137203,2.0,0.030651346433457707,0.24794289720036114,1.0,0.0,8.153745410362126e-16,0.4393305439330543,-0.042208123492520684,4.787491742782046,5.480638923341991,1.0,5.0,6.142111109368798
calibration-base-358,base,25,60,diffuse,skewed,step,0.5,0.5,iid,0.15,equal,complete,none,0.0,2836002,DIFFUSE_ASYNCHRONOUS,1.0475085260503765,5.423728813559322,5.538086744495374,0.057616039701613234,5.538086744495374,0.1047710523532929,1.0,0.04240704834784736,0.3439351072872488,1.0,0.0,0.054909362428006966,0.30508474576271183,0.07860235190515501,3.2188758248682006,4.0943445622221,1.0,5.0,3.3707798080861147
calibration-base-359,base,25,60,diffuse,skewed,step,0.5,0.5,iid,0.15,equal,complete,none,0.0,2844052,DIFFUSE_ASYNCHRONOUS,0.7185793722066317,5.084745762711864,6.731800984189469,0.05761603970161353,6.731800984189469,0.07085241334635073,1.0,0.05108976648740157,0.08223708002960382,1.0,0.0,0.0810508469256108,0.864406779661017,-0.03932017727276939,3.2188758248682006,4.0943445622221,1.0,5.0,3.3544849649639468
calibration-base-360,base,25,60,diffuse,skewed,step,1.0,0.2,iid,0.15,equal,complete,none,0.0,2852102,DIFFUSE_ASYNCHRONOUS,0.762174283087276,4.915254237288135,7.928183869753935,8.881784197001252e-16,7.928183869753935,0.07730002882028053,1.0,0.04274287983338598,0.3257644071711823,1.0,0.0,1.149001408220823e-15,0.2372881355932203,-0.09540247358988811,3.2188758248682006,4.0943445622221,1.0,5.0,6.398220968618497
calibration-base-361,base,25,60,diffuse,skewed,step,1.0,0.5,iid,0.15,equal,complete,none,0.0,2859759,DIFFUSE_ASYNCHRONOUS,0.5772719467181466,4.915254237288135,7.4440515181185365,8.881784197001252e-16,7.4440515181185365,0.058068103336579954,1.0,0.04983803607506648,0.5710030161430357,1.0,0.0,1.529546116827649e-15,0.10169491525423738,-0.11528124301897481,3.2188758248682006,4.0943445622221,1.0,5.0,6.588422509684034
calibration-base-362,base,25,60,diffuse,skewed,step,2.0,0.5,iid,0.15,equal,complete,none,0.0,2867678,DIFFUSE_ASYNCHRONOUS,0.9129742309269789,4.745762711864407,6.490116055859441,4.440892098500626e-16,6.490116055859441,0.09099911449796619,1.0,0.05485392162411932,0.5965497505977785,1.0,0.0,4.880148694853376e-16,0.1525423728813559,-0.025275963813192682,3.2188758248682006,4.0943445622221,1.0,5.0,13.672404027981305
calibration-base-363,base,25,60,diffuse,skewed,step,2.0,0.5,iid,0.15,equal,complete,none,0.0,2875859,DIFFUSE_ASYNCHRONOUS,1.1713098681633631,4.915254237288135,6.3706905970519365,8.881784197001252e-16,6.3706905970519365,0.1167126077451136,1.0,0.04310960959605712,1.3772087713923413,1.0,0.0,7.609961227494812e-16,0.08474576271186436,0.0031674296096926105,3.2188758248682006,4.0943445622221,1.0,5.0,13.888457386264967
calibration-base-364,base,25,60,diffuse,skewed,logistic,0.5,0.2,iid,0.15,equal,complete,none,0.0,2883516,DIFFUSE_ASYNCHRONOUS,1.0377855859445395,4.915254237288135,6.836763020877893,0.05761603970161353,6.836763020877893,0.1070409024432998,1.0,0.05758732735383561,0.19165319152535634,1.0,0.0,0.05374838498865713,0.559322033898305,-0.07283177151450448,3.2188758248682006,4.0943445622221,1.0,5.0,3.2659500945087734
calibration-base-365,base,25,60,diffuse,skewed,logistic,0.5,0.2,iid,0.15,equal,complete,none,0.0,2891566,DIFFUSE_ASYNCHRONOUS,0.7084899327271068,5.084745762711864,6.907926576393991,0.042278614539818654,6.907926576393991,0.06681014914844964,1.0,0.05837177208000372,0.11284810090360856,1.0,0.0,0.06315539556208961,0.5932203389830508,0.0022309545959324577,3.2188758248682006,4.0943445622221,1.0,5.0,3.257293226369936
calibration-base-366,base,25,60,diffuse,skewed,logistic,0.5,0.5,iid,0.15,equal,complete,none,0.0,2899354,DIFFUSE_ASYNCHRONOUS,0.8410798723124285,5.084745762711864,5.142348658251823,0.042278614539818654,5.142348658251823,0.09650273208043468,1.0,0.04180487382450363,0.09998460946508776,1.0,0.0,0.043768810953240964,0.9661016949152543,0.08566474692092828,3.2188758248682006,4.0943445622221,1.0,5.0,2.9069177273967295
calibration-base-367,base,25,60,diffuse,skewed,logistic,1.0,0.5,iid,0.15,equal,complete,none,0.0,2907404,DIFFUSE_ASYNCHRONOUS,1.2903884238030874,5.084745762711864,5.7536297116821515,8.881784197001252e-16,5.7536297116821515,0.11751325510326097,1.0,0.042383090743619324,0.1260596736562254,1.0,0.0,7.55811264797037e-16,0.9322033898305084,0.06489058581876252,3.2188758248682006,4.0943445622221,1.0,5.0,4.6675484958307365
calibration-base-368,base,25,60,diffuse,skewed,logistic,2.0,0.2,iid,0.15,equal,complete,none,0.0,2915323,DIFFUSE_ASYNCHRONOUS,0.9731084892744518,5.084745762711864,7.172582482422647,8.881784197001252e-16,7.172582482422647,0.09789511239453322,1.0,0.0652606592057455,0.8251159473253518,1.0,0.0,9.072755503059455e-16,0.11864406779661012,0.057048111438409,3.2188758248682006,4.0943445622221,1.0,5.0,8.6026688221327
calibration-base-369,base,25,120,diffuse,skewed,step,0.5,0.2,iid,0.15,equal,complete,none,0.0,2923373,DIFFUSE_ASYNCHRONOUS,0.8997105059665208,4.789915966386555,7.094527156515146,0.02096166603234716,7.094527156515146,0.09010981138212067,1.0,0.04956931204223957,0.09167494433966152,1.0,0.0,0.02325606550774798,0.9831932773109244,-0.04212679472578452,3.2188758248682006,4.787491742782046,1.0,5.0,3.3329518954413615
calibration-base-370,base,25,120,diffuse,skewed,step,2.0,0.2,iid,0.15,equal,complete,none,0.0,2931292,DIFFUSE_ASYNCHRONOUS,0.7248346257215169,4.621848739495799,7.606337264619207,0.0,7.606337264619207,0.07243989933459491,1.0,0.055240342950466335,0.5746898680544529,1.0,0.0,0.0,0.12605042016806722,-0.13462705679004852,3.2188758248682006,4.787491742782046,1.0,5.0,13.014271764733882
calibration-base-371,base,25,120,diffuse,skewed,step,2.0,0.5,iid,0.15,equal,complete,none,0.0,2938949,DIFFUSE_ASYNCHRONOUS,0.9800617410470822,4.957983193277311,6.272993689781142,1.7763568394002505e-15,6.272993689781142,0.09817197893452259,1.0,0.05247588427080589,0.33378472837737677,1.0,0.0,1.8094336680174498e-15,0.2941176470588236,0.06426371772718843,3.2188758248682006,4.787491742782046,1.0,5.0,13.1712011414353
calibration-base-372,base,25,120,diffuse,skewed,logistic,0.5,0.2,iid,0.15,equal,complete,none,0.0,2946999,DIFFUSE_ASYNCHRONOUS,1.0188069861873041,4.705882352941177,6.028699881096622,0.03068473711513541,6.028699881096622,0.09968110535302002,1.0,0.04899032313547284,0.1648287551324662,1.0,0.0,0.030768327759371328,0.6050420168067228,-0.06856887201671212,3.2188758248682006,4.787491742782046,1.0,5.0,3.1062470984323594
calibration-base-373,base,25,120,diffuse,skewed,logistic,0.5,0.5,iid,0.15,equal,complete,none,0.0,2954787,DIFFUSE_ASYNCHRONOUS,0.8016128192395594,4.621848739495799,5.349865057750605,0.04192333206469418,5.349865057750605,0.08451522122815378,1.0,0.0578064907463036,0.11188530282237395,1.0,0.0,0.04954355924078996,0.7563025210084034,-0.07619717256989703,3.2188758248682006,4.787491742782046,1.0,5.0,2.86260025622109
calibration-base-374,base,25,120,diffuse,skewed,logistic,1.0,0.5,iid,0.15,equal,complete,none,0.0,2962837,DIFFUSE_ASYNCHRONOUS,0.8355571101095132,4.873949579831933,5.650177149628431,8.881784197001252e-16,5.650177149628431,0.08748153436354819,1.0,0.04780751112556107,0.1706606981846268,1.0,0.0,1.015275310569097e-15,0.5126050420168067,-0.0812093070976405,3.2188758248682006,4.787491742782046,1.0,5.0,4.566897861482631
calibration-base-375,base,25,120,diffuse,skewed,logistic,1.0,0.5,iid,0.15,equal,complete,none,0.0,2970887,DIFFUSE_ASYNCHRONOUS,0.6647550186230138,4.957983193277311,5.895176333622149,8.881784197001252e-16,5.895176333622149,0.06621080875157045,1.0,0.07250435334917348,0.07363632001342882,1.0,0.0,1.3414402216904784e-15,0.8991596638655462,-0.024646696227229994,3.2188758248682006,4.787491742782046,1.0,5.0,4.53772837263721
calibration-base-376,base,25,120,diffuse,skewed,logistic,2.0,0.2,iid,0.15,equal,complete,none,0.0,2978675,DIFFUSE_ASYNCHRONOUS,0.8770430888282622,4.789915966386555,7.269670115353546,8.881784197001252e-16,7.269670115353546,0.08768278395647912,1.0,0.05154085533031122,0.40131735733926976,1.0,0.0,1.0129450498982422e-15,0.21848739495798322,-0.07913416673450059,3.2188758248682006,4.787491742782046,1.0,5.0,8.753011315803233
calibration-base-377,base,25,120,diffuse,skewed,logistic,2.0,0.5,iid,0.15,equal,complete,none,0.0,2986463,DIFFUSE_ASYNCHRONOUS,0.9060417744431958,4.957983193277311,5.733919760243892,8.881784197001252e-16,5.733919760243892,0.08645257915705334,1.0,0.03752006435179045,0.10944528637967389,1.0,0.0,1.027359077496836e-15,0.7899159663865547,0.011838713047943126,3.2188758248682006,4.787491742782046,1.0,5.0,6.200637585243441
calibration-base-378,base,25,240,diffuse,skewed,step,0.5,0.2,iid,0.15,equal,complete,none,0.0,2994644,DIFFUSE_ASYNCHRONOUS,1.1305477277950322,4.518828451882845,7.629648167353058,0.010436980158365137,7.629648167353058,0.11210105197164714,1.0,0.05980701860342412,0.11450133589095074,1.0,0.0,0.009309928545343618,0.9790794979079498,-0.14826026903765133,3.2188758248682006,5.480638923341991,1.0,5.0,3.3890185342353125
calibration-base-379,base,25,240,diffuse,skewed,step,0.5,0.5,iid,0.15,equal,complete,none,0.0,3002301,DIFFUSE_ASYNCHRONOUS,0.7928935526321016,4.937238493723849,6.629521339946082,0.010436980158365248,6.629521339946082,0.07887394171306979,1.0,0.06125156418717998,0.10651142586246025,1.0,0.0,0.01323132368115246,0.7405857740585773,-0.013879568770058548,3.2188758248682006,5.480638923341991,1.0,5.0,3.401333670155461
calibration-base-380,base,25,240,diffuse,skewed,step,1.0,0.2,iid,0.15,equal,complete,none,0.0,3010482,DIFFUSE_ASYNCHRONOUS,0.7704777118151029,4.811715481171548,7.945421900533271,8.881784197001252e-16,7.945421900533271,0.07691938049733796,1.0,0.05412637808564322,0.09726842295695118,1.0,0.0,1.1546874324226564e-15,0.7907949790794979,-0.0458182877806418,3.2188758248682006,5.480638923341991,1.0,5.0,6.664346205060639
calibration-base-381,base,25,240,diffuse,skewed,step,1.0,0.5,iid,0.15,equal,complete,none,0.0,3018401,DIFFUSE_ASYNCHRONOUS,0.5862970810289938,4.811715481171548,8.07396045081091,8.881784197001252e-16,8.07396045081091,0.05873165584529233,1.0,0.04838644981668749,0.06156520064484591,1.0,0.0,1.5122652459173219e-15,0.9539748953974895,-0.043155638744697106,3.2188758248682006,5.480638923341991,1.0,5.0,6.682702982066945
calibration-base-382,base,25,240,diffuse,skewed,step,2.0,0.5,iid,0.15,equal,complete,none,0.0,3026058,DIFFUSE_ASYNCHRONOUS,0.8303635081461685,4.393305439330543,6.4949386494402495,8.881784197001252e-16,6.4949386494402495,0.08305134739311101,1.0,0.05301316614022503,0.4135265005615319,1.0,0.0,1.069432884088041e-15,0.20083682008368203,-0.12966260820654565,3.2188758248682006,5.480638923341991,1.0,5.0,13.547952577575442
calibration-base-383,base,25,240,diffuse,skewed,logistic,0.5,0.2,iid,0.15,equal,complete,none,0.0,3033977,DIFFUSE_ASYNCHRONOUS,0.9177507327221753,4.686192468619247,6.884191226784208,0.018502788230713333,6.884191226784208,0.08947822197326645,1.0,0.0711373060685395,0.10485228803800643,1.0,0.0,0.020674118435656336,0.8535564853556487,-0.09639892376718566,3.2188758248682006,5.480638923341991,1.0,5.0,2.993480602387928
calibration-base-384,base,25,240,diffuse,skewed,logistic,0.5,0.2,iid,0.15,equal,complete,none,0.0,3042027,DIFFUSE_ASYNCHRONOUS,0.7638143835718483,5.06276150627615,6.03577029545753,0.01043698015836536,6.03577029545753,0.07905662348518191,1.0,0.04203383568750068,0.07939571221864758,1.0,0.0,0.013200754452974094,0.99581589958159,-0.058233384914414044,3.2188758248682006,5.480638923341991,1.0,5.0,3.0647720049108518
calibration-base-385,base,25,240,diffuse,skewed,logistic,0.5,0.5,iid,0.15,equal,complete,none,0.0,3049815,DIFFUSE_ASYNCHRONOUS,0.8202937243068774,4.811715481171548,5.668805574862418,0.023995328499421806,5.668805574862418,0.08023781540134141,1.0,0.04990163231759738,0.09497728279247879,1.0,0.0,0.029891897933652458,0.8451882845188283,-0.03503098926234868,3.2188758248682006,5.480638923341991,1.0,5.0,2.688794770279194
calibration-base-386,base,25,240,diffuse,skewed,logistic,1.0,0.2,iid,0.15,equal,complete,none,0.0,3057996,DIFFUSE_ASYNCHRONOUS,0.8204940927694802,5.146443514644352,6.129012736193783,8.881784197001252e-16,6.129012736193783,0.08161874827315505,2.0,0.038823677911038294,0.10431487078761528,1.0,0.0,1.0882039218828022e-15,0.7824267782426778,0.06878863371938893,3.2188758248682006,5.480638923341991,1.0,5.0,5.490387902011895
calibration-base-387,base,25,240,diffuse,skewed,logistic,1.0,0.5,iid,0.15,equal,complete,none,0.0,3065915,DIFFUSE_ASYNCHRONOUS,1.011937567209057,4.937238493723849,5.490663362398105,8.881784197001252e-16,5.490663362398105,0.09828187367190282,1.0,0.04556142318905166,0.11347520679992644,1.0,0.0,9.03705216961122e-16,0.8661087866108786,0.014244096723625357,3.2188758248682006,5.480638923341991,1.0,5.0,4.558486835004576
calibration-base-388,base,25,240,diffuse,skewed,logistic,2.0,0.2,iid,0.15,equal,complete,none,0.0,3073834,DIFFUSE_ASYNCHRONOUS,0.6741464465512951,5.02092050209205,7.041471117960527,8.881784197001252e-16,7.041471117960527,0.06779792167541118,1.0,0.05470773613340296,0.0890313367056224,1.0,0.0,1.3100378267528044e-15,0.7615062761506275,0.020160120339322844,3.2188758248682006,5.480638923341991,1.0,5.0,8.544466158087685
calibration-base-389,base,25,240,diffuse,skewed,logistic,2.0,0.5,iid,0.15,equal,complete,none,0.0,3081622,DIFFUSE_ASYNCHRONOUS,0.846533661508225,4.853556485355648,6.160595151667233,8.881784197001252e-16,6.160595151667233,0.07904402471961611,1.0,0.060679213256474365,0.08249572885584389,1.0,0.0,1.1236502984895566e-15,0.9581589958158995,-0.06488308306279067,3.2188758248682006,5.480638923341991,1.0,5.0,6.143906054986202
calibration-base-390,base,60,60,diffuse,skewed,step,0.5,0.5,iid,0.15,equal,complete,none,0.0,3089541,DIFFUSE_ASYNCHRONOUS,0.8994172160708559,5.084745762711864,6.874408736088573,0.04227861453981855,6.874408736088573,0.08906148457872567,1.0,0.04902789200045338,0.2191893735596721,1.0,0.0,0.047417867811046975,0.4067796610169491,-0.006082693368265814,4.0943445622221,4.0943445622221,1.0,5.0,3.3966499207643412
calibration-base-391,base,60,60,diffuse,skewed,step,1.0,0.2,iid,0.15,equal,complete,none,0.0,3097591,DIFFUSE_ASYNCHRONOUS,0.854974222100462,4.576271186440678,7.309090007475884,8.881784197001252e-16,7.309090007475884,0.0851515707598676,1.0,0.04272144071568576,0.5582158527591319,1.0,0.0,1.0430558259516319e-15,0.15254237288135597,-0.1556159395414817,4.0943445622221,4.0943445622221,1.0,5.0,6.698838864151458
calibration-base-392,base,60,60,diffuse,skewed,step,1.0,0.5,iid,0.15,equal,complete,none,0.0,3105510,DIFFUSE_ASYNCHRONOUS,1.0678368091981305,4.745762711864407,7.16378458610789,8.881784197001252e-16,7.16378458610789,0.10778788947183607,1.0,0.04414991815033244,0.794935684854791,1.0,0.0,8.240057617346685e-16,0.13559322033898305,-0.0711752598388516,4.0943445622221,4.0943445622221,1.0,5.0,6.659441980791593
calibration-base-393,base,60,60,diffuse,skewed,logistic,0.5,0.5,iid,0.15,equal,complete,none,0.0,3113167,DIFFUSE_ASYNCHRONOUS,1.1136660836976822,5.084745762711864,4.956460821315411,0.06779661016949162,4.956460821315411,0.11861850679724746,1.0,0.025326751514439565,0.18945712472804588,1.0,0.0,0.05706204412385697,0.6271186440677965,0.03714698019288607,4.0943445622221,4.0943445622221,1.0,5.0,2.8494404340277875
calibration-base-394,base,60,60,diffuse,skewed,logistic,1.0,0.2,iid,0.15,equal,complete,none,0.0,3121086,DIFFUSE_ASYNCHRONOUS,1.074415646280607,4.915254237288135,6.285693008243071,8.881784197001252e-16,6.285693008243071,0.10480606690513299,1.0,0.05696664063266886,0.4416827105287748,1.0,0.0,8.474494329646729e-16,0.23728813559322032,-0.030767928744989705,4.0943445622221,4.0943445622221,1.0,5.0,5.688666279828839
calibration-base-395,base,60,60,diffuse,skewed,logistic,1.0,0.2,iid,0.15,equal,complete,none,0.0,3129267,DIFFUSE_ASYNCHRONOUS,0.8890581419472732,5.084745762711864,6.149409637292854,8.881784197001252e-16,6.149409637292854,0.09262091132801432,1.0,0.05271134355601569,0.4203564437194495,1.0,0.0,9.589394090009184e-16,0.22033898305084748,0.032950333299636744,4.0943445622221,4.0943445622221,1.0,5.0,5.581272812697
calibration-base-396,base,60,60,diffuse,skewed,logistic,1.0,0.5,iid,0.15,equal,complete,none,0.0,3137055,DIFFUSE_ASYNCHRONOUS,0.9093393248798269,5.084745762711864,5.981737284062801,8.881784197001252e-16,5.981737284062801,0.09289448269372645,1.0,0.046361025617022183,0.4982522253572601,1.0,0.0,9.561153622314186e-16,0.1864406779661017,-0.03684538668317444,4.0943445622221,4.0943445622221,1.0,5.0,4.677313086511592
calibration-base-397,base,60,60,diffuse,skewed,logistic,1.0,0.5,iid,0.15,equal,complete,none,0.0,3145105,DIFFUSE_ASYNCHRONOUS,0.950434974805458,4.915254237288135,5.618222271599981,8.881784197001252e-16,5.618222271599981,0.09396679397978056,1.0,0.05510709366526251,0.36960272298713676,1.0,0.0,9.452045579965625e-16,0.25423728813559326,0.016523077041401175,4.0943445622221,4.0943445622221,1.0,5.0,4.766932162545835
calibration-base-398,base,60,60,diffuse,skewed,logistic,2.0,0.2,iid,0.15,equal,complete,none,0.0,3153024,DIFFUSE_ASYNCHRONOUS,0.8864108428026741,4.915254237288135,6.868992031698307,8.881784197001252e-16,6.868992031698307,0.08898036046511268,1.0,0.040893122163410074,0.524984126744165,1.0,0.0,9.98173546451704e-16,0.16949152542372875,-0.028521732896532988,4.0943445622221,4.0943445622221,1.0,5.0,8.610653508149714
calibration-base-399,base,60,60,diffuse,skewed,logistic,2.0,0.5,iid,0.15,equal,complete,none,0.0,3160812,DIFFUSE_ASYNCHRONOUS,0.7121062549737687,4.745762711864407,6.11807289493966,8.881784197001252e-16,6.11807289493966,0.07038094634633328,1.0,0.04995804233964769,0.3194212180333587,1.0,0.0,1.2619586206322696e-15,0.22033898305084748,-0.07883112388427342,4.0943445622221,4.0943445622221,1.0,5.0,6.295902923191953
calibration-base-400,base,60,120,diffuse,skewed,step,0.5,0.2,iid,0.15,equal,complete,none,0.0,3168862,DIFFUSE_ASYNCHRONOUS,0.7391168771229265,5.04201680672269,7.041720896732897,0.020961666032347157,7.041720896732897,0.07515816453291561,1.0,0.04590437389306973,0.10403836518998347,1.0,0.0,0.027879230866938068,0.7226890756302522,-0.022971305267543794,4.0943445622221,4.787491742782046,1.0,5.0,3.3506745911845064
calibration-base-401,base,60,120,diffuse,skewed,step,1.0,0.5,iid,0.15,equal,complete,none,0.0,3176519,DIFFUSE_ASYNCHRONOUS,0.7986793233285764,5.2100840336134455,7.191721636225793,8.881784197001252e-16,7.191721636225793,0.0799600917335481,1.0,0.04594866567210596,0.29735159113413195,1.0,0.0,1.110777139500805e-15,0.26890756302521013,0.08480068170563251,4.0943445622221,4.787491742782046,1.0,5.0,6.702246496776933
calibration-base-402,base,60,120,diffuse,skewed,step,1.0,0.5,iid,0.15,equal,complete,none,0.0,3184569,DIFFUSE_ASYNCHRONOUS,1.1071530450478972,4.957983193277311,6.662384608620849,8.881784197001252e-16,6.662384608620849,0.11082768541948448,1.0,0.03790083734910742,0.7326941424954804,1.0,0.0,8.014048261843205e-16,0.15126050420168075,-0.009786367866229315,4.0943445622221,4.787491742782046,1.0,5.0,6.733078344017242
calibration-base-403,base,60,120,diffuse,skewed,step,2.0,0.2,iid,0.15,equal,complete,none,0.0,3192357,DIFFUSE_ASYNCHRONOUS,1.0575041061207293,4.873949579831933,6.30078223719918,4.440892098500626e-16,6.30078223719918,0.10545427968929007,1.0,0.050295302790024414,1.1408235711841377,1.0,0.0,4.21120139607918e-16,0.092436974789916,-0.01677596336245328,4.0943445622221,4.787491742782046,1.0,5.0,13.294602527816089
calibration-base-404,base,60,120,diffuse,skewed,step,2.0,0.5,iid,0.15,equal,complete,none,0.0,3200276,DIFFUSE_ASYNCHRONOUS,0.7330196210682464,4.873949579831933,7.647973789483026,0.0,7.647973789483026,0.0733566063307404,1.0,0.04427300127737426,0.41568743587419554,1.0,0.0,0.0,0.1764705882352941,-0.05182984608169653,4.0943445622221,4.787491742782046,1.0,5.0,13.242157788625049
calibration-base-405,base,60,120,diffuse,skewed,logistic,0.5,0.2,iid,0.15,equal,complete,none,0.0,3208195,DIFFUSE_ASYNCHRONOUS,0.7504713472832675,4.789915966386555,6.913633163036916,0.0371610620768112,6.913633163036916,0.07403481103921297,1.0,0.04478314203540376,0.0938429133161315,1.0,0.0,0.050130927957205265,0.7899159663865547,-0.06260442875658281,4.0943445622221,4.787491742782046,1.0,5.0,3.06039198024766
calibration-base-406,base,60,120,diffuse,skewed,logistic,0.5,0.5,iid,0.15,equal,complete,none,0.0,3216114,DIFFUSE_ASYNCHRONOUS,0.8984156856381958,5.126050420168068,5.800588637972384,0.04192333206469387,5.800588637972384,0.08627723812485463,1.0,0.045706007658859384,0.10935218105752222,1.0,0.0,0.04853415259674363,0.7899159663865547,0.04985927318247257,4.0943445622221,4.787491742782046,1.0,5.0,2.8085991352880093
calibration-base-407,base,60,120,diffuse,skewed,logistic,1.0,0.2,iid,0.15,equal,complete,none,0.0,3224033,DIFFUSE_ASYNCHRONOUS,0.7329096970391187,4.705882352941177,7.244336331115986,8.881784197001252e-16,7.244336331115986,0.0703025431066487,1.0,0.045626804024027474,0.3346401051876477,1.0,0.0,1.2633659899795685e-15,0.21008403361344544,-0.09640065147909445,4.0943445622221,4.787491742782046,1.0,5.0,5.527960350389241
calibration-base-408,base,60,120,diffuse,skewed,logistic,1.0,0.5,iid,0.15,equal,complete,none,0.0,3231952,DIFFUSE_ASYNCHRONOUS,1.0477387676075312,5.04201680672269,5.7151145416225635,8.881784197001252e-16,5.7151145416225635,0.10230371041542896,1.0,0.03974693124356549,0.11377702373304716,1.0,0.0,8.681781101520775e-16,0.8991596638655462,0.041232304801741,4.0943445622221,4.787491742782046,1.0,5.0,4.651076420315272
calibration-base-409,base,60,120,diffuse,skewed,logistic,2.0,0.5,iid,0.15,equal,complete,none,0.0,3240002,DIFFUSE_ASYNCHRONOUS,0.7810092667687449,4.957983193277311,5.916838629994798,8.881784197001252e-16,5.916838629994798,0.07621621743444189,1.0,0.05566264284896599,0.11480670727466565,1.0,0.0,1.1653404611218084e-15,0.6638655462184874,-0.003994474089503746,4.0943445622221,4.787491742782046,1.0,5.0,6.251027837486781
calibration-base-410,base,60,240,diffuse,skewed,step,0.5,0.2,iid,0.15,equal,complete,none,0.0,3247790,DIFFUSE_ASYNCHRONOUS,1.0233102497192335,4.728033472803347,7.093282489499301,0.010436980158365361,7.093282489499301,0.10201571328085564,1.0,0.0370588312665131,0.11447432601114121,1.0,0.0,0.010230222045807912,0.891213389121339,-0.07938605997137758,4.0943445622221,5.480638923341991,1.0,5.0,3.332713668239898
calibration-base-411,base,60,240,diffuse,skewed,step,1.0,0.2,iid,0.15,equal,complete,none,0.0,3255840,DIFFUSE_ASYNCHRONOUS,0.7680898986447888,4.895397489539748,7.405098033897539,8.881784197001252e-16,7.405098033897539,0.07679654514395218,1.0,0.041157945138249254,0.1835437428940457,1.0,0.0,1.1565343441365348e-15,0.41841004184100417,-0.0438999041230972,4.0943445622221,5.480638923341991,1.0,5.0,6.7110072084710275
calibration-base-412,base,60,240,diffuse,skewed,step,1.0,0.2,iid,0.15,equal,complete,none,0.0,3263890,DIFFUSE_ASYNCHRONOUS,0.7842730479226644,4.853556485355648,7.040461783086288,8.881784197001252e-16,7.040461783086288,0.0787237193411059,1.0,0.04062529949963173,0.11002905802645797,1.0,0.0,1.1282221255981225e-15,0.7154811715481171,-0.08880209942802686,4.0943445622221,5.480638923341991,1.0,5.0,6.704026580166193
calibration-base-413,base,60,240,diffuse,skewed,step,1.0,0.5,iid,0.15,equal,complete,none,0.0,3271547,DIFFUSE_ASYNCHRONOUS,0.9612918935312251,5.02092050209205,7.7343043079996825,8.881784197001252e-16,7.7343043079996825,0.09614480000336832,1.0,0.04663293574355193,0.14272426832798157,1.0,0.0,9.237924668510506e-16,0.6736401673640167,-0.003123583647006131,4.0943445622221,5.480638923341991,1.0,5.0,6.62869864846238
calibration-base-414,base,60,240,diffuse,skewed,step,1.0,0.5,iid,0.15,equal,complete,none,0.0,3279728,DIFFUSE_ASYNCHRONOUS,0.7481066148135497,4.811715481171548,8.007849375523193,8.881784197001252e-16,8.007849375523193,0.07477726126197524,1.0,0.047366015369090735,0.1396231675125944,1.0,0.0,1.1877653777509635e-15,0.5355648535564853,-0.061198707652687645,4.0943445622221,5.480638923341991,1.0,5.0,6.657843557122432
calibration-base-415,base,60,240,diffuse,skewed,logistic,0.5,0.2,iid,0.15,equal,complete,none,0.0,3287647,DIFFUSE_ASYNCHRONOUS,0.8346556682366053,4.853556485355648,6.5148733061792,0.012330093305950782,6.5148733061792,0.08058806744014269,1.0,0.034198891536119914,0.08127764717569241,1.0,0.0,0.015298357123178173,0.99163179916318,-0.04131626357994268,4.0943445622221,5.480638923341991,1.0,5.0,3.039946029107714
calibration-base-416,base,60,240,diffuse,skewed,logistic,1.0,0.2,iid,0.15,equal,complete,none,0.0,3295435,DIFFUSE_ASYNCHRONOUS,0.8270685155069998,4.644351464435147,6.968717787953799,8.881784197001252e-16,6.968717787953799,0.08376085894579342,1.0,0.046055650064898555,0.08591779093581386,1.0,0.0,1.0603740588129805e-15,0.9748953974895397,-0.12981272941022315,4.0943445622221,5.480638923341991,1.0,5.0,5.607492137554136
calibration-base-417,base,60,240,diffuse,skewed,logistic,1.0,0.2,iid,0.15,equal,complete,none,0.0,3303485,DIFFUSE_ASYNCHRONOUS,0.8933925865456347,4.97907949790795,6.390831325419165,8.881784197001252e-16,6.390831325419165,0.08950549947383502,1.0,0.04713058719053341,0.09423706772795845,1.0,0.0,9.923171480203457e-16,0.9497907949790795,0.007748256856543845,4.0943445622221,5.480638923341991,1.0,5.0,5.572166106947027
calibration-base-418,base,60,240,diffuse,skewed,logistic,1.0,0.5,iid,0.15,equal,complete,none,0.0,3311142,DIFFUSE_ASYNCHRONOUS,1.0151616244897474,4.895397489539748,5.759733683268902,1.3322676295501878e-15,5.759733683268902,0.09854363364820198,1.0,0.04120505557118408,0.16469880029314876,1.0,0.0,1.3519570775179104e-15,0.598326359832636,-0.0032294988275137237,4.0943445622221,5.480638923341991,1.0,5.0,4.585397676515254
calibration-base-419,base,120,60,diffuse,skewed,step,0.5,0.2,iid,0.15,equal,complete,none,0.0,3319061,DIFFUSE_ASYNCHRONOUS,0.8015633804117127,5.084745762711864,6.557077175258994,0.042278614539818654,6.557077175258994,0.08013442694190838,1.0,0.04559142040203427,0.36419283821301895,1.0,0.0,0.05268633697738336,0.2203389830508474,0.01555595897650499,4.787491742782046,4.0943445622221,1.0,5.0,3.322323589102745
calibration-base-420,base,120,60,diffuse,skewed,step,0.5,0.5,iid,0.15,equal,complete,none,0.0,3327242,DIFFUSE_ASYNCHRONOUS,1.0078544962002627,4.915254237288135,6.20532867612291,0.042278614539818654,6.20532867612291,0.10251386741735717,1.0,0.039167438194103954,0.17804293395745854,1.0,0.0,0.04120681988466035,0.576271186440678,-0.011063107095294598,4.787491742782046,4.0943445622221,1.0,5.0,3.375281757366529
calibration-base-421,base,120,60,diffuse,skewed,step,1.0,0.5,iid,0.15,equal,complete,none,0.0,3334899,DIFFUSE_ASYNCHRONOUS,0.8715425607901598,4.915254237288135,6.7253562540746765,8.881784197001252e-16,6.7253562540746765,0.08721405446144968,1.0,0.040821560426332705,0.46778447392959366,1.0,0.0,1.0183890947217886e-15,0.18644067796610173,-0.02923842102253981,4.787491742782046,4.0943445622221,1.0,5.0,6.616713808997925
calibration-base-422,base,120,60,diffuse,skewed,step,2.0,0.2,iid,0.15,equal,complete,none,0.0,3342818,DIFFUSE_ASYNCHRONOUS,0.8433930218194015,4.915254237288135,7.339715404885475,8.881784197001252e-16,7.339715404885475,0.08509344873370701,1.0,0.045953673029003286,1.0041026950577434,1.0,0.0,1.043768272313897e-15,0.08474576271186436,-0.06407764227483925,4.787491742782046,4.0943445622221,1.0,5.0,13.308323215812173
calibration-base-423,base,120,60,diffuse,skewed,step,2.0,0.2,iid,0.15,equal,complete,none,0.0,3350868,DIFFUSE_ASYNCHRONOUS,0.7951296376727104,4.745762711864407,7.830237262214574,8.881784197001252e-16,7.830237262214574,0.07885101270742054,1.0,0.05397883849897108,0.6646013928196871,1.0,0.0,1.126400776862236e-15,0.11864406779661021,-0.06826930386108625,4.787491742782046,4.0943445622221,1.0,5.0,13.618051016394986
calibration-base-424,base,120,60,diffuse,skewed,step,2.0,0.5,iid,0.15,equal,complete,none,0.0,3358918,DIFFUSE_ASYNCHRONOUS,0.7284904755710827,4.915254237288135,7.090614903709709,8.881784197001252e-16,7.090614903709709,0.07254499088857037,1.0,0.0499209571651153,0.5350193078032065,1.0,0.0,1.2243139172274123e-15,0.13559322033898305,-0.07020794572459964,4.787491742782046,4.0943445622221,1.0,5.0,13.449486571490887
calibration-base-425,base,120,60,diffuse,skewed,logistic,0.5,0.2,iid,0.15,equal,complete,none,0.0,3366706,DIFFUSE_ASYNCHRONOUS,0.7992899148079264,5.084745762711864,6.507489623420303,0.057616039701613234,6.507489623420303,0.08356701411977094,1.0,0.040049239284397506,0.5491287212828364,1.0,0.0,0.06878262500505375,0.1525423728813559,-0.027540661410879783,4.787491742782046,4.0943445622221,1.0,5.0,3.2254012970080206
calibration-base-426,base,120,60,diffuse,skewed,logistic,0.5,0.2,iid,0.15,equal,complete,none,0.0,3374756,DIFFUSE_ASYNCHRONOUS,0.8758906189061115,4.915254237288135,6.47372289478402,0.05761603970161353,6.47372289478402,0.0894333284990392,1.0,0.04205670668743824,0.26437524625678044,1.0,0.0,0.06429017826982004,0.33898305084745767,-0.04247318294647481,4.787491742782046,4.0943445622221,1.0,5.0,3.1920092684646564
calibration-base-427,base,120,60,diffuse,skewed,logistic,1.0,0.5,iid,0.15,equal,complete,none,0.0,3382544,DIFFUSE_ASYNCHRONOUS,1.0745033247796587,4.915254237288135,5.9038687416057565,8.881784197001252e-16,5.9038687416057565,0.0956100978810036,1.0,0.04147432154671513,0.4029282696413723,0.9916666666666667,0.0,9.289588018260925e-16,0.23728813559322032,-0.05152414095653081,4.787491742782046,4.0943445622221,1.0,5.0,4.754163243634351
calibration-base-428,base,120,60,diffuse,skewed,logistic,1.0,0.5,iid,0.15,equal,complete,none,0.0,3390594,DIFFUSE_ASYNCHRONOUS,0.7594535130560457,5.084745762711864,5.995849902744546,8.881784197001252e-16,5.995849902744546,0.07592303886045558,1.0,0.03983866878763745,0.2634976054568753,1.0,0.0,1.1698404503178177e-15,0.28813559322033894,-0.0038250345819037935,4.787491742782046,4.0943445622221,1.0,5.0,4.712357137314923
calibration-base-429,base,120,60,diffuse,skewed,logistic,2.0,0.5,iid,0.15,equal,complete,none,0.0,3398251,DIFFUSE_ASYNCHRONOUS,0.8907473131808668,5.084745762711864,5.969870207517603,8.881784197001252e-16,5.969870207517603,0.0865088492677361,1.0,0.04069192941448873,0.4253351755663691,1.0,0.0,1.026690826682139e-15,0.20338983050847462,0.001268083937165069,4.787491742782046,4.0943445622221,1.0,5.0,6.213182227276587
calibration-base-430,base,120,60,diffuse,skewed,logistic,2.0,0.5,iid,0.15,equal,complete,none,0.0,3406301,DIFFUSE_ASYNCHRONOUS,0.7726510030798766,4.915254237288135,6.0130654993801524,8.881784197001252e-16,6.0130654993801524,0.0754029627139735,1.0,0.03794608409215292,0.3177696285803168,1.0,0.0,1.1779091798677165e-15,0.23728813559322037,-0.06512553913216297,4.787491742782046,4.0943445622221,1.0,5.0,6.224432031059701
calibration-base-431,base,120,120,diffuse,skewed,step,0.5,0.2,iid,0.15,equal,complete,none,0.0,3414089,DIFFUSE_ASYNCHRONOUS,0.7787877074959333,4.957983193277311,7.159240712111426,0.02096166603234716,7.159240712111426,0.07790738204439925,1.0,0.03623649116690107,0.11449794578870039,1.0,0.0,0.026896145459547213,0.680672268907563,-0.0789507298833509,4.787491742782046,4.787491742782046,1.0,5.0,3.3593105165705586
calibration-base-432,base,120,120,diffuse,skewed,step,0.5,0.5,iid,0.15,equal,complete,none,0.0,3422008,DIFFUSE_ASYNCHRONOUS,0.7142722706747849,4.873949579831933,7.356034548485185,0.02096166603234716,7.356034548485185,0.07187013375840191,1.0,0.04143654235671851,0.3168956587871577,1.0,0.0,0.02915363451053723,0.226890756302521,-0.030167922218146983,4.787491742782046,4.787491742782046,1.0,5.0,3.336016251777403
calibration-base-433,base,120,120,diffuse,skewed,step,0.5,0.5,iid,0.15,equal,complete,none,0.0,3430058,DIFFUSE_ASYNCHRONOUS,0.7107086730146075,4.789915966386555,7.923186911970773,0.028565935650379643,7.923186911970773,0.07106953070349503,1.0,0.051530923111550435,1.2091575889146682,1.0,0.0,0.040161920208625926,0.05882352941176468,-0.060292497421299523,4.787491742782046,4.787491742782046,1.0,5.0,3.3134954596813784
calibration-base-434,base,120,120,diffuse,skewed,step,0.5,0.5,iid,0.15,equal,complete,none,0.0,3438108,DIFFUSE_ASYNCHRONOUS,0.8460154885997684,4.789915966386555,7.106727904451094,0.020961666032347157,7.106727904451094,0.08529170285386871,1.0,0.0416362328009135,0.39049143837618494,1.0,0.0,0.02456902343189899,0.21848739495798322,-0.09702032137578537,4.787491742782046,4.787491742782046,1.0,5.0,3.355919414882114
calibration-base-435,base,120,120,diffuse,skewed,step,1.0,0.5,iid,0.15,equal,complete,none,0.0,3445765,DIFFUSE_ASYNCHRONOUS,0.8746951826277365,5.04201680672269,6.8689104722320735,8.881784197001252e-16,6.8689104722320735,0.08740076540174715,1.0,0.040410242251577674,0.47275868558217793,1.0,0.0,1.0162135487229615e-15,0.1848739495798319,-0.011965761836817674,4.787491742782046,4.787491742782046,1.0,5.0,6.59564350866515
calibration-base-436,base,120,120,diffuse,skewed,step,2.0,0.2,iid,0.15,equal,complete,none,0.0,3453815,DIFFUSE_ASYNCHRONOUS,0.9422509910768108,4.873949579831933,7.0512228619112225,8.881784197001252e-16,7.0512228619112225,0.093996244188213,1.0,0.04401718812104205,0.48632839384336285,1.0,0.0,9.449084134911654e-16,0.19327731092436978,-0.025557167768273874,4.787491742782046,4.787491742782046,1.0,5.0,13.405049599798922
calibration-base-437,base,120,120,diffuse,skewed,step,2.0,0.5,iid,0.15,equal,complete,none,0.0,3461734,DIFFUSE_ASYNCHRONOUS,0.994317179572804,4.957983193277311,7.255773311055752,8.881784197001252e-16,7.255773311055752,0.09931581811172217,1.0,0.04122869947483117,0.4727432942117976,1.0,0.0,8.9429703806195e-16,0.21008403361344535,-0.0192417287159427,4.787491742782046,4.787491742782046,1.0,5.0,13.344870261428582
calibration-base-438,base,120,120,diffuse,skewed,logistic,0.5,0.2,iid,0.15,equal,complete,none,0.0,3469522,DIFFUSE_ASYNCHRONOUS,0.7677925968138334,4.789915966386555,7.024396038888168,0.028565935650379643,7.024396038888168,0.07876302304038717,1.0,0.0460924447131611,0.4466172440815629,1.0,0.0,0.036244376476110576,0.1764705882352941,-0.06006509393137469,4.787491742782046,4.787491742782046,1.0,5.0,3.1312047516195083
calibration-base-439,base,120,120,diffuse,skewed,logistic,0.5,0.5,iid,0.15,equal,complete,none,0.0,3477441,DIFFUSE_ASYNCHRONOUS,0.7737174613455844,4.705882352941177,6.058582012326424,0.03838744367668452,6.058582012326424,0.08135995466294242,1.0,0.03699562791129246,0.11677837693480375,1.0,0.0,0.04712980321521469,0.6974789915966386,-0.09298729660133155,4.787491742782046,4.787491742782046,1.0,5.0,2.7671322557816085
calibration-base-440,base,120,120,diffuse,skewed,logistic,1.0,0.2,iid,0.15,equal,complete,none,0.0,3485622,DIFFUSE_ASYNCHRONOUS,0.8071300014148063,4.957983193277311,7.20023173449895,8.881784197001252e-16,7.20023173449895,0.07915519840073562,1.0,0.04127882028747253,0.2943583940527355,1.0,0.0,1.1220721287357306e-15,0.2689075630252102,-0.016113894816677698,4.787491742782046,4.787491742782046,1.0,5.0,5.624361743852937
calibration-base-441,base,120,120,diffuse,skewed,logistic,2.0,0.5,iid,0.15,equal,complete,none,0.0,3493410,DIFFUSE_ASYNCHRONOUS,0.9353536112749675,5.04201680672269,5.926482677818427,8.881784197001252e-16,5.926482677818427,0.08930216248781328,1.0,0.0432913381068693,0.31255756870734647,1.0,0.0,9.945766092969266e-16,0.2857142857142857,0.004896537316756155,4.787491742782046,4.787491742782046,1.0,5.0,6.1589811604342035
calibration-base-442,base,120,120,diffuse,skewed,logistic,2.0,0.5,iid,0.15,equal,complete,none,0.0,3501460,DIFFUSE_ASYNCHRONOUS,0.9162693870424258,5.126050420168068,6.0107237599211985,8.881784197001252e-16,6.0107237599211985,0.08682386192895895,1.0,0.041417632721478755,0.35627722653607297,1.0,0.0,1.0229658068272185e-15,0.2436974789915966,0.023179219071245982,4.787491742782046,4.787491742782046,1.0,5.0,6.168306855659853
calibration-base-443,base,120,240,diffuse,skewed,step,0.5,0.5,iid,0.15,equal,complete,none,0.0,3509117,DIFFUSE_ASYNCHRONOUS,0.9199809377833948,4.7698744769874475,6.831875356587322,0.014223206453536209,6.831875356587322,0.09184116303363724,1.0,0.030839099154462674,0.09421746801578575,1.0,0.0,0.015484887874742604,0.9748953974895397,-0.056089272477750314,4.787491742782046,5.480638923341991,1.0,5.0,3.398988040174977
calibration-base-444,base,120,240,diffuse,skewed,step,1.0,0.5,iid,0.15,equal,complete,none,0.0,3517298,DIFFUSE_ASYNCHRONOUS,0.8616589676605214,4.811715481171548,7.108258349153633,8.881784197001252e-16,7.108258349153633,0.0860270842489477,1.0,0.04889886431196996,0.46728348035223866,1.0,0.0,1.0324404546013539e-15,0.18410041841004182,-0.038623171394121414,4.787491742782046,5.480638923341991,1.0,5.0,6.701214482986339
calibration-base-445,base,120,240,diffuse,skewed,step,2.0,0.5,iid,0.15,equal,complete,none,0.0,3525086,DIFFUSE_ASYNCHRONOUS,0.9392788046300199,4.728033472803347,7.228345355609464,8.881784197001252e-16,7.228345355609464,0.09402337656192997,1.0,0.03920350125223648,0.5350377856738395,1.0,0.0,9.446357407884758e-16,0.17573221757322174,-0.07582286925044768,4.787491742782046,5.480638923341991,1.0,5.0,13.374535273601
calibration-base-446,base,120,240,diffuse,skewed,logistic,0.5,0.5,iid,0.15,equal,complete,none,0.0,3533005,DIFFUSE_ASYNCHRONOUS,0.8376893673461995,5.104602510460251,6.006128745365829,0.021606601652481988,6.006128745365829,0.08553117293287656,1.0,0.03688349236613314,0.09691218874664628,1.0,0.0,0.025253612294356517,0.8828451882845189,0.005589963050910682,4.787491742782046,5.480638923341991,1.0,5.0,2.672346935471269
calibration-base-447,base,120,240,diffuse,skewed,logistic,0.5,0.5,iid,0.15,equal,complete,none,0.0,3541055,DIFFUSE_ASYNCHRONOUS,0.9104848725059266,5.02092050209205,5.830261166026974,0.02266119499201097,5.830261166026974,0.08776542653165473,1.0,0.033767150459484634,0.09005548461402053,1.0,0.0,0.025811581801230162,0.9748953974895397,0.01534006303023459,4.787491742782046,5.480638923341991,1.0,5.0,2.716160679591452
calibration-base-448,base,120,240,diffuse,skewed,logistic,1.0,0.2,iid,0.15,equal,complete,none,0.0,3548712,DIFFUSE_ASYNCHRONOUS,0.9438429198405353,4.937238493723849,6.268557053349221,8.881784197001252e-16,6.268557053349221,0.09568846851850542,1.0,0.03857836579461961,0.11973583233467432,1.0,0.0,9.281979672695443e-16,0.799163179916318,0.0017982900277684916,4.787491742782046,5.480638923341991,1.0,5.0,5.545008107665124
calibration-base-449,base,120,240,diffuse,skewed,logistic,1.0,0.2,iid,0.15,equal,complete,none,0.0,3556893,DIFFUSE_ASYNCHRONOUS,0.8412296186621581,4.895397489539748,7.078475587503304,8.881784197001252e-16,7.078475587503304,0.08417306380661248,1.0,0.03953483180439091,0.5158298012764202,1.0,0.0,1.0551812890412473e-15,0.16317991631799159,-0.03886155405873888,4.787491742782046,5.480638923341991,1.0,5.0,5.61603924650707
calibration-base-450,base,25,60,diffuse,spike_diffuse,step,0.5,0.2,iid,0.15,equal,complete,none,0.0,3564681,DIFFUSE_ASYNCHRONOUS,0.8506932898356514,5.084745762711864,9.238788146108982,0.057616039701613546,9.238788146108982,0.08645537336773959,1.0,0.12108647441728651,5.112181530423178,1.0,0.0,0.0664950241333429,0.016949152542372926,0.04604703332680585,3.2188758248682006,4.0943445622221,1.0,5.0,3.327190427260535
calibration-base-451,base,25,60,diffuse,spike_diffuse,step,0.5,0.5,iid,0.15,equal,complete,none,0.0,3572469,DIFFUSE_ASYNCHRONOUS,1.0754837125541967,5.084745762711864,7.542148978173759,0.042278614539818654,7.542148978173759,0.11006276157069206,1.0,0.1163389297853378,6.498492132795097,1.0,0.0,0.03838487770510541,0.016949152542372926,0.09903980589730416,3.2188758248682006,4.0943445622221,1.0,5.0,3.4927152459130486
calibration-base-452,base,25,60,diffuse,spike_diffuse,step,1.0,0.2,iid,0.15,equal,complete,none,0.0,3580388,DIFFUSE_ASYNCHRONOUS,0.958095351956581,5.084745762711864,8.300709573887515,8.881784197001252e-16,8.300709573887515,0.09710311349777803,1.0,0.13053902042011176,5.72908369636889,1.0,0.0,9.146755317175787e-16,0.016949152542372926,-0.08582456223929205,3.2188758248682006,4.0943445622221,1.0,5.0,6.8592722727415545
calibration-base-453,base,25,60,diffuse,spike_diffuse,step,1.0,0.2,iid,0.15,equal,complete,none,0.0,3588438,DIFFUSE_ASYNCHRONOUS,1.034483537033922,5.084745762711864,9.2197097324685,8.881784197001252e-16,9.2197097324685,0.10284993796099669,1.0,0.13126226952404035,6.068146339698789,1.0,0.0,8.635672877478498e-16,0.016949152542372926,0.044042768766815524,3.2188758248682006,4.0943445622221,1.0,5.0,6.816533037804635
calibration-base-454,base,25,60,diffuse,spike_diffuse,step,2.0,0.2,iid,0.15,equal,complete,none,0.0,3596226,DIFFUSE_ASYNCHRONOUS,0.9228493746087838,5.084745762711864,16.028655104530365,8.881784197001252e-16,16.028655104530365,0.09299263407056381,1.0,0.17572265407691867,5.486565410163251,1.0,0.0,9.55106206612199e-16,0.016949152542372926,-0.011251912711447685,3.2188758248682006,4.0943445622221,1.0,5.0,13.8030125727518
calibration-base-455,base,25,60,diffuse,spike_diffuse,step,2.0,0.2,iid,0.15,equal,complete,none,0.0,3604407,DIFFUSE_ASYNCHRONOUS,0.5908753085070145,5.084745762711864,16.132950027786435,8.881784197001252e-16,16.132950027786435,0.059930055947415774,1.0,0.16464712927207442,3.5358733008975216,1.0,0.0,1.4820250134247107e-15,0.016949152542372926,-0.02798501403408457,3.2188758248682006,4.0943445622221,1.0,5.0,13.169601916975221
calibration-base-456,base,25,60,diffuse,spike_diffuse,step,2.0,0.5,iid,0.15,equal,complete,none,0.0,3612326,DIFFUSE_ASYNCHRONOUS,0.5410157007203013,5.084745762711864,20.334505873746156,8.881784197001252e-16,20.334505873746156,0.053965420317647186,1.0,0.20082926218478592,3.1839597987411756,1.0,0.0,1.6458287816016192e-15,0.016949152542372926,-0.018519092095411374,3.2188758248682006,4.0943445622221,1.0,5.0,13.968108104624138
calibration-base-457,base,25,60,diffuse,spike_diffuse,logistic,0.5,0.2,iid,0.15,equal,complete,none,0.0,3620114,DIFFUSE_ASYNCHRONOUS,0.9304299614791638,5.084745762711864,6.8885047562277055,0.042278614539818536,6.8885047562277055,0.09319780587107995,1.0,0.06992788783437691,0.103855199467288,1.0,0.0,0.04531778190309448,0.8983050847457626,0.002313517908232492,3.2188758248682006,4.0943445622221,1.0,5.0,3.2210107686943363
calibration-base-458,base,25,60,diffuse,spike_diffuse,logistic,0.5,0.2,iid,0.15,equal,complete,none,0.0,3628164,DIFFUSE_ASYNCHRONOUS,0.7871245829005498,5.084745762711864,8.199628674901279,0.06188955452035791,8.199628674901279,0.08275816061007493,1.0,0.0788838966240968,0.22256209088144513,1.0,0.0,0.0745753833997436,0.3728813559322034,0.01698153655411522,3.2188758248682006,4.0943445622221,1.0,5.0,3.163673157142643
calibration-base-459,base,25,60,diffuse,spike_diffuse,logistic,1.0,0.2,iid,0.15,equal,complete,none,0.0,3636083,DIFFUSE_ASYNCHRONOUS,0.9313571347912053,4.915254237288135,7.547620401188361,8.881784197001252e-16,7.547620401188361,0.09257651322821478,1.0,0.10472689369573535,0.7802877543520963,1.0,0.0,9.593992998101303e-16,0.11864406779661012,-0.06100217553325531,3.2188758248682006,4.0943445622221,1.0,5.0,5.456741468990246
calibration-base-460,base,25,60,diffuse,spike_diffuse,logistic,2.0,0.2,iid,0.15,equal,complete,none,0.0,3644002,DIFFUSE_ASYNCHRONOUS,0.767396005633978,5.084745762711864,9.043049197578071,8.881784197001252e-16,9.043049197578071,0.07782153140220606,1.0,0.17572265407691867,1.5304901175767178,1.0,0.0,1.1413016471106702e-15,0.05084745762711869,0.020553221992752016,3.2188758248682006,4.0943445622221,1.0,5.0,8.947622994716374
calibration-base-461,base,25,120,diffuse,spike_diffuse,step,0.5,0.2,iid,0.15,equal,complete,none,0.0,3651659,DIFFUSE_ASYNCHRONOUS,0.8052002057842687,5.04201680672269,10.514918342596994,0.020961666032347157,10.514918342596994,0.08084373312530192,1.0,0.1515418737016346,9.623637565910236,1.0,0.0,0.025919910644654057,0.008403361344537874,-0.001496035016866313,3.2188758248682006,4.787491742782046,1.0,5.0,3.5739956219533027
calibration-base-462,base,25,120,diffuse,spike_diffuse,step,0.5,0.2,iid,0.15,equal,complete,none,0.0,3659709,DIFFUSE_ASYNCHRONOUS,0.9068086857888744,5.04201680672269,9.213331790066292,0.020961666032347153,9.213331790066292,0.08978321220802629,1.0,0.12514542768447418,10.687113735709863,1.0,0.0,0.02334061674214612,0.008403361344537874,0.0001946422257188067,3.2188758248682006,4.787491742782046,1.0,5.0,3.3447982563549394
calibration-base-463,base,25,120,diffuse,spike_diffuse,step,1.0,0.2,iid,0.15,equal,complete,none,0.0,3667759,DIFFUSE_ASYNCHRONOUS,0.9317557521193461,5.04201680672269,9.827658939146803,0.0,9.827658939146803,0.09364587643356423,1.0,0.14367761933593032,11.143859295594066,1.0,0.0,0.0,0.008403361344537874,0.03813585926828502,3.2188758248682006,4.787491742782046,1.0,5.0,6.662215042862758
calibration-base-464,base,25,120,diffuse,spike_diffuse,step,1.0,0.5,iid,0.15,equal,complete,none,0.0,3675547,DIFFUSE_ASYNCHRONOUS,1.1047632733402357,5.04201680672269,7.6774987768280605,0.0,7.6774987768280605,0.11058976781140373,1.0,0.12026393583781879,13.160182369556951,1.0,0.0,0.0,0.008403361344537874,-0.06793076449959679,3.2188758248682006,4.787491742782046,1.0,5.0,6.740657914288541
calibration-base-465,base,25,120,diffuse,spike_diffuse,step,2.0,0.2,iid,0.15,equal,complete,none,0.0,3683335,DIFFUSE_ASYNCHRONOUS,1.0114229413264852,5.04201680672269,9.306762568313571,0.0,9.306762568313571,0.10069681663651917,1.0,0.140580483529351,11.982921179745697,1.0,0.0,0.0,0.008403361344537874,-0.038106604524171715,3.2188758248682006,4.787491742782046,1.0,5.0,13.673251282627213
calibration-base-466,base,25,120,diffuse,spike_diffuse,logistic,0.5,0.2,iid,0.15,equal,complete,none,0.0,3691254,DIFFUSE_ASYNCHRONOUS,0.7520356886036321,4.957983193277311,7.4568673278652335,0.028565935650379643,7.4568673278652335,0.07918358772653401,1.0,0.078335126566494,0.1654206423626374,1.0,0.0,0.036052124014245734,0.47899159663865554,-0.0383901928145673,3.2188758248682006,4.787491742782046,1.0,5.0,3.01214512036621
calibration-base-467,base,25,120,diffuse,spike_diffuse,logistic,0.5,0.5,iid,0.15,equal,complete,none,0.0,3699304,DIFFUSE_ASYNCHRONOUS,0.9524222679232063,5.546218487394959,5.517796562987619,0.028565935650379945,5.517796562987619,0.09068019079125293,1.0,0.03922565524685241,0.09996570056493172,1.0,0.0,0.031486228694818603,0.907563025210084,0.12520519927840945,3.2188758248682006,4.787491742782046,1.0,5.0,2.7633753579093367
calibration-base-468,base,25,120,diffuse,spike_diffuse,logistic,0.5,0.5,iid,0.15,equal,complete,none,0.0,3707354,DIFFUSE_ASYNCHRONOUS,1.101869072682824,4.789915966386555,5.65850594364454,0.03716106207681115,5.65850594364454,0.11422726027500281,1.0,0.053021868126672554,0.0,1.0,0.0,0.03251536677247787,1.0,-0.0749150723951459,3.2188758248682006,4.787491742782046,1.0,5.0,2.9303402559209375
calibration-base-469,base,25,120,diffuse,spike_diffuse,logistic,1.0,0.2,iid,0.15,equal,complete,none,0.0,3715011,DIFFUSE_ASYNCHRONOUS,0.9550353937836762,4.957983193277311,7.146117305435853,8.881784197001252e-16,7.146117305435853,0.09747899159663867,1.0,0.11699127220810851,0.19661016949152543,1.0,0.0,9.111485512440939e-16,0.4957983193277311,-0.08175892539553327,3.2188758248682006,4.787491742782046,1.0,5.0,5.6182296206918805
calibration-base-470,base,25,120,diffuse,spike_diffuse,logistic,1.0,0.5,iid,0.15,equal,complete,none,0.0,3722930,DIFFUSE_ASYNCHRONOUS,0.560214929083921,5.04201680672269,6.464422459437937,8.881784197001252e-16,6.464422459437937,0.05925507966230671,1.0,0.10694419259614442,0.0849560780700542,1.0,0.0,1.4989068021878175e-15,0.6974789915966386,-0.03139043026081992,3.2188758248682006,4.787491742782046,1.0,5.0,4.652061049157759
calibration-base-471,base,25,120,diffuse,spike_diffuse,logistic,2.0,0.2,iid,0.15,equal,complete,none,0.0,3730849,DIFFUSE_ASYNCHRONOUS,0.9140463061490103,4.957983193277311,7.580358688676872,8.881784197001252e-16,7.580358688676872,0.08972334665572532,1.0,0.1387762822333868,1.3346347815039135,1.0,0.0,9.899078141925838e-16,0.06722689075630255,-0.016424272948245458,3.2188758248682006,4.787491742782046,1.0,5.0,8.503415492360032
calibration-base-472,base,25,120,diffuse,spike_diffuse,logistic,2.0,0.2,iid,0.15,equal,complete,none,0.0,3739030,DIFFUSE_ASYNCHRONOUS,0.9036373439449908,5.04201680672269,7.727767909141847,8.881784197001252e-16,7.727767909141847,0.0915767459703278,1.0,0.10955823714511215,0.9081360642057507,1.0,0.0,9.698733125851709e-16,0.10084033613445378,-0.015847775218033266,3.2188758248682006,4.787491742782046,1.0,5.0,8.539599201344569
calibration-base-473,base,25,120,diffuse,spike_diffuse,logistic,2.0,0.5,iid,0.15,equal,complete,none,0.0,3746818,DIFFUSE_ASYNCHRONOUS,1.002125521846881,5.04201680672269,5.690636321279752,8.881784197001252e-16,5.690636321279752,0.09742449940246943,1.0,0.08677954901457816,0.15881527984786112,1.0,0.0,9.116581816150573e-16,0.6134453781512605,0.004473157876494986,3.2188758248682006,4.787491742782046,1.0,5.0,6.1924810796141765
calibration-base-474,base,25,240,diffuse,spike_diffuse,step,0.5,0.5,iid,0.15,equal,complete,none,0.0,3754606,DIFFUSE_ASYNCHRONOUS,1.2242392575246996,5.02092050209205,7.548164546617882,0.01043698015836536,7.548164546617882,0.12362017819270317,1.0,0.12498607435944374,29.546275569012394,1.0,0.0,0.008442479499735898,0.004184100418409997,-0.03154281355372549,3.2188758248682006,5.480638923341991,1.0,5.0,3.3873933056159458
calibration-base-475,base,25,240,diffuse,spike_diffuse,step,2.0,0.2,iid,0.15,equal,complete,none,0.0,3762787,DIFFUSE_ASYNCHRONOUS,1.2269927668556746,5.02092050209205,7.442136369439716,1.7763568394002505e-15,7.442136369439716,0.12263980185601335,1.0,0.10439835061663887,29.310912643587503,1.0,0.0,1.4484342053045735e-15,0.004184100418409997,0.028107941193908505,3.2188758248682006,5.480638923341991,1.0,5.0,13.210850484213667
calibration-base-476,base,25,240,diffuse,spike_diffuse,step,2.0,0.5,iid,0.15,equal,complete,none,0.0,3770706,DIFFUSE_ASYNCHRONOUS,1.1897140696385347,5.02092050209205,9.027121448454626,1.7763568394002505e-15,9.027121448454626,0.11868882125702256,1.0,0.14058048352935076,28.366628280428692,1.0,0.0,1.4966505022014845e-15,0.004184100418409997,0.023789760905959148,3.2188758248682006,5.480638923341991,1.0,5.0,13.250451067946216
calibration-base-477,base,25,240,diffuse,spike_diffuse,logistic,0.5,0.2,iid,0.15,equal,complete,none,0.0,3778625,DIFFUSE_ASYNCHRONOUS,0.7116594507875104,5.02092050209205,7.126679729435278,0.014223206453536356,7.126679729435278,0.06925347835819534,1.0,0.0978211893907278,0.0788336749068552,1.0,0.0,0.020533564564053544,0.8786610878661086,-0.06566959924941489,3.2188758248682006,5.480638923341991,1.0,5.0,3.1312818386552816
calibration-base-478,base,25,240,diffuse,spike_diffuse,logistic,0.5,0.5,iid,0.15,equal,complete,none,0.0,3786282,DIFFUSE_ASYNCHRONOUS,0.9548362538197592,5.02092050209205,5.419057143092284,0.020873960316730493,5.419057143092284,0.09752030608959152,1.0,0.05828807541223075,0.10092074381933815,1.0,0.0,0.021399830417410073,0.9665271966527197,0.04772073466654523,3.2188758248682006,5.480638923341991,1.0,5.0,2.6962493699502508
calibration-base-479,base,25,240,diffuse,spike_diffuse,logistic,0.5,0.5,iid,0.15,equal,complete,none,0.0,3794332,DIFFUSE_ASYNCHRONOUS,0.6757469292828344,5.06276150627615,5.888494624910506,0.018502788230713333,5.888494624910506,0.06287048341346003,1.0,0.06764281720123684,0.07405197707878636,1.0,0.0,0.029417271127597903,0.8493723849372385,0.02689981558102008,3.2188758248682006,5.480638923341991,1.0,5.0,2.7784134714828688
calibration-base-480,base,25,240,diffuse,spike_diffuse,logistic,1.0,0.5,iid,0.15,equal,complete,none,0.0,3802382,DIFFUSE_ASYNCHRONOUS,1.1363613997200512,4.97907949790795,5.499428612372606,1.7763568394002505e-15,5.499428612372606,0.10847719111697943,1.0,0.09729147497361863,0.10893297763427764,1.0,0.0,1.6375394874344288e-15,0.99581589958159,-0.07639983636713947,3.2188758248682006,5.480638923341991,1.0,5.0,4.525059724207699
calibration-base-481,base,60,60,diffuse,spike_diffuse,step,0.5,0.5,iid,0.15,equal,complete,none,0.0,3810170,DIFFUSE_ASYNCHRONOUS,0.8178866367957252,5.084745762711864,12.21832726088701,0.042278614539818654,12.21832726088701,0.08144759039509768,1.0,0.13917020196555244,4.811877665388694,1.0,0.0,0.051839186930946184,0.016949152542372926,0.057463066791333686,4.0943445622221,4.0943445622221,1.0,5.0,3.4162348551342863
calibration-base-482,base,60,60,diffuse,spike_diffuse,step,2.0,0.2,iid,0.15,equal,complete,none,0.0,3818089,DIFFUSE_ASYNCHRONOUS,0.748788157417415,5.084745762711864,16.411066339014873,8.881784197001252e-16,16.411066339014873,0.074299155570553,1.0,0.1652645177000765,4.383650178662616,1.0,0.0,1.1954084980908413e-15,0.016949152542372926,0.006243896264210956,4.0943445622221,4.0943445622221,1.0,5.0,13.483260381133245
calibration-base-483,base,60,60,diffuse,spike_diffuse,step,2.0,0.2,iid,0.15,equal,complete,none,0.0,3826139,DIFFUSE_ASYNCHRONOUS,1.019209196871322,5.084745762711864,9.191591106901875,8.881784197001252e-16,9.191591106901875,0.10259333218833264,1.0,0.11881028607622789,6.05300659911161,1.0,0.0,8.657272366099565e-16,0.016949152542372926,-0.008079358978979177,4.0943445622221,4.0943445622221,1.0,5.0,13.333996343662063
calibration-base-484,base,60,60,diffuse,spike_diffuse,logistic,0.5,0.2,iid,0.15,equal,complete,none,0.0,3834058,DIFFUSE_ASYNCHRONOUS,0.8738339669983572,5.084745762711864,8.129558386213729,0.05761603970161354,8.129558386213729,0.09338070438455139,1.0,0.07256921528745862,1.8399795355813116,1.0,0.0,0.06158304619986309,0.05084745762711869,0.019832667444471774,4.0943445622221,4.0943445622221,1.0,5.0,3.2381872914059597
calibration-base-485,base,60,60,diffuse,spike_diffuse,logistic,0.5,0.5,iid,0.15,equal,complete,none,0.0,3841846,DIFFUSE_ASYNCHRONOUS,0.5870661404859469,5.254237288135593,6.292297706077222,0.08455722907963709,6.292297706077222,0.06549774800537599,1.0,0.0633859424045367,0.07792874237974642,1.0,0.0,0.12803687993289598,0.8474576271186441,0.04838497648936512,4.0943445622221,4.0943445622221,1.0,5.0,2.856911394009993
calibration-base-486,base,60,60,diffuse,spike_diffuse,logistic,1.0,0.5,iid,0.15,equal,complete,none,0.0,3849634,DIFFUSE_ASYNCHRONOUS,0.8610458713895681,5.084745762711864,5.740330208612758,1.1102230246251565e-15,5.740330208612758,0.09176400514735802,1.0,0.06036230261712294,0.17464762269981043,1.0,0.0,1.2098676630802235e-15,0.5254237288135594,-0.03211817156043111,4.0943445622221,4.0943445622221,1.0,5.0,4.661905454210508
calibration-base-487,base,60,60,diffuse,spike_diffuse,logistic,2.0,0.2,iid,0.15,equal,complete,none,0.0,3857553,DIFFUSE_ASYNCHRONOUS,0.9173492279776635,5.084745762711864,7.82152332364278,8.881784197001252e-16,7.82152332364278,0.09287901903668017,1.0,0.12841064738194227,1.0959724246328266,1.0,0.0,9.562745482371667e-16,0.08474576271186436,0.04487495259281307,4.0943445622221,4.0943445622221,1.0,5.0,8.497886523800183
calibration-base-488,base,60,60,diffuse,spike_diffuse,logistic,2.0,0.5,iid,0.15,equal,complete,none,0.0,3865603,DIFFUSE_ASYNCHRONOUS,0.9075314860206448,5.084745762711864,6.225164231476763,8.881784197001252e-16,6.225164231476763,0.08553819715273889,1.0,0.10430145455484512,0.560750403556844,1.0,0.0,1.038341289931765e-15,0.1525423728813559,-0.012108577794863795,4.0943445622221,4.0943445622221,1.0,5.0,6.236512733617101
calibration-base-489,base,60,60,diffuse,spike_diffuse,logistic,2.0,0.5,iid,0.15,equal,complete,none,0.0,3873653,DIFFUSE_ASYNCHRONOUS,1.04403208668185,5.084745762711864,5.878653475758634,8.881784197001252e-16,5.878653475758634,0.09993614099415807,1.0,0.06926475427992615,0.49135269322127717,1.0,0.0,8.887459640372198e-16,0.20338983050847456,-0.03491893830428212,4.0943445622221,4.0943445622221,1.0,5.0,6.181376809181649
calibration-base-490,base,60,120,diffuse,spike_diffuse,step,0.5,0.2,iid,0.15,equal,complete,none,0.0,3881441,DIFFUSE_ASYNCHRONOUS,1.045011583207653,5.04201680672269,10.96118806842497,0.020961666032347157,10.96118806842497,0.10457974846557765,1.0,0.14194867208286785,12.447489706764085,1.0,0.0,0.020039689259544375,0.008403361344537874,0.005573401718287382,4.0943445622221,4.787491742782046,1.0,5.0,3.3406888219728286
calibration-base-491,base,60,120,diffuse,spike_diffuse,step,0.5,0.5,iid,0.15,equal,complete,none,0.0,3889360,DIFFUSE_ASYNCHRONOUS,0.7649590374732529,5.04201680672269,14.409143186245107,0.028565935650379643,14.409143186245107,0.07631806749406878,1.0,0.15560144825904665,9.08820970024099,1.0,0.0,0.03740391622241083,0.008403361344537874,0.0033085103313870985,4.0943445622221,4.787491742782046,1.0,5.0,3.382057974427053
calibration-base-492,base,60,120,diffuse,spike_diffuse,step,0.5,0.5,iid,0.15,equal,complete,none,0.0,3897410,DIFFUSE_ASYNCHRONOUS,0.8280820856991528,5.04201680672269,11.296320616672308,0.020961666032347157,11.296320616672308,0.08302617402677019,1.0,0.13908199627856968,9.88326306889013,1.0,0.0,0.02523901509513714,0.008403361344537874,-0.011390785338328565,4.0943445622221,4.787491742782046,1.0,5.0,3.292420513529571
calibration-base-493,base,60,120,diffuse,spike_diffuse,step,1.0,0.2,iid,0.15,equal,complete,none,0.0,3905067,DIFFUSE_ASYNCHRONOUS,0.8659529978842093,5.04201680672269,13.171765770992483,0.0,13.171765770992483,0.08705256404392392,1.0,0.14491920308074865,10.359255121226873,1.0,0.0,0.0,0.008403361344537874,0.020570159905286517,4.0943445622221,4.787491742782046,1.0,5.0,6.647188414800345
calibration-base-494,base,60,120,diffuse,spike_diffuse,step,1.0,0.2,iid,0.15,equal,complete,none,0.0,3913248,DIFFUSE_ASYNCHRONOUS,0.9011492338036792,5.04201680672269,14.777252843950354,0.0,14.777252843950354,0.089664189324005,1.0,0.17136952954560936,10.67003852955652,1.0,0.0,0.0,0.008403361344537874,-0.011459021963493743,4.0943445622221,4.787491742782046,1.0,5.0,6.724582497006505
calibration-base-495,base,60,120,diffuse,spike_diffuse,step,1.0,0.5,iid,0.15,equal,complete,none,0.0,3920905,DIFFUSE_ASYNCHRONOUS,0.8153427201044164,5.04201680672269,14.499738632196982,0.0,14.499738632196982,0.08160351856343002,1.0,0.16345645860917388,9.710818709048105,1.0,0.0,0.0,0.008403361344537874,-0.004763564786965973,4.0943445622221,4.787491742782046,1.0,5.0,6.812527215862756
calibration-base-496,base,60,120,diffuse,spike_diffuse,step,1.0,0.5,iid,0.15,equal,complete,none,0.0,3929086,DIFFUSE_ASYNCHRONOUS,0.9231769824678351,5.04201680672269,12.631196955341142,0.0,12.631196955341142,0.09177207605593687,1.0,0.15587144619775414,10.920877050656411,1.0,0.0,0.0,0.008403361344537874,0.03480333748238023,4.0943445622221,4.787491742782046,1.0,5.0,6.776480281326276
calibration-base-497,base,60,120,diffuse,spike_diffuse,step,2.0,0.2,iid,0.15,equal,complete,none,0.0,3936874,DIFFUSE_ASYNCHRONOUS,0.7924227747628981,5.04201680672269,14.474479653297822,0.0,14.474479653297822,0.07949200319416341,1.0,0.1586204226805959,9.45954838010538,1.0,0.0,0.0,0.008403361344537874,0.006535887640206531,4.0943445622221,4.787491742782046,1.0,5.0,13.539799288019434
calibration-base-498,base,60,120,diffuse,spike_diffuse,step,2.0,0.5,iid,0.15,equal,complete,none,0.0,3944662,DIFFUSE_ASYNCHRONOUS,0.8509447553465066,5.04201680672269,17.072518649926707,0.0,17.072518649926707,0.08554476930344096,1.0,0.1812000206266127,10.179827547109403,1.0,0.0,0.0,0.008403361344537874,0.008008652420433592,4.0943445622221,4.787491742782046,1.0,5.0,13.387449083232022
calibration-base-499,base,60,120,diffuse,spike_diffuse,step,2.0,0.5,iid,0.15,equal,complete,none,0.0,3952712,DIFFUSE_ASYNCHRONOUS,0.7867588892782716,5.04201680672269,14.57890002028374,0.0,14.57890002028374,0.0785836606764891,1.0,0.1564657727358755,9.351455620502136,1.0,0.0,0.0,0.008403361344537874,-0.02645836163752523,4.0943445622221,4.787491742782046,1.0,5.0,13.309094429007231
calibration-base-500,base,60,120,diffuse,spike_diffuse,logistic,0.5,0.2,iid,0.15,equal,complete,none,0.0,3960500,DIFFUSE_ASYNCHRONOUS,0.8182265255599749,5.2100840336134455,7.3765003918269985,0.03068473711513541,7.3765003918269985,0.082597913052365,1.0,0.07254134470728155,0.08335535474619028,1.0,0.0,0.037123922457535034,0.9915966386554622,0.02795260938208145,4.0943445622221,4.787491742782046,1.0,5.0,3.1177809461136334
calibration-base-501,base,60,120,diffuse,spike_diffuse,logistic,0.5,0.5,iid,0.15,equal,complete,none,0.0,3968681,DIFFUSE_ASYNCHRONOUS,0.9908964534768586,4.957983193277311,5.617854329225391,0.039542197070752655,5.617854329225391,0.10419997612037357,1.0,0.03799629312749808,0.19090341985765072,1.0,0.0,0.03792107955327753,0.546218487394958,-0.03705755920742212,4.0943445622221,4.787491742782046,1.0,5.0,2.747573161879211
calibration-base-502,base,60,120,diffuse,spike_diffuse,logistic,1.0,0.2,iid,0.15,equal,complete,none,0.0,3976469,DIFFUSE_ASYNCHRONOUS,1.0391462949825512,5.04201680672269,7.3878046912127635,8.881784197001252e-16,7.3878046912127635,0.10297108885325276,1.0,0.11798962882638224,1.3615066192818976,1.0,0.0,8.625512554945353e-16,0.07563025210084033,-0.035618280409232136,4.0943445622221,4.787491742782046,1.0,5.0,5.679749990924236
calibration-base-503,base,60,120,diffuse,spike_diffuse,logistic,1.0,0.5,iid,0.15,equal,complete,none,0.0,3984388,DIFFUSE_ASYNCHRONOUS,0.809302370853716,4.957983193277311,6.385500989302187,1.7763568394002505e-15,6.385500989302187,0.08093687153340277,1.0,0.09335581903966383,0.08836227259151312,1.0,0.0,2.1947436387717865e-15,0.9159663865546218,-0.03985426185174503,4.0943445622221,4.787491742782046,1.0,5.0,4.676551403774104
calibration-base-504,base,60,120,diffuse,spike_diffuse,logistic,2.0,0.2,iid,0.15,equal,complete,none,0.0,3992307,DIFFUSE_ASYNCHRONOUS,0.945850845700328,5.04201680672269,8.20494025198398,8.881784197001252e-16,8.20494025198398,0.09375178991457203,1.0,0.13505584978547333,1.2396069999815635,1.0,0.0,9.473722267163604e-16,0.07563025210084033,0.014306965193830077,4.0943445622221,4.787491742782046,1.0,5.0,8.391416782073897
calibration-base-505,base,60,120,diffuse,spike_diffuse,logistic,2.0,0.2,iid,0.15,equal,complete,none,0.0,4000357,DIFFUSE_ASYNCHRONOUS,0.9976062356125578,5.04201680672269,7.591549243374588,8.881784197001252e-16,7.591549243374588,0.09992778819023276,1.0,0.12305186769019102,1.9819011324396165,1.0,0.0,8.88820252890315e-16,0.05042016806722689,0.02840073048133383,4.0943445622221,4.787491742782046,1.0,5.0,8.572334983200646
calibration-base-506,base,60,240,diffuse,spike_diffuse,step,0.5,0.2,iid,0.15,equal,complete,none,0.0,4008014,DIFFUSE_ASYNCHRONOUS,0.9294845363799731,5.02092050209205,10.539583459679175,0.012330093305950782,10.539583459679175,0.09277249719075578,1.0,0.1386671357291214,22.17458505186135,1.0,0.0,0.013289503696372006,0.004184100418409997,-0.0010273963817433614,4.0943445622221,5.480638923341991,1.0,5.0,3.3615073957289923
calibration-base-507,base,60,240,diffuse,spike_diffuse,step,1.0,0.2,iid,0.15,equal,complete,none,0.0,4016064,DIFFUSE_ASYNCHRONOUS,1.0096613635847376,5.02092050209205,10.95280484206719,1.7763568394002505e-15,10.95280484206719,0.10105800784250776,1.0,0.14089910530132163,24.15286387435961,1.0,0.0,1.7577596049276822e-15,0.004184100418409997,0.00849279955949935,4.0943445622221,5.480638923341991,1.0,5.0,6.672280108412707
calibration-base-508,base,60,240,diffuse,spike_diffuse,step,2.0,0.5,iid,0.15,equal,complete,none,0.0,4023983,DIFFUSE_ASYNCHRONOUS,0.8803942407536187,5.02092050209205,12.864173657370836,1.7763568394002505e-15,12.864173657370836,0.0878374352718693,1.0,0.13938371539282002,20.99314702997699,1.0,0.0,2.022323208666299e-15,0.004184100418409997,0.016622931108001535,4.0943445622221,5.480638923341991,1.0,5.0,13.13412445808892
calibration-base-509,base,60,240,diffuse,spike_diffuse,logistic,1.0,0.2,iid,0.15,equal,complete,none,0.0,4032033,DIFFUSE_ASYNCHRONOUS,1.026662072904182,5.02092050209205,8.330700341357806,8.881784197001252e-16,8.330700341357806,0.10151163309121818,1.0,0.1477151959501919,0.15453044782675887,1.0,0.0,8.749523504385055e-16,0.6569037656903766,-0.014617565402560297,4.0943445622221,5.480638923341991,1.0,5.0,5.578265490059246
calibration-base-510,base,60,240,diffuse,spike_diffuse,logistic,1.0,0.5,iid,0.15,equal,complete,none,0.0,4039952,DIFFUSE_ASYNCHRONOUS,0.7500224632760927,4.937238493723849,6.388276582598717,1.7763568394002505e-15,6.388276582598717,0.07374983908905293,1.0,0.09843409060929542,0.09375644437384921,1.0,0.0,2.408624698496358e-15,0.7866108786610878,-0.035288802551920066,4.0943445622221,5.480638923341991,1.0,5.0,4.582639467014491
calibration-base-511,base,60,240,diffuse,spike_diffuse,logistic,2.0,0.5,iid,0.15,equal,complete,none,0.0,4047609,DIFFUSE_ASYNCHRONOUS,0.9521032379460946,5.104602510460251,5.934931036397449,8.881784197001252e-16,5.934931036397449,0.09084292932012569,1.0,0.11696181703806786,0.16082563042600034,1.0,0.0,9.777078153988533e-16,0.5648535564853556,0.06511085837954296,4.0943445622221,5.480638923341991,1.0,5.0,6.200751012021643
calibration-base-512,base,120,60,diffuse,spike_diffuse,step,0.5,0.5,iid,0.15,equal,complete,none,0.0,4055528,DIFFUSE_ASYNCHRONOUS,0.9958182203515203,5.084745762711864,13.165639953240419,0.057616039701613386,13.165639953240419,0.09929036970441521,1.0,0.12709362000004618,5.8679863572514135,1.0,0.0,0.057930372285109534,0.016949152542372926,0.00038478464889425554,4.787491742782046,4.0943445622221,1.0,5.0,3.4389366958383145
calibration-base-513,base,120,60,diffuse,spike_diffuse,step,0.5,0.5,iid,0.15,equal,complete,none,0.0,4063578,DIFFUSE_ASYNCHRONOUS,0.9738581891712492,5.084745762711864,12.76387666832036,0.042278614539818654,12.76387666832036,0.09756483090914328,1.0,0.12084278277099508,5.761727171603999,1.0,0.0,0.04329323800930462,0.016949152542372926,-0.017452257056803068,4.787491742782046,4.0943445622221,1.0,5.0,3.434815011852249
calibration-base-514,base,120,60,diffuse,spike_diffuse,step,0.5,0.5,iid,0.15,equal,complete,none,0.0,4071628,DIFFUSE_ASYNCHRONOUS,0.8130806851483587,5.084745762711864,14.982561513534325,0.04227861453981866,14.982561513534325,0.08149117760343907,1.0,0.1444118896216083,4.814445854809125,1.0,0.0,0.05181153414276356,0.016949152542372926,-0.023624899667693273,4.787491742782046,4.0943445622221,1.0,5.0,3.4057950823987855
calibration-base-515,base,120,60,diffuse,spike_diffuse,step,1.0,0.5,iid,0.15,equal,complete,none,0.0,4079416,DIFFUSE_ASYNCHRONOUS,0.7683600294430174,5.084745762711864,15.01836368827509,8.881784197001252e-16,15.01836368827509,0.0770351724332611,1.0,0.16421914661260786,4.5450751735623935,1.0,0.0,1.1529518162234174e-15,0.016949152542372926,-0.0033194265097348,4.787491742782046,4.0943445622221,1.0,5.0,6.66456955871859
calibration-base-516,base,120,60,diffuse,spike_diffuse,step,2.0,0.2,iid,0.15,equal,complete,none,0.0,4087335,DIFFUSE_ASYNCHRONOUS,0.9343356585902366,5.084745762711864,13.141843487092885,8.881784197001252e-16,13.141843487092885,0.09370689237359872,1.0,0.15354385968723283,5.52870665004231,1.0,0.0,9.478261387210014e-16,0.016949152542372926,-0.023234308265284043,4.787491742782046,4.0943445622221,1.0,5.0,13.114017743194829
calibration-base-517,base,120,60,diffuse,spike_diffuse,step,2.0,0.5,iid,0.15,equal,complete,none,0.0,4095385,DIFFUSE_ASYNCHRONOUS,0.8615426487059406,5.084745762711864,15.282693884526248,8.881784197001252e-16,15.282693884526248,0.08668117185754917,1.0,0.1626486313690966,5.114189139595388,1.0,0.0,1.0246497603421274e-15,0.016949152542372926,0.0033507616231750687,4.787491742782046,4.0943445622221,1.0,5.0,13.539649337063198
calibration-base-518,base,120,60,diffuse,spike_diffuse,logistic,0.5,0.2,iid,0.15,equal,complete,none,0.0,4103042,DIFFUSE_ASYNCHRONOUS,0.9727934690661684,5.084745762711864,7.54885656524817,0.06188955452035775,7.54885656524817,0.09836797455837688,1.0,0.0683892569463405,1.1630372115953802,1.0,0.0,0.06279220785536582,0.08474576271186436,0.010679045113436767,4.787491742782046,4.0943445622221,1.0,5.0,3.154493542556925
calibration-base-519,base,120,60,diffuse,spike_diffuse,logistic,0.5,0.5,iid,0.15,equal,complete,none,0.0,4111092,DIFFUSE_ASYNCHRONOUS,0.9712138130853292,5.084745762711864,5.478440604958622,0.074951972663399,5.478440604958622,0.10721520594684145,1.0,0.05549228826935598,0.5764668677268249,1.0,0.0,0.06973776787709361,0.18644067796610173,0.010138774103999873,4.787491742782046,4.0943445622221,1.0,5.0,2.890704055552064
calibration-base-520,base,120,60,diffuse,spike_diffuse,logistic,1.0,0.2,iid,0.15,equal,complete,none,0.0,4118880,DIFFUSE_ASYNCHRONOUS,0.9559122902916661,5.084745762711864,8.592007130227138,8.881784197001252e-16,8.592007130227138,0.09631069982987586,1.0,0.1079153917420706,1.8941104299875569,1.0,0.0,9.222011897629361e-16,0.05084745762711869,-0.022361882588669117,4.787491742782046,4.0943445622221,1.0,5.0,5.619819864905713
calibration-base-521,base,120,60,diffuse,spike_diffuse,logistic,1.0,0.2,iid,0.15,equal,complete,none,0.0,4126930,DIFFUSE_ASYNCHRONOUS,0.9149775122109931,5.084745762711864,8.305706113210372,8.881784197001252e-16,8.305706113210372,0.09025014800245942,1.0,0.10207714637023083,1.3311896830362766,1.0,0.0,9.841295990738112e-16,0.06779661016949153,0.031043644986251236,4.787491742782046,4.0943445622221,1.0,5.0,5.762169836839843
calibration-base-522,base,120,60,diffuse,spike_diffuse,logistic,1.0,0.2,iid,0.15,equal,complete,none,0.0,4134980,DIFFUSE_ASYNCHRONOUS,1.0765445745917537,5.084745762711864,7.466532164265141,8.881784197001252e-16,7.466532164265141,0.1091630656341979,1.0,0.09107762547174325,1.6101552181044192,1.0,0.0,8.136253910973735e-16,0.06779661016949153,-0.0012291123870271778,4.787491742782046,4.0943445622221,1.0,5.0,5.705507155023751
calibration-base-523,base,120,120,diffuse,spike_diffuse,step,0.5,0.5,iid,0.15,equal,complete,none,0.0,4142768,DIFFUSE_ASYNCHRONOUS,0.951397212684051,5.04201680672269,12.304297649405234,0.024763800841363398,12.304297649405234,0.09471713667565458,1.0,0.1483018734879579,11.275190932110808,1.0,0.0,0.026136074483046837,0.008403361344537874,0.0009011964327703382,4.787491742782046,4.787491742782046,1.0,5.0,3.3157075839275674
calibration-base-524,base,120,120,diffuse,spike_diffuse,step,1.0,0.5,iid,0.15,equal,complete,none,0.0,4150556,DIFFUSE_ASYNCHRONOUS,0.7554059292169372,5.04201680672269,16.587568494350133,0.0,16.587568494350133,0.07571239314671123,1.0,0.17342961560464237,9.009774784458573,1.0,0.0,0.0,0.008403361344537874,0.010487696363267882,4.787491742782046,4.787491742782046,1.0,5.0,6.593190459570057
calibration-base-525,base,120,120,diffuse,spike_diffuse,step,1.0,0.5,iid,0.15,equal,complete,none,0.0,4158606,DIFFUSE_ASYNCHRONOUS,0.927022977187901,5.04201680672269,13.55334962695244,0.0,13.55334962695244,0.09315670802090355,1.0,0.15746989315223112,11.085648254487444,1.0,0.0,0.0,0.008403361344537874,0.007662066153565174,4.787491742782046,4.787491742782046,1.0,5.0,6.704165447615118
calibration-base-526,base,120,120,diffuse,spike_diffuse,step,1.0,0.5,iid,0.15,equal,complete,none,0.0,4166656,DIFFUSE_ASYNCHRONOUS,0.9707000633776436,5.04201680672269,13.596447654201537,0.0,13.596447654201537,0.09688291199743068,1.0,0.1669018787098046,11.529066527694171,1.0,0.0,0.0,0.008403361344537874,0.018034929574336216,4.787491742782046,4.787491742782046,1.0,5.0,6.616546868798807
calibration-base-527,base,120,120,diffuse,spike_diffuse,step,2.0,0.2,iid,0.15,equal,complete,none,0.0,4174444,DIFFUSE_ASYNCHRONOUS,0.8564451033769631,5.04201680672269,16.037847997259348,0.0,16.037847997259348,0.0856222387071381,1.0,0.17031170968295004,10.189046406149362,1.0,0.0,0.0,0.008403361344537874,0.010668748929073196,4.787491742782046,4.787491742782046,1.0,5.0,13.294389845424023
calibration-base-528,base,120,120,diffuse,spike_diffuse,step,2.0,0.2,iid,0.15,equal,complete,none,0.0,4182494,DIFFUSE_ASYNCHRONOUS,0.9702619094682278,5.04201680672269,11.674219978676435,0.0,11.674219978676435,0.09718513028466254,1.0,0.1391069438146319,11.56503050387476,1.0,0.0,0.0,0.008403361344537874,0.00476533370922967,4.787491742782046,4.787491742782046,1.0,5.0,13.303439526143826
calibration-base-529,base,120,120,diffuse,spike_diffuse,logistic,1.0,0.5,iid,0.15,equal,complete,none,0.0,4190151,DIFFUSE_ASYNCHRONOUS,0.7742374794810489,5.04201680672269,6.3640049760665205,8.881784197001252e-16,6.3640049760665205,0.0795054198029578,1.0,0.08636962482623664,0.26280958212644384,1.0,0.0,1.1171294006136206e-15,0.3025210084033613,0.017001675865017635,4.787491742782046,4.787491742782046,1.0,5.0,4.6771475107263605
calibration-base-530,base,120,120,diffuse,spike_diffuse,logistic,2.0,0.2,iid,0.15,equal,complete,none,0.0,4198070,DIFFUSE_ASYNCHRONOUS,0.8234061881258472,5.04201680672269,8.580702300829564,8.881784197001252e-16,8.580702300829564,0.08198913525025336,1.0,0.1515130076941003,1.6261178491300252,1.0,0.0,1.0832879466153176e-15,0.05042016806722689,0.03105509806406087,4.787491742782046,4.787491742782046,1.0,5.0,8.46762358495339
calibration-base-531,base,120,120,diffuse,spike_diffuse,logistic,2.0,0.2,iid,0.15,equal,complete,none,0.0,4206251,DIFFUSE_ASYNCHRONOUS,0.8352059385278122,5.04201680672269,8.406500269530436,8.881784197001252e-16,8.406500269530436,0.08397520729392918,1.0,0.14402858292972992,1.4275785239967946,1.0,0.0,1.0576674334263112e-15,0.05882352941176476,0.03784528525532104,4.787491742782046,4.787491742782046,1.0,5.0,8.461392470675435
calibration-base-532,base,120,120,diffuse,spike_diffuse,logistic,2.0,0.5,iid,0.15,equal,complete,none,0.0,4214039,DIFFUSE_ASYNCHRONOUS,0.86785300653109,4.957983193277311,6.063247169176467,8.881784197001252e-16,6.063247169176467,0.08318192940552872,1.0,0.10270950994559999,0.23020115347111436,1.0,0.0,1.0677540495244777e-15,0.36134453781512604,-0.050249236948900336,4.787491742782046,4.787491742782046,1.0,5.0,6.24096398135028
calibration-base-533,base,120,120,diffuse,spike_diffuse,logistic,2.0,0.5,iid,0.15,equal,complete,none,0.0,4222089,DIFFUSE_ASYNCHRONOUS,0.9416564043388977,5.04201680672269,6.030775601131604,8.881784197001252e-16,6.030775601131604,0.0914523733486837,1.0,0.0967924923634261,0.2941306061754962,1.0,0.0,9.711923126518937e-16,0.3109243697478992,0.010910635094660845,4.787491742782046,4.787491742782046,1.0,5.0,6.1547254865499195
calibration-base-534,base,120,240,diffuse,spike_diffuse,step,1.0,0.5,iid,0.15,equal,complete,none,0.0,4230008,DIFFUSE_ASYNCHRONOUS,0.8040572457552105,5.02092050209205,16.86855719881699,1.7763568394002505e-15,16.86855719881699,0.08055815049580431,1.0,0.17720078260560987,19.253397968497435,1.0,0.0,2.2050615964585333e-15,0.004184100418409997,0.005608132074131713,4.787491742782046,5.480638923341991,1.0,5.0,6.6681901458194694
calibration-base-535,base,120,240,diffuse,spike_diffuse,step,2.0,0.2,iid,0.15,equal,complete,none,0.0,4237796,DIFFUSE_ASYNCHRONOUS,1.040858939286397,5.02092050209205,11.074626324819222,1.7763568394002505e-15,11.074626324819222,0.10433167518059375,1.0,0.13808615682553368,24.93527036816217,1.0,0.0,1.702605499552702e-15,0.004184100418409997,-0.011958724854692456,4.787491742782046,5.480638923341991,1.0,5.0,13.35226792311905
calibration-base-536,base,120,240,diffuse,spike_diffuse,step,2.0,0.5,iid,0.15,equal,complete,none,0.0,4245715,DIFFUSE_ASYNCHRONOUS,0.8484151367045315,5.02092050209205,15.091696383243196,1.7763568394002505e-15,15.091696383243196,0.08490126839672507,1.0,0.1617531724986671,20.29140314681751,1.0,0.0,2.0922618388923512e-15,0.004184100418409997,-0.002355832145783889,4.787491742782046,5.480638923341991,1.0,5.0,13.38750040809443
calibration-base-537,base,120,240,diffuse,spike_diffuse,logistic,0.5,0.2,iid,0.15,equal,complete,none,0.0,4253634,DIFFUSE_ASYNCHRONOUS,1.0021989469041475,5.104602510460251,7.5156160197952815,0.015278174546866558,7.5156160197952815,0.10032509005495775,1.0,0.08782853660559302,0.19184381378842758,1.0,0.0,0.015226902112061208,0.5230125523012553,0.05202032267334049,4.787491742782046,5.480638923341991,1.0,5.0,3.1115629955523163
calibration-base-538,base,120,240,diffuse,spike_diffuse,logistic,0.5,0.5,iid,0.15,equal,complete,none,0.0,4261422,DIFFUSE_ASYNCHRONOUS,0.9329243628172577,4.937238493723849,5.882027330401062,0.020873960316730722,5.882027330401062,0.08842222895089241,1.0,0.058340044177767426,0.10362157134627921,1.0,0.0,0.023600565712340524,0.8535564853556485,-0.035997483241402985,4.787491742782046,5.480638923341991,1.0,5.0,2.7418652222513478
calibration-base-539,base,120,240,diffuse,spike_diffuse,logistic,0.5,0.5,iid,0.15,equal,complete,none,0.0,4269472,DIFFUSE_ASYNCHRONOUS,0.888800196369278,4.97907949790795,5.995605651413523,0.021606601652481985,5.995605651413523,0.08848652474967703,1.0,0.06372757277937711,0.10904424311904247,1.0,0.0,0.024410680913174068,0.8117154811715481,-0.011125995801598577,4.787491742782046,5.480638923341991,1.0,5.0,2.7627735624076775
calibration-base-540,base,120,240,diffuse,spike_diffuse,logistic,0.5,0.5,iid,0.15,equal,complete,none,0.0,4277522,DIFFUSE_ASYNCHRONOUS,0.845399448161485,5.02092050209205,6.243733865744282,0.020298999421775734,6.243733865744282,0.082964451139294,1.0,0.06718737567147708,0.11080691617009396,1.0,0.0,0.024459784860870255,0.7489539748953975,0.022121006293944923,4.787491742782046,5.480638923341991,1.0,5.0,2.74632759333947
calibration-base-541,base,120,240,diffuse,spike_diffuse,logistic,1.0,0.2,iid,0.15,equal,complete,none,0.0,4285310,DIFFUSE_ASYNCHRONOUS,0.9124811665543504,5.02092050209205,8.076524314053971,1.7763568394002505e-15,8.076524314053971,0.09101179184496569,1.0,0.13250938743288435,0.3295730038022242,1.0,0.0,1.951787568830851e-15,0.27615062761506276,0.008768832742604439,4.787491742782046,5.480638923341991,1.0,5.0,5.595063814522129
calibration-base-542,base,120,240,diffuse,spike_diffuse,logistic,1.0,0.5,iid,0.15,equal,complete,none,0.0,4293098,DIFFUSE_ASYNCHRONOUS,0.937688742483978,5.06276150627615,6.0968074579800895,1.7763568394002505e-15,6.0968074579800895,0.09019289754437858,1.0,0.09000736234227708,0.10216162328486486,1.0,0.0,1.9695085619421536e-15,0.8828451882845186,0.010360902218073028,4.787491742782046,5.480638923341991,1.0,5.0,4.54939314709259
calibration-base-543,base,120,240,diffuse,spike_diffuse,logistic,2.0,0.2,iid,0.15,equal,complete,none,0.0,4301017,DIFFUSE_ASYNCHRONOUS,0.9109297778267698,5.02092050209205,8.161316362555207,1.7763568394002505e-15,8.161316362555207,0.09024957393738384,1.0,0.13856354293106554,1.1983137872797078,1.0,0.0,1.9682717179725486e-15,0.07531380753138076,0.007551046137639624,4.787491742782046,5.480638923341991,1.0,5.0,8.513983699876626
calibration-base-544,base,120,240,diffuse,spike_diffuse,logistic,2.0,0.2,iid,0.15,equal,complete,none,0.0,4309067,DIFFUSE_ASYNCHRONOUS,0.7147433364356774,5.02092050209205,9.146641160707082,1.7763568394002505e-15,9.146641160707082,0.07106567762395782,1.0,0.16511083393819773,0.8087950929583776,1.0,0.0,2.499598820122136e-15,0.08786610878661083,-0.0003264694490916232,4.787491742782046,5.480638923341991,1.0,5.0,8.531459664995232
calibration-base-545,base,120,240,diffuse,spike_diffuse,logistic,2.0,0.2,iid,0.15,equal,complete,none,0.0,4317117,DIFFUSE_ASYNCHRONOUS,1.0245489660320206,5.02092050209205,7.4525236972743665,1.7763568394002505e-15,7.4525236972743665,0.1018890023026476,1.0,0.1280925120987751,0.264689908155791,1.0,0.0,1.7434235287963868e-15,0.38493723849372385,0.00942198129877737,4.787491742782046,5.480638923341991,1.0,5.0,8.438665911941385
calibration-base-546,base,25,60,diffuse,heavy_tail,step,1.0,0.2,iid,0.15,equal,complete,none,0.0,4324905,DIFFUSE_ASYNCHRONOUS,0.6718222865306394,5.084745762711864,9.336988041617927,8.881784197001252e-16,9.336988041617927,0.06658579793069405,1.0,0.06781497069004022,0.9821405194777372,1.0,0.0,1.3338856742763486e-15,0.06779661016949153,0.024743239842991906,3.2188758248682006,4.0943445622221,1.0,5.0,6.6960474112224455
calibration-base-547,base,25,60,diffuse,heavy_tail,step,1.0,0.2,iid,0.15,equal,complete,none,0.0,4332955,DIFFUSE_ASYNCHRONOUS,0.6769526717790743,5.423728813559322,8.445180942322175,8.881784197001252e-16,8.445180942322175,0.06812125660789406,1.0,0.07199398412661155,0.1217925496929015,1.0,0.0,1.3038197824395403e-15,0.559322033898305,0.09212885775225416,3.2188758248682006,4.0943445622221,1.0,5.0,6.606681449117902
calibration-base-548,base,25,60,diffuse,heavy_tail,step,1.0,0.5,iid,0.15,equal,complete,none,0.0,4340612,DIFFUSE_ASYNCHRONOUS,0.7682107227963674,5.254237288135593,7.206833043353907,8.881784197001252e-16,7.206833043353907,0.07416217855064124,1.0,0.050299059896671626,0.36463071120731944,1.0,0.0,1.1976164091426164e-15,0.20338983050847456,0.007274447203934182,3.2188758248682006,4.0943445622221,1.0,5.0,6.640618520416393
calibration-base-549,base,25,60,diffuse,heavy_tail,step,1.0,0.5,iid,0.15,equal,complete,none,0.0,4348793,DIFFUSE_ASYNCHRONOUS,0.691502147925038,5.084745762711864,8.805971715980524,8.881784197001252e-16,8.805971715980524,0.06828300101431414,1.0,0.06776954981567024,1.3428990199481772,1.0,0.0,1.300731377512152e-15,0.05084745762711869,-0.00461543018995923,3.2188758248682006,4.0943445622221,1.0,5.0,6.670343298666869
calibration-base-550,base,25,60,diffuse,heavy_tail,logistic,0.5,0.5,iid,0.15,equal,complete,none,0.0,4356450,DIFFUSE_ASYNCHRONOUS,0.7082782874893314,5.084745762711864,5.646755142202459,0.07495197266339867,5.646755142202459,0.07207445407576912,1.0,0.03680460852856169,0.09500721220186588,1.0,0.0,0.10343463604623934,0.7627118644067796,0.04870309133128278,3.2188758248682006,4.0943445622221,1.0,5.0,2.8889867834615552
calibration-base-551,base,25,60,diffuse,heavy_tail,logistic,1.0,0.5,iid,0.15,equal,complete,none,0.0,4364369,DIFFUSE_ASYNCHRONOUS,0.65633559196003,5.423728813559322,6.150061580259397,8.881784197001252e-16,6.150061580259397,0.07057363351687108,1.0,0.05296273619398363,0.29741745553538534,1.0,0.0,1.258513095386821e-15,0.2372881355932203,0.051293538829285217,3.2188758248682006,4.0943445622221,1.0,5.0,4.856523688385618
calibration-base-552,base,25,60,diffuse,heavy_tail,logistic,2.0,0.2,iid,0.15,equal,complete,none,0.0,4372419,DIFFUSE_ASYNCHRONOUS,0.8554357114963245,4.915254237288135,6.495631649756725,8.881784197001252e-16,6.495631649756725,0.08384333073068446,1.0,0.056491507035850416,0.3297837675406923,1.0,0.0,1.0593310308163547e-15,0.25423728813559315,-0.014281975706765234,3.2188758248682006,4.0943445622221,1.0,5.0,8.890162486113232
calibration-base-553,base,25,120,diffuse,heavy_tail,step,1.0,0.2,iid,0.15,equal,complete,none,0.0,4380338,DIFFUSE_ASYNCHRONOUS,0.6871803186387828,4.789915966386555,8.4940357162928,8.881784197001252e-16,8.4940357162928,0.06751702100309526,1.0,0.061827551323875164,1.0043156874210415,1.0,0.0,1.315488163583828e-15,0.06722689075630255,-0.058655083811946854,3.2188758248682006,4.787491742782046,1.0,5.0,6.69815066284982
calibration-base-554,base,25,120,diffuse,heavy_tail,step,1.0,0.5,iid,0.15,equal,complete,none,0.0,4388257,DIFFUSE_ASYNCHRONOUS,0.9918212926199215,4.957983193277311,8.014508604776722,1.7763568394002505e-15,8.014508604776722,0.09992073689412317,1.0,0.0749368478425989,0.5169812039304633,1.0,0.0,1.7777659519089543e-15,0.19327731092436978,0.02873769441073128,3.2188758248682006,4.787491742782046,1.0,5.0,6.79590319886419
calibration-base-555,base,25,120,diffuse,heavy_tail,step,2.0,0.5,iid,0.15,equal,complete,none,0.0,4396045,DIFFUSE_ASYNCHRONOUS,0.6466075778267357,5.126050420168068,8.431685493832267,8.881784197001252e-16,8.431685493832267,0.06538311964012368,1.0,0.05205510606439845,0.5187060824783145,1.0,0.0,1.3584215996250453e-15,0.12605042016806722,0.031305564815381645,3.2188758248682006,4.787491742782046,1.0,5.0,13.52372873578001
calibration-base-556,base,25,120,diffuse,heavy_tail,step,2.0,0.5,iid,0.15,equal,complete,none,0.0,4404226,DIFFUSE_ASYNCHRONOUS,0.4645288676284201,4.957983193277311,9.492165172697504,8.881784197001252e-16,9.492165172697504,0.04766002520945506,1.0,0.06649854879988373,0.5155948181750136,1.0,0.0,1.863571023718056e-15,0.092436974789916,-0.060037960304548506,3.2188758248682006,4.787491742782046,1.0,5.0,13.489732882612678
calibration-base-557,base,25,120,diffuse,heavy_tail,logistic,0.5,0.5,iid,0.15,equal,complete,none,0.0,4412014,DIFFUSE_ASYNCHRONOUS,0.7645974132214589,4.705882352941177,5.725647307799724,0.03068473711513541,5.725647307799724,0.08233624709316728,1.0,0.054972720588509175,0.11141835390444817,1.0,0.0,0.03724173952517374,0.7394957983193278,-0.07189093816164908,3.2188758248682006,4.787491742782046,1.0,5.0,2.891947300063607
calibration-base-558,base,25,120,diffuse,heavy_tail,logistic,1.0,0.2,iid,0.15,equal,complete,none,0.0,4419802,DIFFUSE_ASYNCHRONOUS,0.680554176861514,5.04201680672269,6.9905350990876745,1.7763568394002505e-15,6.9905350990876745,0.06781590702746079,1.0,0.052662403719555655,0.07542142931091433,1.0,0.0,2.6193807872848293e-15,0.8991596638655464,-0.01508362889571765,3.2188758248682006,4.787491742782046,1.0,5.0,5.793268652144004
calibration-base-559,base,25,120,diffuse,heavy_tail,logistic,1.0,0.5,iid,0.15,equal,complete,none,0.0,4427721,DIFFUSE_ASYNCHRONOUS,0.6528458764876106,4.873949579831933,6.181655805735235,1.7763568394002505e-15,6.181655805735235,0.07038787089536783,1.0,0.06976543203708258,0.09104518083205185,1.0,0.0,2.5236689458057627e-15,0.7731092436974791,-0.0967684935958373,3.2188758248682006,4.787491742782046,1.0,5.0,4.692739571777361
calibration-base-560,base,25,120,diffuse,heavy_tail,logistic,1.0,0.5,iid,0.15,equal,complete,none,0.0,4435771,DIFFUSE_ASYNCHRONOUS,0.5956100383204634,4.957983193277311,6.22352252573834,1.7763568394002505e-15,6.22352252573834,0.060377084018333325,1.0,0.05765486561931278,0.0970928783538063,1.0,0.0,2.94210438990539e-15,0.6218487394957983,0.0003196433169246153,3.2188758248682006,4.787491742782046,1.0,5.0,4.6123454766097645
calibration-base-561,base,25,120,diffuse,heavy_tail,logistic,2.0,0.2,iid,0.15,equal,complete,none,0.0,4443821,DIFFUSE_ASYNCHRONOUS,0.614585247845612,5.2100840336134455,7.948091344893769,8.881784197001252e-16,7.948091344893769,0.0646567531484751,1.0,0.06646219309432846,0.5129435749779025,1.0,0.0,1.3736823710595996e-15,0.12605042016806722,0.07994685253888414,3.2188758248682006,4.787491742782046,1.0,5.0,8.702314476208787
calibration-base-562,base,25,120,diffuse,heavy_tail,logistic,2.0,0.5,iid,0.15,equal,complete,none,0.0,4451478,DIFFUSE_ASYNCHRONOUS,0.5912505563413823,4.873949579831933,6.470112282270269,8.881784197001252e-16,6.470112282270269,0.059205482638800676,1.0,0.06558683387615886,0.22727265916184775,1.0,0.0,1.5001624513707656e-15,0.2605042016806723,-0.057256140609389536,3.2188758248682006,4.787491742782046,1.0,5.0,6.182843291935132
calibration-base-563,base,25,120,diffuse,heavy_tail,logistic,2.0,0.5,iid,0.15,equal,complete,none,0.0,4459528,DIFFUSE_ASYNCHRONOUS,0.5810122062927335,4.957983193277311,6.401852355059222,8.881784197001252e-16,6.401852355059222,0.056642395707238634,1.0,0.09245092089931545,0.10699119189145075,1.0,0.0,1.5680452929476288e-15,0.5294117647058825,-0.03319150234512351,3.2188758248682006,4.787491742782046,1.0,5.0,6.238836665933727
calibration-base-564,base,25,120,diffuse,heavy_tail,logistic,2.0,0.5,iid,0.15,equal,complete,none,0.0,4467578,DIFFUSE_ASYNCHRONOUS,0.9274022653558873,5.126050420168068,6.181315902405942,8.881784197001252e-16,6.181315902405942,0.09055439725973909,1.0,0.059686879156203854,0.15394247534155645,1.0,0.0,9.80823070526928e-16,0.588235294117647,0.045031351991809354,3.2188758248682006,4.787491742782046,1.0,5.0,6.29541657843144
calibration-base-565,base,25,240,diffuse,heavy_tail,step,0.5,0.2,iid,0.15,equal,complete,none,0.0,4475366,DIFFUSE_ASYNCHRONOUS,0.6116137401043736,5.06276150627615,7.895103114610152,0.01043698015836536,7.895103114610152,0.061188685328496716,1.0,0.06228927058648401,0.06250522660591833,1.0,0.0,0.01705456188827301,0.9790794979079497,0.04936580036913704,3.2188758248682006,5.480638923341991,1.0,5.0,3.477448127440972
calibration-base-566,base,25,240,diffuse,heavy_tail,step,0.5,0.5,iid,0.15,equal,complete,none,0.0,4483285,DIFFUSE_ASYNCHRONOUS,0.8187524760461811,4.97907949790795,7.241543596442946,0.01422320645353636,7.241543596442946,0.08193349460132836,1.0,0.04622473314940708,0.08334066181749132,1.0,0.0,0.0173568379098526,0.9832635983263598,-0.006788769573264291,3.2188758248682006,5.480638923341991,1.0,5.0,3.411087993977993
calibration-base-567,base,25,240,diffuse,heavy_tail,step,1.0,0.2,iid,0.15,equal,complete,none,0.0,4491204,DIFFUSE_ASYNCHRONOUS,1.1137341675711747,4.895397489539748,8.884199404759764,8.881784197001252e-16,8.884199404759764,0.11160883757000865,1.0,0.0835412781239162,0.12464725317398162,1.0,0.0,7.95795780189001e-16,0.895397489539749,-0.0028403178452948027,3.2188758248682006,5.480638923341991,1.0,5.0,6.631783450752358
calibration-base-568,base,25,240,diffuse,heavy_tail,step,1.0,0.5,iid,0.15,equal,complete,none,0.0,4498992,DIFFUSE_ASYNCHRONOUS,0.9118947187109177,4.853556485355648,7.290115228974914,8.881784197001252e-16,7.290115228974914,0.09108109095834484,1.0,0.05576727813335468,0.1110631670359409,1.0,0.0,9.751512749296406e-16,0.8200836820083681,0.003494969241284405,3.2188758248682006,5.480638923341991,1.0,5.0,6.628782071674671
calibration-base-569,base,25,240,diffuse,heavy_tail,step,2.0,0.2,iid,0.15,equal,complete,none,0.0,4506911,DIFFUSE_ASYNCHRONOUS,0.7755822440696418,4.97907949790795,8.553891013705263,8.881784197001252e-16,8.553891013705263,0.0770267318365005,1.0,0.05632000148161004,0.4090975313094137,1.0,0.0,1.1530781567954905e-15,0.18828451882845193,-0.005617277376431,3.2188758248682006,5.480638923341991,1.0,5.0,13.329662089838616
calibration-base-570,base,25,240,diffuse,heavy_tail,step,2.0,0.2,iid,0.15,equal,complete,none,0.0,4515092,DIFFUSE_ASYNCHRONOUS,0.5009293785595992,5.146443514644352,10.163280326953966,8.881784197001252e-16,10.163280326953966,0.05013942151948199,1.0,0.06575944306015648,1.0893928857414712,1.0,0.0,1.771417365385873e-15,0.046025104602510504,0.06703006605992087,3.2188758248682006,5.480638923341991,1.0,5.0,13.48332683795463
calibration-base-571,base,25,240,diffuse,heavy_tail,step,2.0,0.5,iid,0.15,equal,complete,none,0.0,4523011,DIFFUSE_ASYNCHRONOUS,0.9045612652964632,5.06276150627615,8.647367786695,8.881784197001252e-16,8.647367786695,0.0905546053617994,1.0,0.06498428989473154,0.15683007740195692,1.0,0.0,9.808208165134412e-16,0.5774058577405858,-0.03513241008497709,3.2188758248682006,5.480638923341991,1.0,5.0,13.515260594075656
calibration-base-572,base,25,240,diffuse,heavy_tail,logistic,0.5,0.2,iid,0.15,equal,complete,none,0.0,4530668,DIFFUSE_ASYNCHRONOUS,0.5052106314187166,5.06276150627615,7.386715401792966,0.01422320645353651,7.386715401792966,0.0489647101279409,1.0,0.056142689575823176,0.05273649490297403,1.0,0.0,0.02903562502563415,0.9288702928870294,0.05277459173461024,3.2188758248682006,5.480638923341991,1.0,5.0,3.068978551626349
calibration-base-573,base,25,240,diffuse,heavy_tail,logistic,0.5,0.5,iid,0.15,equal,complete,none,0.0,4538718,DIFFUSE_ASYNCHRONOUS,0.8022187005765125,5.06276150627615,5.79492928944266,0.022661194992011045,5.79492928944266,0.07075216895415042,1.0,0.04455237662492307,0.07552874841234092,1.0,0.0,0.03201255976874174,0.9372384937238494,-0.03003288327436567,3.2188758248682006,5.480638923341991,1.0,5.0,2.741042204494002
calibration-base-574,base,25,240,diffuse,heavy_tail,logistic,1.0,0.5,iid,0.15,equal,complete,none,0.0,4546506,DIFFUSE_ASYNCHRONOUS,0.6228912230240776,4.811715481171548,6.1709309399717585,8.881784197001252e-16,6.1709309399717585,0.056821007997115834,1.0,0.06677241154755606,0.05803513209961832,1.0,0.0,1.563116268097898e-15,0.9790794979079497,-0.0819542714824287,3.2188758248682006,5.480638923341991,1.0,5.0,4.5918788678614355
calibration-base-575,base,60,60,diffuse,heavy_tail,step,0.5,0.2,iid,0.15,equal,complete,none,0.0,4554425,DIFFUSE_ASYNCHRONOUS,0.6897175053016055,4.915254237288135,7.740275454793523,0.05761603970161325,7.740275454793523,0.0698831461969095,1.0,0.043263991611913265,0.5910135803466746,1.0,0.0,0.08216746995417616,0.11864406779661012,-0.02294728264802048,4.0943445622221,4.0943445622221,1.0,5.0,3.3793266962329356
calibration-base-576,base,60,60,diffuse,heavy_tail,step,1.0,0.5,iid,0.15,equal,complete,none,0.0,4562475,DIFFUSE_ASYNCHRONOUS,0.8354570235650004,5.084745762711864,8.083630839744611,8.881784197001252e-16,8.083630839744611,0.08479236007060426,1.0,0.04429256058774755,0.555861027129517,1.0,0.0,1.0474745825691886e-15,0.1525423728813559,0.014327864913600214,4.0943445622221,4.0943445622221,1.0,5.0,6.641454228332444
calibration-base-577,base,60,60,diffuse,heavy_tail,step,2.0,0.2,iid,0.15,equal,complete,none,0.0,4570263,DIFFUSE_ASYNCHRONOUS,1.0285394917938604,5.084745762711864,8.223492927756554,8.881784197001252e-16,8.223492927756554,0.08476977061066213,1.0,0.0597905504280978,1.0002832932058137,0.9833333333333333,0.0,1.0477537137376804e-15,0.08474576271186436,0.0029210831318940565,4.0943445622221,4.0943445622221,1.0,5.0,13.360788036739448
calibration-base-578,base,60,60,diffuse,heavy_tail,logistic,0.5,0.2,iid,0.15,equal,complete,none,0.0,4578313,DIFFUSE_ASYNCHRONOUS,0.9019425083700882,4.915254237288135,7.436159975178263,0.049947327120715944,7.436159975178263,0.08885443567023259,1.0,0.06273329001875569,2.6253438928177757,1.0,0.0,0.05612392929139953,0.03389830508474567,-0.02489609785637377,4.0943445622221,4.0943445622221,1.0,5.0,3.2698131344974515
calibration-base-579,base,60,60,diffuse,heavy_tail,logistic,0.5,0.5,iid,0.15,equal,complete,none,0.0,4586101,DIFFUSE_ASYNCHRONOUS,1.2621851985719277,5.084745762711864,6.063657035326253,0.08752504737191913,6.063657035326253,0.08300471450172328,1.0,0.04586167829240318,0.11724830716423933,0.9833333333333333,0.0,0.1048645010186154,0.711864406779661,0.0013161715501107238,4.0943445622221,4.0943445622221,1.0,5.0,2.763622132345672
calibration-base-580,base,60,60,diffuse,heavy_tail,logistic,2.0,0.5,iid,0.15,equal,complete,none,0.0,4594151,DIFFUSE_ASYNCHRONOUS,0.7796434536880301,5.254237288135593,6.3434521258037115,8.881784197001252e-16,6.3434521258037115,0.07949054163598444,1.0,0.055980694371804356,0.4263583596839165,1.0,0.0,1.1173384926315021e-15,0.18644067796610173,0.03110731894095606,4.0943445622221,4.0943445622221,1.0,5.0,6.30449304569178
calibration-base-581,base,60,120,diffuse,heavy_tail,step,0.5,0.2,iid,0.15,equal,complete,none,0.0,4601939,DIFFUSE_ASYNCHRONOUS,1.0353858047670643,5.04201680672269,7.464475968575977,0.028565935650379643,7.464475968575977,0.09916470812788278,1.0,0.06093809827012495,0.12170613839879861,0.9833333333333333,0.0,0.02879460979915904,0.8151260504201682,-0.04352150469119734,4.0943445622221,4.787491742782046,1.0,5.0,3.3092749165588846
calibration-base-582,base,60,120,diffuse,heavy_tail,step,0.5,0.2,iid,0.15,equal,complete,none,0.0,4610120,DIFFUSE_ASYNCHRONOUS,0.672782936987901,4.957983193277311,8.561310724099977,0.02096166603234716,8.561310724099977,0.06668961307424774,1.0,0.054630182347547816,0.07861369512248506,1.0,0.0,0.03141616540868285,0.8487394957983193,0.009202082972328034,4.0943445622221,4.787491742782046,1.0,5.0,3.36402003362672
calibration-base-583,base,60,120,diffuse,heavy_tail,step,1.0,0.5,iid,0.15,equal,complete,none,0.0,4617777,DIFFUSE_ASYNCHRONOUS,0.5617886314129765,5.2100840336134455,9.417332521977414,8.881784197001252e-16,9.417332521977414,0.05638172585674038,1.0,0.07358645825202957,1.118237562825351,1.0,0.0,1.57529484279514e-15,0.05042016806722689,0.048338297956695524,4.0943445622221,4.787491742782046,1.0,5.0,6.710163530152787
calibration-base-584,base,60,120,diffuse,heavy_tail,step,2.0,0.2,iid,0.15,equal,complete,none,0.0,4625827,DIFFUSE_ASYNCHRONOUS,0.6865439572983664,5.04201680672269,8.419730115396016,6.661338147750939e-16,8.419730115396016,0.06896390400115741,1.0,0.054382050511851944,0.48274732800810183,1.0,0.0,9.659166261293942e-16,0.14285714285714288,0.019387272021558967,4.0943445622221,4.787491742782046,1.0,5.0,13.420649384043847
calibration-base-585,base,60,120,diffuse,heavy_tail,step,2.0,0.5,iid,0.15,equal,complete,none,0.0,4633615,DIFFUSE_ASYNCHRONOUS,0.9032577453819788,5.126050420168068,9.397009682511278,8.881784197001252e-16,9.397009682511278,0.09018248501356393,1.0,0.07758308747272195,1.3414644645767628,1.0,0.0,9.84867981367489e-16,0.06722689075630255,0.00956784941526841,4.0943445622221,4.787491742782046,1.0,5.0,13.064694467178992
calibration-base-586,base,60,120,diffuse,heavy_tail,step,2.0,0.5,iid,0.15,equal,complete,none,0.0,4641665,DIFFUSE_ASYNCHRONOUS,0.6830623947365122,5.04201680672269,8.5151242668466,8.881784197001252e-16,8.5151242668466,0.06842363835942947,1.0,0.057301740069087226,0.8142412964772109,1.0,0.0,1.2980578656670123e-15,0.08403361344537812,-0.00025623582792324353,4.0943445622221,4.787491742782046,1.0,5.0,13.22140146041631
calibration-base-587,base,60,120,diffuse,heavy_tail,logistic,1.0,0.2,iid,0.15,equal,complete,none,0.0,4649584,DIFFUSE_ASYNCHRONOUS,0.8193221627767725,4.957983193277311,7.523180710399138,8.881784197001252e-16,7.523180710399138,0.08180650568707531,1.0,0.055029163706467155,0.6084358860476224,1.0,0.0,1.0857063411283797e-15,0.1344537815126051,-0.031943316968570314,4.0943445622221,4.787491742782046,1.0,5.0,5.570170041910519
calibration-base-588,base,60,120,diffuse,heavy_tail,logistic,1.0,0.5,iid,0.15,equal,complete,none,0.0,4657634,DIFFUSE_ASYNCHRONOUS,1.023720488343446,4.873949579831933,5.948523063852782,1.7763568394002505e-15,5.948523063852782,0.09364334604206624,1.0,0.052491150697359434,0.10318109425005448,1.0,0.0,1.8969386662051565e-15,0.907563025210084,-0.04781924168772287,4.0943445622221,4.787491742782046,1.0,5.0,4.672526611719756
calibration-base-589,base,60,120,diffuse,heavy_tail,logistic,2.0,0.2,iid,0.15,equal,complete,none,0.0,4665291,DIFFUSE_ASYNCHRONOUS,0.7771121167749543,5.04201680672269,7.805746909451743,8.881784197001252e-16,7.805746909451743,0.07627526074327574,1.0,0.04856957004603247,0.5672972517781131,1.0,0.0,1.1644383920095941e-15,0.1344537815126051,-0.006362355272206585,4.0943445622221,4.787491742782046,1.0,5.0,8.62489343454611
calibration-base-590,base,60,120,diffuse,heavy_tail,logistic,2.0,0.2,iid,0.15,equal,complete,none,0.0,4673341,DIFFUSE_ASYNCHRONOUS,0.7417119636944874,5.04201680672269,7.551671092962077,8.881784197001252e-16,7.551671092962077,0.07548175066960337,1.0,0.07442927960444662,0.6909483330525235,1.0,0.0,1.1766796766384437e-15,0.10924369747899157,-0.012643112009672238,4.0943445622221,4.787491742782046,1.0,5.0,8.585252221727803
calibration-base-591,base,60,240,diffuse,heavy_tail,step,0.5,0.2,iid,0.15,equal,complete,none,0.0,4681260,DIFFUSE_ASYNCHRONOUS,0.7948343963310254,4.937238493723849,8.036848063685001,0.014223206453536509,8.036848063685001,0.07953949339304431,1.0,0.047530938174438694,0.1145360121915396,1.0,0.0,0.01787908416104408,0.6945606694560669,-0.028326128697638408,4.0943445622221,5.480638923341991,1.0,5.0,3.3546742101890157
calibration-base-592,base,60,240,diffuse,heavy_tail,step,0.5,0.5,iid,0.15,equal,complete,none,0.0,4689310,DIFFUSE_ASYNCHRONOUS,0.60065087868097,5.06276150627615,8.622919172219211,0.01043698015836536,8.622919172219211,0.05983714664410948,1.0,0.05343225056215153,0.10674069642298824,1.0,0.0,0.01743965657269543,0.5606694560669456,0.021388293450514614,4.0943445622221,5.480638923341991,1.0,5.0,3.329698489568268
calibration-base-593,base,60,240,diffuse,heavy_tail,step,1.0,0.5,iid,0.15,equal,complete,none,0.0,4697229,DIFFUSE_ASYNCHRONOUS,0.8519731695494505,5.02092050209205,9.198138797609857,8.881784197001252e-16,9.198138797609857,0.08531903550168604,1.0,0.0571766697589889,0.8865760645609989,1.0,0.0,1.0410085093877712e-15,0.09623430962343091,-0.014326227020704735,4.0943445622221,5.480638923341991,1.0,5.0,6.696995441860532
calibration-base-594,base,60,240,diffuse,heavy_tail,step,2.0,0.2,iid,0.15,equal,complete,none,0.0,4704886,DIFFUSE_ASYNCHRONOUS,0.6560774150484742,5.06276150627615,7.596418484826404,8.881784197001252e-16,7.596418484826404,0.06542897945697555,1.0,0.04809661234647378,0.4467864597204901,1.0,0.0,1.3574694685314004e-15,0.1464435146443515,-0.003336865657559275,4.0943445622221,5.480638923341991,1.0,5.0,13.379749633964344
calibration-base-595,base,60,240,diffuse,heavy_tail,step,2.0,0.2,iid,0.15,equal,complete,none,0.0,4712936,DIFFUSE_ASYNCHRONOUS,0.6504855820844138,5.02092050209205,8.207418853609386,8.881784197001252e-16,8.207418853609386,0.06486330365708018,1.0,0.05348303368993911,0.5962434451554678,1.0,0.0,1.3693080210588007e-15,0.10878661087866108,-0.047129814555543624,4.0943445622221,5.480638923341991,1.0,5.0,13.327353658377955
calibration-base-596,base,60,240,diffuse,heavy_tail,step,2.0,0.5,iid,0.15,equal,complete,none,0.0,4720724,DIFFUSE_ASYNCHRONOUS,0.6338589395505757,4.937238493723849,8.593618620882756,8.881784197001252e-16,8.593618620882756,0.06335777502920135,1.0,0.05779754473974198,0.6583699231295275,1.0,0.0,1.40184597595286e-15,0.09623430962343091,0.00910860468164053,4.0943445622221,5.480638923341991,1.0,5.0,13.250387917576887
calibration-base-597,base,60,240,diffuse,heavy_tail,logistic,0.5,0.2,iid,0.15,equal,complete,none,0.0,4728643,DIFFUSE_ASYNCHRONOUS,0.7210863321706428,5.02092050209205,7.467169862694518,0.010436980158365361,7.467169862694518,0.07029593095178222,1.0,0.05362734106758427,0.07434769542964653,1.0,0.0,0.014845567653884329,0.9456066945606694,0.018753770110068214,4.0943445622221,5.480638923341991,1.0,5.0,3.0853335768996013
calibration-base-598,base,60,240,diffuse,heavy_tail,logistic,0.5,0.2,iid,0.15,equal,complete,none,0.0,4736824,DIFFUSE_ASYNCHRONOUS,0.6663958553374725,5.02092050209205,7.6476069561898345,0.014750690500201454,7.6476069561898345,0.06786629982526819,1.0,0.054623996043148625,0.07023323133215596,1.0,0.0,0.02172979462140087,0.9665271966527197,0.013280279117586988,4.0943445622221,5.480638923341991,1.0,5.0,3.1383776581563865
calibration-base-599,base,60,240,diffuse,heavy_tail,logistic,0.5,0.5,iid,0.15,equal,complete,none,0.0,4744743,DIFFUSE_ASYNCHRONOUS,0.8731806140146151,5.146443514644352,5.962229186246853,0.020873960316730385,5.962229186246853,0.09265982469640448,1.0,0.049458064811808866,0.09268333364182287,1.0,0.0,0.02252180569744971,1.0,0.018610656764554496,4.0943445622221,5.480638923341991,1.0,5.0,2.744882294502795
calibration-base-600,base,60,240,diffuse,heavy_tail,logistic,1.0,0.2,iid,0.15,equal,complete,none,0.0,4752400,DIFFUSE_ASYNCHRONOUS,0.6556075322004702,4.937238493723849,7.846083178597768,8.881784197001252e-16,7.846083178597768,0.06481290248107256,1.0,0.060883706092058114,0.07447251775469396,1.0,0.0,1.3703728512382263e-15,0.8702928870292886,-0.026677697498019192,4.0943445622221,5.480638923341991,1.0,5.0,5.6076005581159265
calibration-base-601,base,60,240,diffuse,heavy_tail,logistic,1.0,0.5,iid,0.15,equal,complete,none,0.0,4760319,DIFFUSE_ASYNCHRONOUS,0.7305763808260608,5.104602510460251,6.023263889206248,1.7763568394002505e-15,6.023263889206248,0.07103406483166033,1.0,0.05004031010039362,0.08046038623112237,1.0,0.0,2.5007112342647707e-15,0.8828451882845189,0.01947204294598826,4.0943445622221,5.480638923341991,1.0,5.0,4.64387679701087
calibration-base-602,base,60,240,diffuse,heavy_tail,logistic,2.0,0.2,iid,0.15,equal,complete,none,0.0,4768238,DIFFUSE_ASYNCHRONOUS,0.7932955140136204,5.104602510460251,7.930739755629463,8.881784197001252e-16,7.930739755629463,0.07883584946747305,1.0,0.06689021262967541,0.13362956044486565,1.0,0.0,1.1266174281112803e-15,0.5899581589958158,0.035808858545187415,4.0943445622221,5.480638923341991,1.0,5.0,8.613295240749693
calibration-base-603,base,120,60,diffuse,heavy_tail,step,0.5,0.2,iid,0.15,equal,complete,none,0.0,4776419,DIFFUSE_ASYNCHRONOUS,0.813432149747549,5.084745762711864,7.944073117736326,0.042278614539818654,7.944073117736326,0.08173061378648012,1.0,0.048220682822288155,1.2071384177973221,1.0,0.0,0.05166015390349617,0.06779661016949153,-0.021490633918653527,4.787491742782046,4.0943445622221,1.0,5.0,3.3756164003534246
calibration-base-604,base,120,60,diffuse,heavy_tail,step,1.0,0.2,iid,0.15,equal,complete,none,0.0,4784207,DIFFUSE_ASYNCHRONOUS,0.6932018609449964,4.915254237288135,8.417730529063883,8.881784197001252e-16,8.417730529063883,0.06925860095596414,1.0,0.04730990770613822,0.8172514912803773,1.0,0.0,1.282408837950459e-15,0.08474576271186436,-0.03660153812376941,4.787491742782046,4.0943445622221,1.0,5.0,6.736432040192732
calibration-base-605,base,120,60,diffuse,heavy_tail,step,2.0,0.2,iid,0.15,equal,complete,none,0.0,4791995,DIFFUSE_ASYNCHRONOUS,0.9760054047342374,5.084745762711864,9.666014990453919,8.881784197001252e-16,9.666014990453919,0.0880590533941601,1.0,0.08002282563015693,2.5977420751277163,0.9916666666666667,0.0,1.0086168150417881e-15,0.03389830508474585,0.015066714408888774,4.787491742782046,4.0943445622221,1.0,5.0,13.210971412108417
calibration-base-606,base,120,60,diffuse,heavy_tail,logistic,0.5,0.5,iid,0.15,equal,complete,none,0.0,4799914,DIFFUSE_ASYNCHRONOUS,1.1927330677585968,5.084745762711864,6.055030011333516,0.07495197266339884,6.055030011333516,0.08873654313700627,1.0,0.038938943767454166,0.29189438494358066,0.975,0.0,0.08416602821742603,0.30508474576271183,0.011358680801810638,4.787491742782046,4.0943445622221,1.0,5.0,2.866225790894643
calibration-base-607,base,120,60,diffuse,heavy_tail,logistic,1.0,0.2,iid,0.15,equal,complete,none,0.0,4807833,DIFFUSE_ASYNCHRONOUS,0.7165987515839429,4.915254237288135,8.335528460385452,8.881784197001252e-16,8.335528460385452,0.07189459777825068,1.0,0.06031334810443975,0.6059687527023984,1.0,0.0,1.2353896497753466e-15,0.11864406779661021,-0.052922157381197196,4.787491742782046,4.0943445622221,1.0,5.0,5.648443103272793
calibration-base-608,base,120,60,diffuse,heavy_tail,logistic,1.0,0.2,iid,0.15,equal,complete,none,0.0,4815883,DIFFUSE_ASYNCHRONOUS,0.8754560992810416,5.084745762711864,7.895952150696889,8.881784197001252e-16,7.895952150696889,0.08652741115966847,1.0,0.053200111605293136,1.0210234516840884,1.0,0.0,1.0264705805899768e-15,0.08474576271186436,-0.0009081064676443201,4.787491742782046,4.0943445622221,1.0,5.0,5.797372588672554
calibration-base-609,base,120,60,diffuse,heavy_tail,logistic,1.0,0.2,iid,0.15,equal,complete,none,0.0,4823933,DIFFUSE_ASYNCHRONOUS,0.8764044817096878,5.084745762711864,7.469178558336902,8.881784197001252e-16,7.469178558336902,0.08809574646112826,1.0,0.05088597710627798,0.5775165601340629,1.0,0.0,1.0081967125303022e-15,0.15254237288135597,-0.00990329142440252,4.787491742782046,4.0943445622221,1.0,5.0,5.856004739374891
calibration-base-610,base,120,60,diffuse,heavy_tail,logistic,1.0,0.5,iid,0.15,equal,complete,none,0.0,4831852,DIFFUSE_ASYNCHRONOUS,0.6215179118400719,5.084745762711864,6.275972898160015,8.881784197001252e-16,6.275972898160015,0.06509445549041193,1.0,0.050213352710585614,0.295428682610331,1.0,0.0,1.3644455783656555e-15,0.22033898305084748,0.018308667514238392,4.787491742782046,4.0943445622221,1.0,5.0,4.754686188445312
calibration-base-611,base,120,60,diffuse,heavy_tail,logistic,2.0,0.5,iid,0.15,equal,complete,none,0.0,4839509,DIFFUSE_ASYNCHRONOUS,1.0131106517019473,4.915254237288135,6.032952336912002,8.881784197001252e-16,6.032952336912002,0.09159590907298798,1.0,0.051641918075068856,0.3860113310933065,1.0,0.0,9.696704019743746e-16,0.23728813559322032,-0.04328937794215333,4.787491742782046,4.0943445622221,1.0,5.0,6.150591938846248
calibration-base-612,base,120,120,diffuse,heavy_tail,step,2.0,0.2,iid,0.15,equal,complete,none,0.0,4847690,DIFFUSE_ASYNCHRONOUS,0.8018955797087711,5.04201680672269,8.572296231591126,8.881784197001252e-16,8.572296231591126,0.0799784578466416,1.0,0.054138519342156105,0.9517436483750354,1.0,0.0,1.110522062582407e-15,0.08403361344537812,0.004798383770352661,4.787491742782046,4.787491742782046,1.0,5.0,13.25207213164725
calibration-base-613,base,120,120,diffuse,heavy_tail,step,2.0,0.5,iid,0.15,equal,complete,none,0.0,4855347,DIFFUSE_ASYNCHRONOUS,1.6551519311306409,5.04201680672269,8.884275576945814,8.881784197001252e-16,8.884275576945814,0.09192616267113325,1.0,0.07808080268296672,0.9944739416240775,0.9833333333333333,0.0,9.661867676099919e-16,0.092436974789916,0.001319877620537455,4.787491742782046,4.787491742782046,1.0,5.0,13.57678171032764
calibration-base-614,base,120,120,diffuse,heavy_tail,logistic,0.5,0.2,iid,0.15,equal,complete,none,0.0,4863266,DIFFUSE_ASYNCHRONOUS,0.8193490778804443,4.873949579831933,7.761178318522429,0.028565935650379647,7.761178318522429,0.0817422189765124,1.0,0.04274179768058356,0.14106176791362135,1.0,0.0,0.03492504719662081,0.5798319327731093,-0.05175680015326014,4.787491742782046,4.787491742782046,1.0,5.0,3.1432710637341454
calibration-base-615,base,120,120,diffuse,heavy_tail,logistic,0.5,0.5,iid,0.15,equal,complete,none,0.0,4871185,DIFFUSE_ASYNCHRONOUS,0.77111484440549,5.04201680672269,6.228621048277617,0.04192333206469394,6.228621048277617,0.07729059200624902,1.0,0.04207565794582515,0.1417092406152106,1.0,0.0,0.05416156777226033,0.5462184873949579,-0.018889976183545855,4.787491742782046,4.787491742782046,1.0,5.0,2.7793223195424535
calibration-base-616,base,120,120,diffuse,heavy_tail,logistic,1.0,0.5,iid,0.15,equal,complete,none,0.0,4879104,DIFFUSE_ASYNCHRONOUS,0.7570862977132832,5.04201680672269,6.041500048948973,8.881784197001252e-16,6.041500048948973,0.0757829923574849,1.0,0.04639416379445891,0.17342646327962888,1.0,0.0,1.1720023082625109e-15,0.43697478991596644,-0.01214742478477059,4.787491742782046,4.787491742782046,1.0,5.0,4.670402053792885
calibration-base-617,base,120,240,diffuse,heavy_tail,step,1.0,0.2,iid,0.15,equal,complete,none,0.0,4887285,DIFFUSE_ASYNCHRONOUS,0.6955387642097252,4.97907949790795,8.580825788028449,8.881784197001252e-16,8.580825788028449,0.06957435294992015,1.0,0.057059246683759265,0.4618963987508588,1.0,0.0,1.2765888320074482e-15,0.1506276150627615,0.0034739757635739643,4.787491742782046,5.480638923341991,1.0,5.0,6.681570146874517
calibration-base-618,base,120,240,diffuse,heavy_tail,step,2.0,0.2,iid,0.15,equal,complete,none,0.0,4894942,DIFFUSE_ASYNCHRONOUS,1.0070095250465416,5.02092050209205,8.111665614612793,8.881784197001252e-16,8.111665614612793,0.10081264985955911,1.0,0.052257461060358654,1.338567962024146,1.0,0.0,8.810188214846409e-16,0.07531380753138076,0.00496110272610525,4.787491742782046,5.480638923341991,1.0,5.0,13.349264340529459
calibration-base-619,base,120,240,diffuse,heavy_tail,step,2.0,0.2,iid,0.15,equal,complete,none,0.0,4902992,DIFFUSE_ASYNCHRONOUS,0.9150257407358133,5.104602510460251,8.649004220637197,8.881784197001252e-16,8.649004220637197,0.0754226897734743,1.0,0.051289292615534825,0.4005782856857858,0.9916666666666667,0.0,1.1776010937394228e-15,0.18828451882845187,0.017938587476564637,4.787491742782046,5.480638923341991,1.0,5.0,13.268294567253784
calibration-base-620,base,120,240,diffuse,heavy_tail,step,2.0,0.5,iid,0.15,equal,complete,none,0.0,4910911,DIFFUSE_ASYNCHRONOUS,0.6403533836928402,5.06276150627615,9.22678269055172,8.881784197001252e-16,9.22678269055172,0.0640875621944951,1.0,0.056508126406949126,0.6962239711129248,1.0,0.0,1.3858826725295796e-15,0.09205020920502083,0.002118525040140568,4.787491742782046,5.480638923341991,1.0,5.0,13.295320826071151
calibration-base-621,base,120,240,diffuse,heavy_tail,logistic,0.5,0.2,iid,0.15,equal,complete,none,0.0,4918699,DIFFUSE_ASYNCHRONOUS,0.6941002058992836,5.104602510460251,7.717372932170026,0.01422320645353636,7.717372932170026,0.07302629653012219,1.0,0.056681241579026646,0.08952099990295466,1.0,0.0,0.01947313520237054,0.8158995815899581,0.006021120198125342,4.787491742782046,5.480638923341991,1.0,5.0,3.0973345120960865
calibration-base-622,base,120,240,diffuse,heavy_tail,logistic,1.0,0.5,iid,0.15,equal,complete,none,0.0,4926749,DIFFUSE_ASYNCHRONOUS,0.5965563566825054,4.937238493723849,6.290063309296075,1.1102230246251565e-15,6.290063309296075,0.05989729692442138,1.0,0.05056596036607343,0.13133444004529093,1.0,0.0,1.853544452975966e-15,0.4560669456066945,-0.04199528365043683,4.787491742782046,5.480638923341991,1.0,5.0,4.577071422172617
calibration-base-623,base,120,240,diffuse,heavy_tail,logistic,1.0,0.5,iid,0.15,equal,complete,none,0.0,4934799,DIFFUSE_ASYNCHRONOUS,0.631874016922835,5.06276150627615,6.328052358384249,8.881784197001252e-16,6.328052358384249,0.061021667560398896,1.0,0.04915629436689022,0.09921209895874378,1.0,0.0,1.4555131893454262e-15,0.6150627615062761,-0.003245410251710899,4.787491742782046,5.480638923341991,1.0,5.0,4.60508424272912
calibration-base-624,base,120,240,diffuse,heavy_tail,logistic,2.0,0.5,iid,0.15,equal,complete,none,0.0,4942456,DIFFUSE_ASYNCHRONOUS,1.028180105484402,5.02092050209205,6.272337184716884,8.881784197001252e-16,6.272337184716884,0.07456390144575502,1.0,0.07328977180006607,0.19800858272817168,0.9916666666666667,0.0,1.1911640921126853e-15,0.37656903765690375,-0.012525000707985758,4.787491742782046,5.480638923341991,1.0,5.0,6.164278665411921
calibration-base-625,base,120,240,diffuse,heavy_tail,logistic,2.0,0.5,iid,0.15,equal,complete,none,0.0,4950637,DIFFUSE_ASYNCHRONOUS,0.8443543817327216,4.937238493723849,6.35505677970317,8.881784197001252e-16,6.35505677970317,0.08115068933804107,1.0,0.06539604004023063,0.22552342734641648,1.0,0.0,1.0944804374986044e-15,0.3598326359832636,-0.0409612105059607,4.787491742782046,5.480638923341991,1.0,5.0,6.1416629963666995
calibration-base-626,base,25,60,two_cluster,two_normal_mix,step,0.5,0.2,iid,0.15,equal,complete,none,0.0,4958294,CLUSTERED,1.3406398089273899,5.762711864406779,4.361476682950979,0.04227861453981865,4.361476682950979,0.13314244690768556,2.0,0.047776673797555395,0.14554377485074793,1.0,0.0,0.031738424483392425,0.9152542372881356,0.013401851830477096,3.2188758248682006,4.0943445622221,1.0,5.0,3.47398375173217
calibration-base-627,base,25,60,two_cluster,two_normal_mix,step,1.0,0.5,iid,0.15,equal,complete,none,0.0,4966344,CLUSTERED,1.31763108424491,6.101694915254237,5.356255499385195,8.881784197001252e-16,5.356255499385195,0.12972735646433836,2.0,0.04024080062555976,0.47836962696224766,1.0,0.0,6.846500567860432e-16,0.2711864406779661,0.23067457963530402,3.2188758248682006,4.0943445622221,1.0,5.0,6.717760371732133
calibration-base-628,base,25,60,two_cluster,two_normal_mix,step,2.0,0.2,iid,0.15,equal,complete,none,0.0,4974394,CLUSTERED,1.3586087641450737,4.067796610169491,4.189056140845268,8.881784197001252e-16,4.189056140845268,0.13465096334775978,2.0,0.04310960959605749,0.44135593541765705,1.0,0.0,6.596153474269978e-16,0.3050847457627119,-0.01819156937434228,3.2188758248682006,4.0943445622221,1.0,5.0,13.64906447557626
calibration-base-629,base,25,60,two_cluster,two_normal_mix,step,2.0,0.5,iid,0.15,equal,complete,none,0.0,4982051,CLUSTERED,1.2102097195218946,3.8983050847457625,5.813129845866533,8.881784197001252e-16,5.813129845866533,0.12047211542368097,2.0,0.06977525938813664,0.44424092562482365,1.0,0.0,7.372481313012104e-16,0.27118644067796605,-0.2662664696631879,3.2188758248682006,4.0943445622221,1.0,5.0,14.008535775128186
calibration-base-630,base,25,60,two_cluster,two_normal_mix,logistic,0.5,0.2,iid,0.15,equal,complete,none,0.0,4990101,CLUSTERED,1.255761592962034,4.576271186440678,4.856134969309105,0.042278614539818654,4.856134969309105,0.12259215269680857,2.0,0.029344436728327095,0.15077577170531523,1.0,0.0,0.03446672042691444,0.8135593220338982,-0.16076614617085438,3.2188758248682006,4.0943445622221,1.0,5.0,3.1794608728456577
calibration-base-631,base,25,60,two_cluster,two_normal_mix,logistic,0.5,0.2,iid,0.15,equal,complete,none,0.0,4998151,CLUSTERED,1.365440949719944,4.406779661016949,4.617861585426144,0.06188955452035775,4.617861585426144,0.13421788366285026,2.0,0.04900270481730935,0.14957112058789807,1.0,0.0,0.04606231397628119,0.8983050847457626,-0.1668838092054699,3.2188758248682006,4.0943445622221,1.0,5.0,3.270458309727417
calibration-base-632,base,25,60,two_cluster,two_normal_mix,logistic,1.0,0.2,iid,0.15,equal,complete,none,0.0,5005808,CLUSTERED,1.2659184642689865,5.932203389830509,4.387516714025394,8.881784197001252e-16,4.387516714025394,0.12699157490823193,2.0,0.050118805308969054,0.4995001946390455,1.0,0.0,6.99399484053923e-16,0.25423728813559326,-0.028598453193419738,3.2188758248682006,4.0943445622221,1.0,5.0,5.690403574394068
calibration-base-633,base,25,60,two_cluster,two_normal_mix,logistic,2.0,0.2,iid,0.15,equal,complete,none,0.0,5013858,CLUSTERED,1.4045219080543754,5.932203389830509,4.17101165803022,8.881784197001252e-16,4.17101165803022,0.13927212599440092,2.0,0.03899755491960792,0.2054263858417414,1.0,0.0,6.37728772615873e-16,0.6779661016949152,0.05095496559033889,3.2188758248682006,4.0943445622221,1.0,5.0,8.635847194979773
calibration-base-634,base,25,120,two_cluster,two_normal_mix,step,0.5,0.5,iid,0.15,equal,complete,none,0.0,5021646,CLUSTERED,1.1949000943851673,6.050420168067228,4.400230121851035,0.028565935650379643,4.400230121851035,0.12074751418124854,2.0,0.03711162072918488,0.13559410037667485,1.0,0.0,0.023650959022441555,0.8907563025210085,0.08067925214486403,3.2188758248682006,4.787491742782046,1.0,5.0,3.265405826895615
calibration-base-635,base,25,120,two_cluster,two_normal_mix,step,1.0,0.5,iid,0.15,equal,complete,none,0.0,5029827,CLUSTERED,1.3487262394357296,6.050420168067228,3.9663635153150434,8.881784197001252e-16,3.9663635153150434,0.13504659229932534,2.0,0.06539314798943283,0.20088180604524647,1.0,0.0,6.576829556213559e-16,0.6722689075630252,-0.0242245331139323,3.2188758248682006,4.787491742782046,1.0,5.0,6.636416016397684
calibration-base-636,base,25,120,two_cluster,two_normal_mix,step,2.0,0.2,iid,0.15,equal,complete,none,0.0,5037484,CLUSTERED,1.0933998455825296,3.9495798319327733,5.565141687064588,4.440892098500626e-16,5.565141687064588,0.10977556370796744,2.0,0.06550342320311901,13.063292081248102,1.0,0.0,4.0454286441330377e-16,0.00840336134453783,-0.24817580371376768,3.2188758248682006,4.787491742782046,1.0,5.0,13.414159347445935
calibration-base-637,base,25,120,two_cluster,two_normal_mix,step,2.0,0.2,iid,0.15,equal,complete,none,0.0,5045534,CLUSTERED,1.2866569944827633,4.033613445378151,4.731190266666597,8.881784197001252e-16,4.731190266666597,0.12950994856677972,2.0,0.05295306948395504,0.4403338251270511,1.0,0.0,6.857993764410695e-16,0.2941176470588235,-0.1087195373153278,3.2188758248682006,4.787491742782046,1.0,5.0,13.488895813448723
calibration-base-638,base,25,120,two_cluster,two_normal_mix,step,2.0,0.2,iid,0.15,equal,complete,none,0.0,5053584,CLUSTERED,1.2407607629122581,6.1344537815126055,4.520168425137758,4.440892098500626e-16,4.520168425137758,0.12473260716154269,2.0,0.0471029005331697,0.3906100066374626,1.0,0.0,3.560329732183962e-16,0.319327731092437,0.11584092529745707,3.2188758248682006,4.787491742782046,1.0,5.0,13.650454373865973
calibration-base-639,base,25,120,two_cluster,two_normal_mix,step,2.0,0.5,iid,0.15,equal,complete,none,0.0,5061503,CLUSTERED,1.318655835228174,5.882352941176471,5.4646297343470405,8.881784197001252e-16,5.4646297343470405,0.13287561195966102,2.0,0.060693216617477716,1.976524727899957,1.0,0.0,6.684284697554299e-16,0.06722689075630255,0.17627935976713854,3.2188758248682006,4.787491742782046,1.0,5.0,13.44579866333179
calibration-base-640,base,25,120,two_cluster,two_normal_mix,logistic,0.5,0.2,iid,0.15,equal,complete,none,0.0,5069291,CLUSTERED,1.3352025578827549,5.966386554621849,4.955884013452622,0.03068473711513541,4.955884013452622,0.1364601008789311,2.0,0.03671412907942326,0.14002462837559734,1.0,0.0,0.02248055093433953,0.9747899159663866,0.20923444812738745,3.2188758248682006,4.787491742782046,1.0,5.0,3.1525510956431364
calibration-base-641,base,25,120,two_cluster,two_normal_mix,logistic,0.5,0.2,iid,0.15,equal,complete,none,0.0,5077341,CLUSTERED,1.3714860964407276,5.546218487394959,3.972032310307409,0.03068473711513541,3.972032310307409,0.1446521598386876,2.0,0.03416231423217204,0.1565225408211992,1.0,0.0,0.021208003870435983,0.9243697478991596,0.03762767184699677,3.2188758248682006,4.787491742782046,1.0,5.0,3.0772782234716707
calibration-base-642,base,25,120,two_cluster,two_normal_mix,logistic,0.5,0.5,iid,0.15,equal,complete,none,0.0,5085260,CLUSTERED,1.2345258380217778,5.46218487394958,4.690042537730727,0.03716106207681132,4.690042537730727,0.12348253968239846,2.0,0.0317497607710021,0.12353844361882611,1.0,0.0,0.03008056519755954,1.0,0.04844770071555833,3.2188758248682006,4.787491742782046,1.0,5.0,2.8320377195071185
calibration-base-643,base,25,120,two_cluster,two_normal_mix,logistic,1.0,0.2,iid,0.15,equal,complete,none,0.0,5093048,CLUSTERED,1.2784380941535423,5.630252100840337,4.166903522870072,8.881784197001252e-16,4.166903522870072,0.12442151999873934,2.0,0.06011237265196761,0.20008325513310782,1.0,0.0,7.138463022386517e-16,0.6218487394957984,-0.004962488262689404,3.2188758248682006,4.787491742782046,1.0,5.0,5.6279096608754555
calibration-base-644,base,25,120,two_cluster,two_normal_mix,logistic,1.0,0.2,iid,0.15,equal,complete,none,0.0,5101098,CLUSTERED,1.3705351315953027,5.798319327731093,4.477133950870599,8.881784197001252e-16,4.477133950870599,0.1323362667901145,2.0,0.056276150997521514,0.15439231125513356,1.0,0.0,6.71152693999429e-16,0.8571428571428573,0.07607020954310215,3.2188758248682006,4.787491742782046,1.0,5.0,5.682606612063277
calibration-base-645,base,25,120,two_cluster,two_normal_mix,logistic,1.0,0.5,iid,0.15,equal,complete,none,0.0,5109017,CLUSTERED,1.3818496116106378,5.378151260504202,4.328532905283109,1.7763568394002505e-15,4.328532905283109,0.13830615537103183,2.0,0.03747748927064428,0.19829436733919023,1.0,0.0,1.284365713611838e-15,0.6974789915966386,0.08638648890070053,3.2188758248682006,4.787491742782046,1.0,5.0,4.628514408473383
calibration-base-646,base,25,120,two_cluster,two_normal_mix,logistic,2.0,0.5,iid,0.15,equal,complete,none,0.0,5116674,CLUSTERED,1.1435584056409067,5.294117647058824,4.961752550687805,0.0,4.961752550687805,0.10898534415114243,2.0,0.060777788663566285,0.28820568786635437,1.0,0.0,0.0,0.3781512605042018,0.06688172664887855,3.2188758248682006,4.787491742782046,1.0,5.0,6.171839627951403
calibration-base-647,base,25,240,two_cluster,two_normal_mix,step,0.5,0.2,iid,0.15,equal,complete,none,0.0,5124724,CLUSTERED,1.2768708558627246,5.815899581589958,4.2225921936786985,0.014223206453536358,4.2225921936786985,0.12735112595135462,2.0,0.03759514957616574,0.13292059966210815,1.0,0.0,0.011167800333256457,0.9581589958158997,0.012525153049978813,3.2188758248682006,5.480638923341991,1.0,5.0,3.289932915209775
calibration-base-648,base,25,240,two_cluster,two_normal_mix,step,0.5,0.2,iid,0.15,equal,complete,none,0.0,5132774,CLUSTERED,1.3287464343615814,6.06694560669456,5.423210222317928,0.014223206453536509,5.423210222317928,0.13242627221306638,2.0,0.051949632693037116,0.14067424237981807,1.0,0.0,0.010739852378525065,0.9414225941422594,0.2355994142869815,3.2188758248682006,5.480638923341991,1.0,5.0,3.339138853401794
calibration-base-649,base,25,240,two_cluster,two_normal_mix,step,0.5,0.5,iid,0.15,equal,complete,none,0.0,5140562,CLUSTERED,1.3082894345976448,6.02510460251046,4.692731760060601,0.01043698015836536,4.692731760060601,0.13045862582406526,2.0,0.03871732138428782,0.14638783736630576,1.0,0.0,0.007999966354498053,0.8912133891213389,0.16274290189912516,3.2188758248682006,5.480638923341991,1.0,5.0,3.3655370961765416
calibration-base-650,base,25,240,two_cluster,two_normal_mix,step,1.0,0.2,iid,0.15,equal,complete,none,0.0,5148481,CLUSTERED,1.3080196443069936,3.933054393305439,4.481912802365425,8.881784197001252e-16,4.481912802365425,0.13050637803331902,2.0,0.05849167976056154,0.2065630751653195,1.0,0.0,6.80563228467936e-16,0.6317991631799164,-0.09811067155028788,3.2188758248682006,5.480638923341991,1.0,5.0,6.550261056262101
calibration-base-651,base,25,240,two_cluster,two_normal_mix,step,1.0,0.2,iid,0.15,equal,complete,none,0.0,5156531,CLUSTERED,1.3379232581451168,3.8912133891213387,4.260009773133566,1.3322676295501878e-15,4.260009773133566,0.13325686549862062,2.0,0.07886074837180927,0.35784708824910477,1.0,0.0,9.99774101368142e-16,0.37238493723849375,-0.025821124048394394,3.2188758248682006,5.480638923341991,1.0,5.0,6.722566970290392
calibration-base-652,base,25,240,two_cluster,two_normal_mix,step,2.0,0.5,iid,0.15,equal,complete,none,0.0,5164319,CLUSTERED,1.1926300965166243,4.351464435146443,4.912578508389701,8.881784197001252e-16,4.912578508389701,0.11929004576658844,2.0,0.04874799899146333,0.41319305707557447,1.0,0.0,7.445536750300185e-16,0.28870292887029286,-0.0720929434379076,3.2188758248682006,5.480638923341991,1.0,5.0,13.342024731591406
calibration-base-653,base,25,240,two_cluster,two_normal_mix,step,2.0,0.5,iid,0.15,equal,complete,none,0.0,5172369,CLUSTERED,1.162766767365433,5.606694560669456,4.543629274737726,8.881784197001252e-16,4.543629274737726,0.11599618347742031,2.0,0.05265528714381421,0.36004010196238256,1.0,0.0,7.6569624368117e-16,0.32217573221757323,0.030327340381976046,3.2188758248682006,5.480638923341991,1.0,5.0,13.33465603643276
calibration-base-654,base,25,240,two_cluster,two_normal_mix,logistic,0.5,0.2,iid,0.15,equal,complete,none,0.0,5180157,CLUSTERED,1.377524418458981,5.899581589958158,3.887778012999405,0.016736401673640166,3.887778012999405,0.13677685394365463,2.0,0.049890885218156586,0.1446553772449212,1.0,0.0,0.012235366138018348,0.9456066945606695,0.025495741001019406,3.2188758248682006,5.480638923341991,1.0,5.0,3.125005265606599
calibration-base-655,base,25,240,two_cluster,two_normal_mix,logistic,1.0,0.2,iid,0.15,equal,complete,none,0.0,5188076,CLUSTERED,1.2445259884250446,4.435146443514644,4.631818044765693,8.881784197001252e-16,4.631818044765693,0.12491860062143993,2.0,0.04503601257238754,0.12704487467457082,1.0,0.0,7.110057391626641e-16,0.9832635983263598,-0.05617778785164082,3.2188758248682006,5.480638923341991,1.0,5.0,5.6170085277357025
calibration-base-656,base,25,240,two_cluster,two_normal_mix,logistic,2.0,0.2,iid,0.15,equal,complete,none,0.0,5195995,CLUSTERED,1.217597361495133,4.2677824267782425,4.3908951534270075,8.881784197001252e-16,4.3908951534270075,0.1218423835500568,2.0,0.05936279139582011,0.23484136829406108,1.0,0.0,7.289568652727749e-16,0.5188284518828452,-0.012755511961065997,3.2188758248682006,5.480638923341991,1.0,5.0,8.52028034108291
calibration-base-657,base,60,60,two_cluster,two_normal_mix,step,1.0,0.2,iid,0.15,equal,complete,none,0.0,5203914,CLUSTERED,1.2167952420494623,6.101694915254237,4.617458796369543,8.881784197001252e-16,4.617458796369543,0.12140452898136309,2.0,0.05124124621524943,0.42134512999414253,1.0,0.0,7.315859030567717e-16,0.288135593220339,0.0652648771957573,4.0943445622221,4.0943445622221,1.0,5.0,6.672598727371203
calibration-base-658,base,60,60,two_cluster,two_normal_mix,step,1.0,0.5,iid,0.15,equal,complete,none,0.0,5211964,CLUSTERED,1.4042493995306895,5.932203389830509,4.038825542421245,1.3322676295501878e-15,4.038825542421245,0.14100997737365456,2.0,0.06416690431119337,0.4621993702803122,1.0,0.0,9.448038035066733e-16,0.30508474576271183,0.04098921659967209,4.0943445622221,4.0943445622221,1.0,5.0,6.613721828019457
calibration-base-659,base,60,60,two_cluster,two_normal_mix,logistic,0.5,0.5,iid,0.15,equal,complete,none,0.0,5219621,CLUSTERED,1.3217193205197646,4.745762711864407,4.347716711832247,0.08455722907963692,4.347716711832247,0.13084768937266636,2.0,0.04298564744395542,0.14065666539720453,1.0,0.0,0.06448812467139357,0.9322033898305084,-0.05327035594812389,4.0943445622221,4.0943445622221,1.0,5.0,2.899263497867641
calibration-base-660,base,60,60,two_cluster,two_normal_mix,logistic,1.0,0.2,iid,0.15,equal,complete,none,0.0,5227540,CLUSTERED,1.275118789890642,5.932203389830509,4.5359936278379225,1.3322676295501878e-15,4.5359936278379225,0.1284562394677723,2.0,0.04500341913225551,0.4210510071443648,1.0,0.0,1.0371373434798652e-15,0.30508474576271183,0.07147862920263776,4.0943445622221,4.0943445622221,1.0,5.0,5.611042639674215
calibration-base-661,base,60,60,two_cluster,two_normal_mix,logistic,1.0,0.5,iid,0.15,equal,complete,none,0.0,5235590,CLUSTERED,1.286612126907339,5.254237288135593,4.484377062533817,8.881784197001252e-16,4.484377062533817,0.12630973008471366,2.0,0.04172838786336107,0.2191845316175914,1.0,0.0,7.03174980347468e-16,0.5762711864406779,0.02597797711207923,4.0943445622221,4.0943445622221,1.0,5.0,4.660782542382634
calibration-base-662,base,60,60,two_cluster,two_normal_mix,logistic,2.0,0.2,iid,0.15,equal,complete,none,0.0,5243509,CLUSTERED,1.3370097768377558,5.59322033898305,4.192460612839339,8.881784197001252e-16,4.192460612839339,0.1342791789151756,2.0,0.03928605630279985,0.3772605502854934,1.0,0.0,6.614416522915955e-16,0.3559322033898305,0.01748007625650392,4.0943445622221,4.0943445622221,1.0,5.0,8.472491736748259
calibration-base-663,base,60,120,two_cluster,two_normal_mix,step,0.5,0.2,iid,0.15,equal,complete,none,0.0,5251559,CLUSTERED,1.306861090263362,4.453781512605042,4.048085210183631,0.020961666032347157,4.048085210183631,0.13046427103795816,2.0,0.03828372000307966,0.16174220862987226,1.0,0.0,0.01606490480914457,0.8067226890756304,0.0015386022524651757,4.0943445622221,4.787491742782046,1.0,5.0,3.4361161712585653
calibration-base-664,base,60,120,two_cluster,two_normal_mix,step,0.5,0.5,iid,0.15,equal,complete,none,0.0,5259478,CLUSTERED,1.2772811656985588,5.966386554621849,4.471783107764931,0.02856593565037972,4.471783107764931,0.12783632146353502,2.0,0.04791580021150318,0.23055030031516044,1.0,0.0,0.022340134687155472,0.5546218487394959,0.07704280285427963,4.0943445622221,4.787491742782046,1.0,5.0,3.3611616799783723
calibration-base-665,base,60,120,two_cluster,two_normal_mix,step,1.0,0.2,iid,0.15,equal,complete,none,0.0,5267266,CLUSTERED,1.220446010167974,4.2857142857142865,4.242113204943134,8.881784197001252e-16,4.242113204943134,0.12210274886164789,2.0,0.05814875178958965,0.4273596210157677,1.0,0.0,7.274024769962402e-16,0.2857142857142857,0.0070225587536288415,4.0943445622221,4.787491742782046,1.0,5.0,6.608855659903718
calibration-base-666,base,60,120,two_cluster,two_normal_mix,step,1.0,0.2,iid,0.15,equal,complete,none,0.0,5275316,CLUSTERED,1.2832860725693602,4.201680672268908,4.9628026972725925,4.440892098500626e-16,4.9628026972725925,0.12870493120723914,2.0,0.03776613999185511,0.3003115061502246,1.0,0.0,3.450444405544924e-16,0.42857142857142866,-0.14636839759795445,4.0943445622221,4.787491742782046,1.0,5.0,6.559313508622923
calibration-base-667,base,60,120,two_cluster,two_normal_mix,step,1.0,0.5,iid,0.15,equal,complete,none,0.0,5282973,CLUSTERED,1.2909867142232365,4.453781512605042,4.269651379252182,6.661338147750939e-16,4.269651379252182,0.12960102025884596,2.0,0.048132090820740304,0.16406937671066668,1.0,0.0,5.139880947269215e-16,0.7899159663865547,-0.0605859885911231,4.0943445622221,4.787491742782046,1.0,5.0,6.548630723469411
calibration-base-668,base,60,120,two_cluster,two_normal_mix,step,1.0,0.5,iid,0.15,equal,complete,none,0.0,5291154,CLUSTERED,1.3226411031661218,4.201680672268908,4.158579928011971,6.661338147750939e-16,4.158579928011971,0.13184502306415596,2.0,0.050229303246239025,0.3648734359217339,1.0,0.0,5.052400153557199e-16,0.3613445378151261,-0.0157196702695768,4.0943445622221,4.787491742782046,1.0,5.0,6.751370366845165
calibration-base-669,base,60,120,two_cluster,two_normal_mix,logistic,0.5,0.2,iid,0.15,equal,complete,none,0.0,5299073,CLUSTERED,1.3560640334778606,4.369747899159664,4.259267904168915,0.0296253363827576,4.259267904168915,0.13250044188221685,2.0,0.03699809438991177,0.1546224830498904,1.0,0.0,0.022353083306389847,0.8571428571428573,-0.033548305960478364,4.0943445622221,4.787491742782046,1.0,5.0,3.2065289568437887
calibration-base-670,base,60,120,two_cluster,two_normal_mix,logistic,0.5,0.5,iid,0.15,equal,complete,none,0.0,5306730,CLUSTERED,1.2564816559733707,4.957983193277311,4.515124913467674,0.04685255930442184,4.515124913467674,0.1251712191163572,2.0,0.037878140800479,0.17133110462266957,1.0,0.0,0.03740458261035394,0.73109243697479,-0.021860220119554696,4.0943445622221,4.787491742782046,1.0,5.0,2.7871587999116465
calibration-base-671,base,60,120,two_cluster,two_normal_mix,logistic,1.0,0.2,iid,0.15,equal,complete,none,0.0,5314649,CLUSTERED,1.3606790064926915,4.2857142857142865,4.431010703062969,8.881784197001252e-16,4.431010703062969,0.1350494508141203,2.0,0.042911687421285316,0.19598639813268673,1.0,0.0,6.576690348208809e-16,0.689075630252101,-0.08132532207537232,4.0943445622221,4.787491742782046,1.0,5.0,5.619621855557522
calibration-base-672,base,60,120,two_cluster,two_normal_mix,logistic,2.0,0.2,iid,0.15,equal,complete,none,0.0,5322699,CLUSTERED,1.2789445934269408,6.050420168067228,4.776854889098263,8.881784197001252e-16,4.776854889098263,0.12784867309176012,2.0,0.06289410289864912,0.39010236148511407,1.0,0.0,6.947107061976763e-16,0.32773109243697485,0.14769445788978605,4.0943445622221,4.787491742782046,1.0,5.0,8.410854136602154
calibration-base-673,base,60,120,two_cluster,two_normal_mix,logistic,2.0,0.5,iid,0.15,equal,complete,none,0.0,5330749,CLUSTERED,1.3403595830645985,4.789915966386555,4.488452058564762,8.881784197001252e-16,4.488452058564762,0.13272582452942042,2.0,0.03688879703765266,0.20782069893422406,1.0,0.0,6.691828231989991e-16,0.638655462184874,-0.05107236877356547,4.0943445622221,4.787491742782046,1.0,5.0,6.177312426065857
calibration-base-674,base,60,240,two_cluster,two_normal_mix,step,0.5,0.5,iid,0.15,equal,complete,none,0.0,5338668,CLUSTERED,1.3018286614262224,4.309623430962343,4.120236990782633,0.014750690500201377,4.120236990782633,0.13034462585273027,2.0,0.038564022009807825,0.14765099675582266,1.0,0.0,0.011315960250342804,0.8828451882845189,0.0027375070887192036,4.0943445622221,5.480638923341991,1.0,5.0,3.2544591546463497
calibration-base-675,base,60,240,two_cluster,two_normal_mix,step,1.0,0.2,iid,0.15,equal,complete,none,0.0,5346456,CLUSTERED,1.3303449549668953,5.7740585774058575,4.059395131985321,8.881784197001252e-16,4.059395131985321,0.13295823535749557,2.0,0.03919873637581538,0.2237818186650806,1.0,0.0,6.680130924662229e-16,0.5941422594142259,1.656395968545761e-06,4.0943445622221,5.480638923341991,1.0,5.0,6.67315255662283
calibration-base-676,base,60,240,two_cluster,two_normal_mix,step,1.0,0.2,iid,0.15,equal,complete,none,0.0,5354506,CLUSTERED,1.2848290291480615,3.8912133891213387,5.997414109232917,8.881784197001252e-16,5.997414109232917,0.12846352374802933,2.0,0.053164967611785366,0.4264275302191529,1.0,0.0,6.913856897170394e-16,0.301255230125523,-0.2820349747696435,4.0943445622221,5.480638923341991,1.0,5.0,6.745918010411546
calibration-base-677,base,60,240,two_cluster,two_normal_mix,step,1.0,0.5,iid,0.15,equal,complete,none,0.0,5362163,CLUSTERED,1.3286117718418748,6.2761506276150625,5.145953739716167,1.3322676295501878e-15,5.145953739716167,0.1327426327472509,2.0,0.0589104213722617,0.24593402501234862,1.0,0.0,1.003647134290983e-15,0.5397489539748953,0.20480107653367105,4.0943445622221,5.480638923341991,1.0,5.0,6.707933327124584
calibration-base-678,base,60,240,two_cluster,two_normal_mix,step,2.0,0.5,iid,0.15,equal,complete,none,0.0,5370213,CLUSTERED,1.3053430223213756,6.06694560669456,5.006249388034271,8.881784197001252e-16,5.006249388034271,0.13061714918056838,2.0,0.046215387911256185,0.40022434171994675,1.0,0.0,6.799860701846167e-16,0.3263598326359832,0.13914603020380398,4.0943445622221,5.480638923341991,1.0,5.0,13.35279216879505
calibration-base-679,base,60,240,two_cluster,two_normal_mix,logistic,0.5,0.5,iid,0.15,equal,complete,none,0.0,5378132,CLUSTERED,1.3505600412899252,4.895397489539748,4.352129566526134,0.020873960316730715,4.352129566526134,0.13105098572576818,2.0,0.03448354372140688,0.13217366459100222,1.0,0.0,0.015926101425516485,0.99163179916318,-0.04803723343900802,4.0943445622221,5.480638923341991,1.0,5.0,2.706567436014337
calibration-base-680,base,60,240,two_cluster,two_normal_mix,logistic,2.0,0.5,iid,0.15,equal,complete,none,0.0,5386051,CLUSTERED,1.3645438551529987,5.146443514644352,4.459137547885957,1.1102230246251565e-15,4.459137547885957,0.1312156209487229,2.0,0.03618947232089494,0.1641912743808627,1.0,0.0,8.461058345019873e-16,0.799163179916318,0.030917171594643248,4.0943445622221,5.480638923341991,1.0,5.0,6.089387063201965
calibration-base-681,base,60,240,two_cluster,two_normal_mix,logistic,2.0,0.5,iid,0.15,equal,complete,none,0.0,5394101,CLUSTERED,1.3315381199289622,4.811715481171548,4.515248927568829,8.881784197001252e-16,4.515248927568829,0.1276664200718885,2.0,0.039435723543884645,0.19190109683761858,1.0,0.0,6.957024558219734e-16,0.6652719665271967,-0.033305837698524327,4.0943445622221,5.480638923341991,1.0,5.0,6.110638498486621
calibration-base-682,base,120,60,two_cluster,two_normal_mix,step,0.5,0.5,iid,0.15,equal,complete,none,0.0,5401889,CLUSTERED,1.3531616815039174,5.762711864406779,4.298245544519281,0.042278614539818654,4.298245544519281,0.13530623761443636,2.0,0.037482346569854864,0.20479395399084566,1.0,0.0,0.031231368935983467,0.6610169491525424,0.053184935577728076,4.787491742782046,4.0943445622221,1.0,5.0,3.29890078614443
calibration-base-683,base,120,60,two_cluster,two_normal_mix,step,1.0,0.2,iid,0.15,equal,complete,none,0.0,5409808,CLUSTERED,1.2774862290981464,4.23728813559322,4.632212340949119,8.881784197001252e-16,4.632212340949119,0.1281452581574057,2.0,0.051336343548134225,0.4725356394554336,1.0,0.0,6.931028369455089e-16,0.2711864406779661,-0.10871042505866495,4.787491742782046,4.0943445622221,1.0,5.0,6.6296858293204535
calibration-base-684,base,120,60,two_cluster,two_normal_mix,step,1.0,0.2,iid,0.15,equal,complete,none,0.0,5417858,CLUSTERED,1.2692584156520132,4.067796610169491,5.185752049399606,8.881784197001252e-16,5.185752049399606,0.12746648892841703,2.0,0.04811664305577121,1.8801307116941512,1.0,0.0,6.967936648815288e-16,0.06779661016949153,-0.16622387626789256,4.787491742782046,4.0943445622221,1.0,5.0,6.899829466662783
calibration-base-685,base,120,60,two_cluster,two_normal_mix,step,1.0,0.5,iid,0.15,equal,complete,none,0.0,5425515,CLUSTERED,1.3388527901078866,4.23728813559322,4.408055899578965,8.881784197001252e-16,4.408055899578965,0.13390873400946154,2.0,0.04272172059041628,0.4389230725865684,1.0,0.0,6.632714634113182e-16,0.3050847457627119,-0.06243576204391834,4.787491742782046,4.0943445622221,1.0,5.0,6.677131919828346
calibration-base-686,base,120,60,two_cluster,two_normal_mix,step,1.0,0.5,iid,0.15,equal,complete,none,0.0,5433565,CLUSTERED,1.2780744881982344,4.067796610169491,4.647592557910684,8.881784197001252e-16,4.647592557910684,0.12797070058210785,2.0,0.04623841011471777,0.47189195839652276,1.0,0.0,6.940482592187241e-16,0.2711864406779661,-0.11729552764503098,4.787491742782046,4.0943445622221,1.0,5.0,6.738035927104279
calibration-base-687,base,120,60,two_cluster,two_normal_mix,step,1.0,0.5,iid,0.15,equal,complete,none,0.0,5441615,CLUSTERED,1.3078284898221157,5.932203389830509,4.117547317147316,8.881784197001252e-16,4.117547317147316,0.13013304464151373,2.0,0.04416772826557431,0.40409734914996376,1.0,0.0,6.825156685965891e-16,0.3220338983050847,-0.009748836700959732,4.787491742782046,4.0943445622221,1.0,5.0,6.614420770066115
calibration-base-688,base,120,60,two_cluster,two_normal_mix,step,2.0,0.2,iid,0.15,equal,complete,none,0.0,5449534,CLUSTERED,1.3110113728504356,5.932203389830509,4.344548458211138,8.881784197001252e-16,4.344548458211138,0.13056463865968018,2.0,0.03946109975965711,0.42796187116228507,1.0,0.0,6.802595471620637e-16,0.30508474576271183,0.02281023113605853,4.787491742782046,4.0943445622221,1.0,5.0,13.392842368477568
calibration-base-689,base,120,60,two_cluster,two_normal_mix,step,2.0,0.5,iid,0.15,equal,complete,none,0.0,5457191,CLUSTERED,1.2927971528449271,6.101694915254237,4.747144558637429,8.881784197001252e-16,4.747144558637429,0.12948796348913405,2.0,0.0435532162179414,0.4244327692143838,1.0,0.0,6.859158146962875e-16,0.3050847457627119,0.12469586712486468,4.787491742782046,4.0943445622221,1.0,5.0,13.180267666399164
calibration-base-690,base,120,60,two_cluster,two_normal_mix,step,2.0,0.5,iid,0.15,equal,complete,none,0.0,5465372,CLUSTERED,1.2514961414695054,5.59322033898305,4.3425111295752465,8.881784197001252e-16,4.3425111295752465,0.12506788989159792,2.0,0.03340061483630031,0.3883687107160146,1.0,0.0,7.101570358866295e-16,0.3220338983050847,-0.008994765983474519,4.787491742782046,4.0943445622221,1.0,5.0,13.480372874143784
calibration-base-691,base,120,60,two_cluster,two_normal_mix,logistic,0.5,0.2,iid,0.15,equal,complete,none,0.0,5473160,CLUSTERED,1.3483423945236503,5.59322033898305,4.149584527730675,0.05761603970161354,4.149584527730675,0.13461089259936074,2.0,0.037961595773643865,0.24841607066034677,1.0,0.0,0.042762762053786395,0.5423728813559322,0.016755016402159876,4.787491742782046,4.0943445622221,1.0,5.0,3.190629031219231
calibration-base-692,base,120,60,two_cluster,two_normal_mix,logistic,0.5,0.5,iid,0.15,equal,complete,none,0.0,5481079,CLUSTERED,1.2927111988505846,4.745762711864407,4.426953394734604,0.07495197266339887,4.426953394734604,0.1268207432153758,2.0,0.037090883067598994,0.149909602390537,1.0,0.0,0.05899777354648873,0.8474576271186439,-0.012981443004474074,4.787491742782046,4.0943445622221,1.0,5.0,2.793595364229252
calibration-base-693,base,120,60,two_cluster,two_normal_mix,logistic,0.5,0.5,iid,0.15,equal,complete,none,0.0,5489129,CLUSTERED,1.2789731850336221,5.254237288135593,4.6291527318567605,0.07495197266339892,4.6291527318567605,0.12949127584499862,2.0,0.03166641837694901,0.16282495183908802,1.0,0.0,0.05778515238124453,0.7966101694915254,0.023427612185512182,4.787491742782046,4.0943445622221,1.0,5.0,2.848581385688317
calibration-base-694,base,120,60,two_cluster,two_normal_mix,logistic,1.0,0.2,iid,0.15,equal,complete,none,0.0,5496786,CLUSTERED,1.2944458754255799,4.745762711864407,4.350183841477972,8.881784197001252e-16,4.350183841477972,0.13062459676039254,2.0,0.033254018509078616,0.36699291470776957,1.0,0.0,6.799473006828337e-16,0.35593220338983045,-0.012299795080922007,4.787491742782046,4.0943445622221,1.0,5.0,5.75235218387102
calibration-base-695,base,120,60,two_cluster,two_normal_mix,logistic,2.0,0.2,iid,0.15,equal,complete,none,0.0,5504705,CLUSTERED,1.320224265498291,5.932203389830509,4.411785076073323,8.881784197001252e-16,4.411785076073323,0.13125041324039038,2.0,0.03466387405599481,0.3687511610087159,1.0,0.0,6.767052367853432e-16,0.35593220338983045,0.0705892168284246,4.787491742782046,4.0943445622221,1.0,5.0,8.524067091092903
calibration-base-696,base,120,60,two_cluster,two_normal_mix,logistic,2.0,0.5,iid,0.15,equal,complete,none,0.0,5512755,CLUSTERED,1.32733680059647,5.423728813559322,4.562579190399293,8.881784197001252e-16,4.562579190399293,0.13006350391233396,2.0,0.04323827521225051,0.3069498692331082,1.0,0.0,6.828805875465108e-16,0.42372881355932196,0.10154520876502028,4.787491742782046,4.0943445622221,1.0,5.0,6.21430561241808
calibration-base-697,base,120,120,two_cluster,two_normal_mix,step,1.0,0.5,iid,0.15,equal,complete,none,0.0,5520674,CLUSTERED,1.318524679405191,5.882352941176471,4.227112308240462,4.440892098500626e-16,4.227112308240462,0.13176019209479384,2.0,0.03551374581517312,0.435540634980013,1.0,0.0,3.370435355244216e-16,0.3025210084033613,0.004189698674981401,4.787491742782046,4.787491742782046,1.0,5.0,6.765584406198522
calibration-base-698,base,120,120,two_cluster,two_normal_mix,step,2.0,0.2,iid,0.15,equal,complete,none,0.0,5528724,CLUSTERED,1.2989668386048552,4.033613445378151,4.797329396665374,8.881784197001252e-16,4.797329396665374,0.12970609332151087,2.0,0.041287218525590766,0.3764640269575559,1.0,0.0,6.847622937023784e-16,0.3445378151260505,-0.13000273970136678,4.787491742782046,4.787491742782046,1.0,5.0,13.205776869063312
calibration-base-699,base,120,120,two_cluster,two_normal_mix,logistic,0.5,0.5,iid,0.15,equal,complete,none,0.0,5536643,CLUSTERED,1.302435851927635,4.957983193277311,4.384823903267031,0.044453795790058204,4.384823903267031,0.13231044118914462,2.0,0.02719113292543256,0.1432166063237969,1.0,0.0,0.0335791538222804,0.9243697478991596,-0.050563144671679564,4.787491742782046,4.787491742782046,1.0,5.0,2.7455700150057334
calibration-base-700,base,120,120,two_cluster,two_normal_mix,logistic,1.0,0.5,iid,0.15,equal,complete,none,0.0,5544562,CLUSTERED,1.3415941757079124,5.126050420168068,4.451017121793151,8.881784197001252e-16,4.451017121793151,0.13082162168033154,2.0,0.03551370092214455,0.2162190691661035,1.0,0.0,6.789232607668087e-16,0.6050420168067226,0.0005749339564657069,4.787491742782046,4.787491742782046,1.0,5.0,4.653265410817733
calibration-base-701,base,120,120,two_cluster,two_normal_mix,logistic,2.0,0.2,iid,0.15,equal,complete,none,0.0,5552219,CLUSTERED,1.3011145211218658,4.537815126050421,4.240905676821263,8.881784197001252e-16,4.240905676821263,0.1283173068238709,2.0,0.037169494952137595,0.38174398780101587,1.0,0.0,6.921735202245511e-16,0.33613445378151263,0.012932538386970976,4.787491742782046,4.787491742782046,1.0,5.0,8.53567866819797
calibration-base-702,base,120,120,two_cluster,two_normal_mix,logistic,2.0,0.2,iid,0.15,equal,complete,none,0.0,5560400,CLUSTERED,1.2554642900986324,4.453781512605042,4.460658265993811,8.881784197001252e-16,4.460658265993811,0.12495083341291784,2.0,0.040441098939425095,0.3717287294034305,1.0,0.0,7.108223254222028e-16,0.33613445378151263,-0.03458206419905696,4.787491742782046,4.787491742782046,1.0,5.0,8.568967118340215
calibration-base-703,base,120,240,two_cluster,two_normal_mix,step,0.5,0.5,iid,0.15,equal,complete,none,0.0,5568188,CLUSTERED,1.3143944916894348,6.02510460251046,4.861167278646582,0.01043698015836536,4.861167278646582,0.13175911942512603,2.0,0.03629332333206414,0.14854442208298724,1.0,0.0,0.007921009777687263,0.8870292887029289,0.1562692358165243,4.787491742782046,5.480638923341991,1.0,5.0,3.374522069995928
calibration-base-704,base,120,240,two_cluster,two_normal_mix,step,1.0,0.2,iid,0.15,equal,complete,none,0.0,5576238,CLUSTERED,1.2768217751554085,3.8912133891213387,4.857508256365267,8.881784197001252e-16,4.857508256365267,0.12782050135176445,2.0,0.05000683361790556,0.41848081949413296,1.0,0.0,6.948638209889674e-16,0.305439330543933,-0.14436354979765467,4.787491742782046,5.480638923341991,1.0,5.0,6.687881535473313
calibration-base-705,base,120,240,two_cluster,two_normal_mix,step,1.0,0.5,iid,0.15,equal,complete,none,0.0,5583895,CLUSTERED,1.3035007726620973,5.857740585774058,4.348064534348209,8.881784197001252e-16,4.348064534348209,0.1303380253867554,2.0,0.03948629678840342,0.2574445294829301,1.0,0.0,6.814422859826289e-16,0.506276150627615,0.0280881682454642,4.787491742782046,5.480638923341991,1.0,5.0,6.699305155407814
calibration-base-706,base,120,240,two_cluster,two_normal_mix,step,1.0,0.5,iid,0.15,equal,complete,none,0.0,5591945,CLUSTERED,1.3268947040807983,4.184100418410042,4.349312635113574,8.881784197001252e-16,4.349312635113574,0.13266186555160658,2.0,0.04126390227089232,0.1887272968263927,1.0,0.0,6.695054498194256e-16,0.702928870292887,-0.04363152794979613,4.787491742782046,5.480638923341991,1.0,5.0,6.64136936736954
calibration-base-707,base,120,240,two_cluster,two_normal_mix,logistic,0.5,0.2,iid,0.15,equal,complete,none,0.0,5599995,CLUSTERED,1.321542995263095,5.690376569037657,4.372913933935227,0.016736401673640166,4.372913933935227,0.13116314609582885,2.0,0.033237007628058465,0.1464978682739713,1.0,0.0,0.012758949331665952,0.895397489539749,0.051915630504122234,4.787491742782046,5.480638923341991,1.0,5.0,3.0852780241339643
calibration-base-708,base,120,240,two_cluster,two_normal_mix,logistic,0.5,0.5,iid,0.15,equal,complete,none,0.0,5607652,CLUSTERED,1.2592349156050713,4.686192468619247,4.6230616773545155,0.020873960316730417,4.6230616773545155,0.12568023916483145,2.0,0.036980310910598044,0.1335187548156331,1.0,0.0,0.01660649437963434,0.9414225941422594,-0.05191098509267243,4.787491742782046,5.480638923341991,1.0,5.0,2.742145527744807
calibration-base-709,base,120,240,two_cluster,two_normal_mix,logistic,0.5,0.5,iid,0.15,equal,complete,none,0.0,5615833,CLUSTERED,1.2989322869498487,4.895397489539748,4.5656710206077245,0.018502788230713527,4.5656710206077245,0.13070007291396338,2.0,0.032372077273952825,0.1323747772409451,1.0,0.0,0.014155259450781407,0.9874476987447698,-0.029401427988043634,4.787491742782046,5.480638923341991,1.0,5.0,2.7628902661239407
calibration-base-710,base,120,240,two_cluster,two_normal_mix,logistic,1.0,0.2,iid,0.15,equal,complete,none,0.0,5623490,CLUSTERED,1.3802367854648412,4.351464435146443,4.133496591320002,8.881784197001252e-16,4.133496591320002,0.138124947054666,2.0,0.04037265432876562,0.15719934450507228,1.0,0.0,6.43025346716411e-16,0.8786610878661086,0.0030774046583559003,4.787491742782046,5.480638923341991,1.0,5.0,5.623899846929282
calibration-base-711,base,120,240,two_cluster,two_normal_mix,logistic,1.0,0.2,iid,0.15,equal,complete,none,0.0,5631540,CLUSTERED,1.3101316239950997,4.05857740585774,4.717489539693906,8.881784197001252e-16,4.717489539693906,0.13048891946584365,2.0,0.045218001264357106,0.13860823001038505,1.0,0.0,6.806542833950065e-16,0.9414225941422594,-0.13736873887397696,4.787491742782046,5.480638923341991,1.0,5.0,5.603224336715847
calibration-base-712,base,120,240,two_cluster,two_normal_mix,logistic,2.0,0.2,iid,0.15,equal,complete,none,0.0,5639459,CLUSTERED,1.3602028676020563,4.435146443514644,4.152749050191379,8.881784197001252e-16,4.152749050191379,0.13559216726981413,2.0,0.04072622697260503,0.1928959998659856,1.0,0.0,6.550366717959038e-16,0.702928870292887,-0.02103561374398187,4.787491742782046,5.480638923341991,1.0,5.0,8.589073135227288
calibration-base-713,base,120,240,two_cluster,two_normal_mix,logistic,2.0,0.2,iid,0.15,equal,complete,none,0.0,5647509,CLUSTERED,1.3943437159995753,5.732217573221757,4.323156651861905,8.881784197001252e-16,4.323156651861905,0.13890560483275574,2.0,0.03385508985955655,0.21145502901292118,1.0,0.0,6.394115059428338e-16,0.6569037656903765,0.0659560825001279,4.787491742782046,5.480638923341991,1.0,5.0,8.525649632727818
calibration-base-714,base,120,240,two_cluster,two_normal_mix,logistic,2.0,0.5,iid,0.15,equal,complete,none,0.0,5655297,CLUSTERED,1.348210272411641,4.602510460251046,4.572020628976335,8.881784197001252e-16,4.572020628976335,0.12952543101317268,2.0,0.03895721875523156,0.24375258277282102,1.0,0.0,6.857174014034339e-16,0.5313807531380753,-0.09379604314057911,4.787491742782046,5.480638923341991,1.0,5.0,6.140592496267418
calibration-base-715,base,25,60,three_cluster,three_normal_mix,step,0.5,0.2,iid,0.15,equal,complete,none,0.0,5663085,CLUSTERED,1.7087921595575568,4.915254237288135,4.11707538962809,0.04227861453981855,4.11707538962809,0.16694371304721806,2.0,0.030328044936564866,0.20107830928266063,1.0,0.0,0.02531695407775341,0.8305084745762713,-0.16944121857183883,3.2188758248682006,4.0943445622221,1.0,5.0,3.3508886763198205
calibration-base-716,base,25,60,three_cluster,three_normal_mix,step,0.5,0.5,iid,0.15,equal,complete,none,0.0,5671266,CLUSTERED,1.5917825630106064,5.084745762711864,4.335872616574101,0.04227861453981865,4.335872616574101,0.1606666821627615,1.0,0.03856790634101731,0.23128330909521364,1.0,0.0,0.026305381804907164,0.6949152542372881,0.006522021049155415,3.2188758248682006,4.0943445622221,1.0,5.0,3.392052063004058
calibration-base-717,base,25,60,three_cluster,three_normal_mix,step,1.0,0.2,iid,0.15,equal,complete,none,0.0,5678923,CLUSTERED,1.209554791814024,5.084745762711864,6.260738709197195,8.881784197001252e-16,6.260738709197195,0.12256757131268134,1.0,0.047692524266731984,0.1681741094755395,1.0,0.0,7.2464389249771375e-16,0.728813559322034,-0.01585117059491873,3.2188758248682006,4.0943445622221,1.0,5.0,6.626830947335964
calibration-base-718,base,25,60,three_cluster,three_normal_mix,step,1.0,0.5,iid,0.15,equal,complete,none,0.0,5686842,CLUSTERED,1.5355167236869074,5.254237288135593,5.1115181079368766,8.881784197001252e-16,5.1115181079368766,0.1547694303099298,1.0,0.05713479222954147,0.5072997993492143,1.0,0.0,5.738719965057214e-16,0.30508474576271183,-0.07855163222422587,3.2188758248682006,4.0943445622221,1.0,5.0,6.839596650887017
calibration-base-719,base,25,60,three_cluster,three_normal_mix,step,1.0,0.5,iid,0.15,equal,complete,none,0.0,5694892,CLUSTERED,1.639297220039521,4.915254237288135,4.587929809703756,8.881784197001252e-16,4.587929809703756,0.1629461589990636,1.0,0.03899755491960769,0.21849598593056255,1.0,0.0,5.45074781238157e-16,0.7457627118644068,-0.13213310689101176,3.2188758248682006,4.0943445622221,1.0,5.0,6.623956881336478
calibration-base-720,base,25,60,three_cluster,three_normal_mix,step,1.0,0.5,iid,0.15,equal,complete,none,0.0,5702942,CLUSTERED,1.3363652901070728,3.559322033898305,4.530449683665881,8.881784197001252e-16,4.530449683665881,0.13368831420428304,2.0,0.04060071898613268,0.394380526902635,1.0,0.0,6.643650381759921e-16,0.3389830508474576,-0.3500373085483211,3.2188758248682006,4.0943445622221,1.0,5.0,6.948048129173342
calibration-base-721,base,25,60,three_cluster,three_normal_mix,step,2.0,0.2,iid,0.15,equal,complete,none,0.0,5710861,CLUSTERED,1.6953020026888357,4.915254237288135,5.040800535663302,8.881784197001252e-16,5.040800535663302,0.16946982911982225,1.0,0.04060071898613268,0.3447834454506729,1.0,0.0,5.240923557385227e-16,0.49152542372881347,-0.08365626338937156,3.2188758248682006,4.0943445622221,1.0,5.0,13.548835739082351
calibration-base-722,base,25,60,three_cluster,three_normal_mix,logistic,0.5,0.2,iid,0.15,equal,complete,none,0.0,5718780,CLUSTERED,1.487627898023261,5.423728813559322,4.471011453046745,0.042278614539818654,4.471011453046745,0.1480003433478336,2.0,0.038707663963912696,0.2031530792465507,1.0,0.0,0.02855491644928731,0.728813559322034,0.23466600306342206,3.2188758248682006,4.0943445622221,1.0,5.0,3.301037618052997
calibration-base-723,base,25,60,three_cluster,three_normal_mix,logistic,0.5,0.5,iid,0.15,equal,complete,none,0.0,5726437,CLUSTERED,1.658611767421997,4.745762711864407,4.170858878811535,0.08455722907963717,4.170858878811535,0.1591826934049811,1.0,0.0332946758721244,0.16794678457469672,1.0,0.0,0.05304482658782439,0.9491525423728813,-0.11528309317680599,3.2188758248682006,4.0943445622221,1.0,5.0,2.754672952796086
calibration-base-724,base,25,60,three_cluster,three_normal_mix,logistic,1.0,0.5,iid,0.15,equal,complete,none,0.0,5734618,CLUSTERED,1.737306526463663,4.576271186440678,3.9487873556637862,1.3322676295501878e-15,3.9487873556637862,0.16485314209990837,2.0,0.03940575254922708,0.22105307690669532,1.0,0.0,8.08154222952435e-16,0.7457627118644068,-0.09775734904294987,3.2188758248682006,4.0943445622221,1.0,5.0,4.686011071916422
calibration-base-725,base,25,60,three_cluster,three_normal_mix,logistic,2.0,0.5,iid,0.15,equal,complete,none,0.0,5742537,CLUSTERED,1.5745571453291534,4.576271186440678,4.531142119473681,8.881784197001252e-16,4.531142119473681,0.14635276708422307,2.0,0.04060071898613252,0.33210820222958304,1.0,0.0,6.068750440427248e-16,0.44067796610169496,-0.19316908052752876,3.2188758248682006,4.0943445622221,1.0,5.0,6.284073383227777
calibration-base-726,base,25,120,three_cluster,three_normal_mix,step,0.5,0.2,iid,0.15,equal,complete,none,0.0,5750194,CLUSTERED,1.8846539684547574,6.890756302521009,4.441085347367219,0.020961666032347157,4.441085347367219,0.18769945073460245,2.0,0.03441946429322083,0.20306934043521538,1.0,0.0,0.011166979410280909,0.9243697478991596,0.41539915904292707,3.2188758248682006,4.787491742782046,1.0,5.0,3.2752085142640475
calibration-base-727,base,25,120,three_cluster,three_normal_mix,step,0.5,0.2,iid,0.15,equal,complete,none,0.0,5758244,CLUSTERED,1.2171402330202294,5.126050420168068,6.268262218055517,0.028565935650379952,6.268262218055517,0.12207919222704244,1.0,0.05066958738826823,0.12211260910161162,1.0,0.0,0.02339310891851458,1.0,0.12903319562528198,3.2188758248682006,4.787491742782046,1.0,5.0,3.2590541945139746
calibration-base-728,base,25,120,three_cluster,three_normal_mix,step,1.0,0.2,iid,0.15,equal,complete,none,0.0,5766294,CLUSTERED,1.8368067570872793,6.722689075630253,3.7627368141511144,8.881784197001252e-16,3.7627368141511144,0.18491489233418382,2.0,0.03922917341709643,0.23409438497625396,1.0,0.0,4.803174089921229e-16,0.7899159663865547,0.18697218414770905,3.2188758248682006,4.787491742782046,1.0,5.0,6.64681500928958
calibration-base-729,base,25,120,three_cluster,three_normal_mix,step,1.0,0.5,iid,0.15,equal,complete,none,0.0,5773951,CLUSTERED,1.5739608986569742,4.873949579831933,4.905664496982893,8.881784197001252e-16,4.905664496982893,0.15784009252939693,1.0,0.049404216508885566,0.3478327964999673,1.0,0.0,5.627077414027152e-16,0.453781512605042,-0.14164951687765415,3.2188758248682006,4.787491742782046,1.0,5.0,6.68259025332409
calibration-base-730,base,25,120,three_cluster,three_normal_mix,logistic,0.5,0.2,iid,0.15,equal,complete,none,0.0,5781870,CLUSTERED,1.7582134299497303,6.5546218487394965,3.9734643930682854,0.03068473711513541,3.9734643930682854,0.1692938987963473,2.0,0.0340109706509403,0.19008757420425076,1.0,0.0,0.01812215224257915,0.8907563025210085,0.19057865475840075,3.2188758248682006,4.787491742782046,1.0,5.0,3.195429971097641
calibration-base-731,base,25,120,three_cluster,three_normal_mix,logistic,1.0,0.5,iid,0.15,equal,complete,none,0.0,5789789,CLUSTERED,1.4516602751607626,5.126050420168068,4.514351501971128,1.7763568394002505e-15,4.514351501971128,0.14455579329269103,2.0,0.05665997848648467,0.18903449892121132,1.0,0.0,1.2288382215187679e-15,0.7647058823529412,0.12587087981496564,3.2188758248682006,4.787491742782046,1.0,5.0,4.584156919135224
calibration-base-732,base,25,120,three_cluster,three_normal_mix,logistic,2.0,0.5,iid,0.15,equal,complete,none,0.0,5797708,CLUSTERED,1.7281619735283746,4.957983193277311,4.1786492100109305,8.881784197001252e-16,4.1786492100109305,0.16805041932764705,1.0,0.03308183650710897,0.1851666657406481,1.0,0.0,5.285190142658604e-16,0.9075630252100841,-0.021747817877007445,3.2188758248682006,4.787491742782046,1.0,5.0,6.239649456764508
calibration-base-733,base,25,240,three_cluster,three_normal_mix,step,0.5,0.2,iid,0.15,equal,complete,none,0.0,5805627,CLUSTERED,1.8219608956354187,5.06276150627615,3.6410232959092874,0.010436980158365361,3.6410232959092874,0.18195102149411338,2.0,0.039393494934549786,0.29785622982588006,1.0,0.0,0.0057360537857142615,0.610878661087866,0.0031594565296421163,3.2188758248682006,5.480638923341991,1.0,5.0,3.3517573109520304
calibration-base-734,base,25,240,three_cluster,three_normal_mix,step,1.0,0.5,iid,0.15,equal,complete,none,0.0,5813808,CLUSTERED,1.8146774882581849,3.430962343096234,4.059615632560995,8.881784197001252e-16,4.059615632560995,0.18187271432024082,2.0,0.04666098067553344,0.1865561318563844,1.0,0.0,4.883516601265563e-16,0.9748953974895397,-0.22069295956332213,3.2188758248682006,5.480638923341991,1.0,5.0,6.681279250681937
calibration-base-735,base,25,240,three_cluster,three_normal_mix,step,2.0,0.5,iid,0.15,equal,complete,none,0.0,5821596,CLUSTERED,1.6420083553339686,5.188284518828452,4.655896210953994,8.881784197001252e-16,4.655896210953994,0.16439202219660148,1.0,0.04851113566362979,0.3671933953737173,1.0,0.0,5.40280731286294e-16,0.4476987447698745,0.11921416402904719,3.2188758248682006,5.480638923341991,1.0,5.0,13.427112573716686
calibration-base-736,base,25,240,three_cluster,three_normal_mix,logistic,0.5,0.2,iid,0.15,equal,complete,none,0.0,5829646,CLUSTERED,1.6449989425787201,3.4728033472803346,4.37483872851915,0.018502788230713527,4.37483872851915,0.1642670600894072,2.0,0.06259400963947512,0.17685728744313411,1.0,0.0,0.011263131250357904,0.9288702928870294,-0.37221133921825933,3.2188758248682006,5.480638923341991,1.0,5.0,3.0592470047140083
calibration-base-737,base,25,240,three_cluster,three_normal_mix,logistic,1.0,0.2,iid,0.15,equal,complete,none,0.0,5837434,CLUSTERED,1.689552623411318,4.602510460251046,3.850827227544278,8.881784197001252e-16,3.850827227544278,0.16813662672483576,2.0,0.03508292839476452,0.20607514762684997,1.0,0.0,5.282480307837239e-16,0.8158995815899581,-0.20324214997889162,3.2188758248682006,5.480638923341991,1.0,5.0,5.665969098629445
calibration-base-738,base,60,60,three_cluster,three_normal_mix,step,0.5,0.2,iid,0.15,equal,complete,none,0.0,5845484,CLUSTERED,1.7096121090728604,5.084745762711864,3.996386505624704,0.042278614539818654,3.996386505624704,0.16987057426658628,3.0,0.03754244974255028,0.3580524132194125,1.0,0.0,0.024881016674752298,0.47457627118644063,-0.01185867965033121,4.0943445622221,4.0943445622221,1.0,5.0,3.422431761993675
calibration-base-739,base,60,60,three_cluster,three_normal_mix,step,1.0,0.5,iid,0.15,equal,complete,none,0.0,5853403,CLUSTERED,1.6731384783609866,4.915254237288135,3.9844828671792265,8.881784197001252e-16,3.9844828671792265,0.16712662758880403,3.0,0.04481563100888299,0.3944188411095776,1.0,0.0,5.31440400918869e-16,0.42372881355932196,-0.06245381438872316,4.0943445622221,4.0943445622221,1.0,5.0,6.815638404713731
calibration-base-740,base,60,60,three_cluster,three_normal_mix,step,2.0,0.2,iid,0.15,equal,complete,none,0.0,5861191,CLUSTERED,1.7618240475961489,5.084745762711864,3.878448778336093,8.881784197001252e-16,3.878448778336093,0.1751011435779354,3.0,0.038472130585661,0.3973449027345458,1.0,0.0,5.072373609626415e-16,0.4406779661016948,-0.20288695665203002,4.0943445622221,4.0943445622221,1.0,5.0,13.49658195011801
calibration-base-741,base,60,60,three_cluster,three_normal_mix,step,2.0,0.5,iid,0.15,equal,complete,none,0.0,5869110,CLUSTERED,1.5545659389704813,5.084745762711864,5.11227165986459,8.881784197001252e-16,5.11227165986459,0.15733499650984065,3.0,0.032725489013281116,0.3713105917632239,1.0,0.0,5.645142145120736e-16,0.42372881355932207,-0.019579679452604356,4.0943445622221,4.0943445622221,1.0,5.0,12.867389161688996
calibration-base-742,base,60,60,three_cluster,three_normal_mix,logistic,0.5,0.2,iid,0.15,equal,complete,none,0.0,5876898,CLUSTERED,1.5119811084330563,5.084745762711864,4.625682633106674,0.057616039701613386,4.625682633106674,0.15708729425150025,2.0,0.03589268501481686,0.3434956399822064,1.0,0.0,0.03665307553584347,0.4576271186440678,0.03325893061968897,4.0943445622221,4.0943445622221,1.0,5.0,3.087532910545109
calibration-base-743,base,60,60,three_cluster,three_normal_mix,logistic,0.5,0.2,iid,0.15,equal,complete,none,0.0,5884948,CLUSTERED,1.728470324008684,5.59322033898305,4.018349489400762,0.057616039701613234,4.018349489400762,0.17550718103808027,2.0,0.03713619321509061,0.1756017274295514,1.0,0.0,0.032810633781907336,1.0,0.12164471925345782,4.0943445622221,4.0943445622221,1.0,5.0,3.21884390520876
calibration-base-744,base,60,60,three_cluster,three_normal_mix,logistic,0.5,0.5,iid,0.15,equal,complete,none,0.0,5892998,CLUSTERED,1.6742673466628153,5.762711864406779,3.967366489662123,0.06188955452035775,3.967366489662123,0.16811493707025796,2.0,0.026293845928071043,0.35448215240246167,1.0,0.0,0.036788913590003254,0.47457627118644063,0.16403600025324752,4.0943445622221,4.0943445622221,1.0,5.0,2.921409671333178
calibration-base-745,base,60,60,three_cluster,three_normal_mix,logistic,1.0,0.2,iid,0.15,equal,complete,none,0.0,5900786,CLUSTERED,1.7966802210763606,5.254237288135593,3.8946382220097107,8.881784197001252e-16,3.8946382220097107,0.178931780521238,2.0,0.04286664834848921,0.3770348232411801,1.0,0.0,4.963782381826264e-16,0.47457627118644063,0.10397190307847566,4.0943445622221,4.0943445622221,1.0,5.0,5.766224284016692
calibration-base-746,base,60,60,three_cluster,three_normal_mix,logistic,1.0,0.5,iid,0.15,equal,complete,none,0.0,5908836,CLUSTERED,1.750074138166417,4.915254237288135,4.080783083956533,1.7763568394002505e-15,4.080783083956533,0.16477331150009128,2.0,0.027812970279744074,0.18003009960195157,1.0,0.0,1.0780610180303784e-15,0.9152542372881356,-0.015301235724504538,4.0943445622221,4.0943445622221,1.0,5.0,4.619421402841003
calibration-base-747,base,60,60,three_cluster,three_normal_mix,logistic,2.0,0.2,iid,0.15,equal,complete,none,0.0,5916493,CLUSTERED,1.480511097082215,5.423728813559322,4.856909295602437,8.881784197001252e-16,4.856909295602437,0.14806652860876876,3.0,0.03444598592376878,0.335997122612206,1.0,0.0,5.9985091029379725e-16,0.44067796610169496,0.18811284263705752,4.0943445622221,4.0943445622221,1.0,5.0,8.550375553470985
calibration-base-748,base,60,60,three_cluster,three_normal_mix,logistic,2.0,0.5,iid,0.15,equal,complete,none,0.0,5924412,CLUSTERED,1.6231654270382843,4.915254237288135,4.330412774719844,8.881784197001252e-16,4.330412774719844,0.1555722837934016,3.0,0.02715401671951192,0.30595882479368985,1.0,0.0,5.709104462846461e-16,0.5084745762711863,-0.051404254808454286,4.0943445622221,4.0943445622221,1.0,5.0,6.06711681335618
calibration-base-749,base,60,120,three_cluster,three_normal_mix,step,1.0,0.5,iid,0.15,equal,complete,none,0.0,5932462,CLUSTERED,1.5458534722324577,4.789915966386555,4.547246400414495,8.881784197001252e-16,4.547246400414495,0.15467277558193032,2.0,0.04111286722478418,0.3834595894635356,1.0,0.0,5.742306080423677e-16,0.40336134453781514,-0.21811756910115676,4.0943445622221,4.787491742782046,1.0,5.0,6.698391292454131
calibration-base-750,base,60,120,three_cluster,three_normal_mix,step,2.0,0.5,iid,0.15,equal,complete,none,0.0,5940250,CLUSTERED,1.6316100383530057,4.957983193277311,4.49941070630026,8.881784197001252e-16,4.49941070630026,0.16312835446447266,3.0,0.027833085593875744,0.2283796962502617,1.0,0.0,5.444659958815189e-16,0.7142857142857143,-0.07751503813101676,4.0943445622221,4.787491742782046,1.0,5.0,13.204034566193116
calibration-base-751,base,60,120,three_cluster,three_normal_mix,step,2.0,0.5,iid,0.15,equal,complete,none,0.0,5948300,CLUSTERED,1.651614348600915,5.294117647058824,4.466117357123912,8.881784197001252e-16,4.466117357123912,0.16539400643633878,3.0,0.042175457909456406,0.4100393076234232,1.0,0.0,5.370076212779759e-16,0.40336134453781514,0.20259169098412888,4.0943445622221,4.787491742782046,1.0,5.0,13.469803878499418
calibration-base-752,base,60,120,three_cluster,three_normal_mix,logistic,0.5,0.2,iid,0.15,equal,complete,none,0.0,5956350,CLUSTERED,1.5447674667696096,5.126050420168068,4.987292624262386,0.03361344537815132,4.987292624262386,0.15292168025046696,2.0,0.034672438739054526,0.18021857013586867,1.0,0.0,0.021975515822915376,0.8487394957983195,0.10307941515125983,4.0943445622221,4.787491742782046,1.0,5.0,3.1663683310360433
calibration-base-753,base,60,120,three_cluster,three_normal_mix,logistic,1.0,0.2,iid,0.15,equal,complete,none,0.0,5964138,CLUSTERED,1.6189376827161284,5.04201680672269,4.348777248209792,8.881784197001252e-16,4.348777248209792,0.1628785304693156,3.0,0.03590380400199554,0.1628785304693156,1.0,0.0,5.453011008516237e-16,1.0,0.05140833961541429,4.0943445622221,4.787491742782046,1.0,5.0,5.55050157927238
calibration-base-754,base,60,120,three_cluster,three_normal_mix,logistic,1.0,0.5,iid,0.15,equal,complete,none,0.0,5971926,CLUSTERED,1.692218433100518,4.789915966386555,4.34303491121884,8.881784197001252e-16,4.34303491121884,0.16074740448318905,3.0,0.03098799107998163,0.2034993737606329,1.0,0.0,5.52530488784975e-16,0.7899159663865547,-0.06469598589179666,4.0943445622221,4.787491742782046,1.0,5.0,4.635212771703754
calibration-base-755,base,60,240,three_cluster,three_normal_mix,step,0.5,0.5,iid,0.15,equal,complete,none,0.0,5979976,CLUSTERED,1.5529266523837224,5.104602510460251,5.0259128236842985,0.014223206453536509,5.0259128236842985,0.15454989356824572,3.0,0.03685683942320483,0.15652113871476395,1.0,0.0,0.009202597197847266,0.9874476987447698,0.001470897034793232,4.0943445622221,5.480638923341991,1.0,5.0,3.2900692702167262
calibration-base-756,base,60,240,three_cluster,three_normal_mix,step,1.0,0.2,iid,0.15,equal,complete,none,0.0,5987895,CLUSTERED,1.7952168249879417,5.188284518828452,3.8251606831353953,8.881784197001252e-16,3.8251606831353953,0.17948250544300942,2.0,0.035068568272952905,0.3377662897707027,1.0,0.0,4.948551489783755e-16,0.5313807531380753,0.08235739137793598,4.0943445622221,5.480638923341991,1.0,5.0,6.658435267252182
calibration-base-757,base,60,240,three_cluster,three_normal_mix,step,1.0,0.5,iid,0.15,equal,complete,none,0.0,5995814,CLUSTERED,1.6169770795201228,5.313807531380753,4.018021806579758,8.881784197001252e-16,4.018021806579758,0.16197475731567995,3.0,0.039498027117814,0.16473177446147874,1.0,0.0,5.48343726157968e-16,0.9832635983263598,0.25112171025822627,4.0943445622221,5.480638923341991,1.0,5.0,6.631969198058993
calibration-base-758,base,60,240,three_cluster,three_normal_mix,step,2.0,0.5,iid,0.15,equal,complete,none,0.0,6003733,CLUSTERED,1.7134649274288158,4.853556485355648,4.001847961680495,8.881784197001252e-16,4.001847961680495,0.17162547438864856,2.0,0.03976447404889951,0.42727592061340636,1.0,0.0,5.175096662450187e-16,0.401673640167364,-0.1285713622726596,4.0943445622221,5.480638923341991,1.0,5.0,13.496375295903867
calibration-base-759,base,60,240,three_cluster,three_normal_mix,logistic,1.0,0.2,iid,0.15,equal,complete,none,0.0,6011783,CLUSTERED,1.5778823808069282,4.97907949790795,4.857986404715943,8.881784197001252e-16,4.857986404715943,0.15874046636605604,1.0,0.030802250399216843,0.16787155513932475,1.0,0.0,5.595160704970986e-16,0.9456066945606695,-0.02734393785570848,4.0943445622221,5.480638923341991,1.0,5.0,5.632823204550592
calibration-base-760,base,60,240,three_cluster,three_normal_mix,logistic,1.0,0.5,iid,0.15,equal,complete,none,0.0,6019702,CLUSTERED,1.534587538933071,4.351464435146443,4.4971700351151735,1.5543122344752192e-15,4.4971700351151735,0.14726506289423777,3.0,0.03041371575711811,0.17253112760648445,1.0,0.0,1.0554521241684383e-15,0.8535564853556485,-0.25262691100378815,4.0943445622221,5.480638923341991,1.0,5.0,4.574946081881984
calibration-base-761,base,60,240,three_cluster,three_normal_mix,logistic,2.0,0.2,iid,0.15,equal,complete,none,0.0,6027490,CLUSTERED,1.5536365286189397,4.853556485355648,4.8597305110771805,8.881784197001252e-16,4.8597305110771805,0.15482131160026044,2.0,0.038564055773675956,0.17130691422436226,1.0,0.0,5.736796895206196e-16,0.903765690376569,-0.11410202624943427,4.0943445622221,5.480638923341991,1.0,5.0,8.416945575894971
calibration-base-762,base,60,240,three_cluster,three_normal_mix,logistic,2.0,0.5,iid,0.15,equal,complete,none,0.0,6035278,CLUSTERED,1.6508324261378036,4.853556485355648,4.20461956045034,8.881784197001252e-16,4.20461956045034,0.15707004980771466,3.0,0.028539902856922414,0.17961598997150147,1.0,0.0,5.654664404750837e-16,0.8744769874476986,-0.05553293067742352,4.0943445622221,5.480638923341991,1.0,5.0,6.141661545704815
calibration-base-763,base,60,240,three_cluster,three_normal_mix,logistic,2.0,0.5,iid,0.15,equal,complete,none,0.0,6043328,CLUSTERED,1.500141791113803,4.937238493723849,4.802276415691898,8.881784197001252e-16,4.802276415691898,0.14455116594085154,2.0,0.04916122365674641,0.17102835970229469,1.0,0.0,6.144387794585871e-16,0.8451882845188283,-0.05587802989029125,4.0943445622221,5.480638923341991,1.0,5.0,6.162610496825323
calibration-base-764,base,120,60,three_cluster,three_normal_mix,step,0.5,0.2,iid,0.15,equal,complete,none,0.0,6051247,CLUSTERED,1.67749454474214,5.084745762711864,4.02957609032875,0.04994732712071595,4.02957609032875,0.16861315943086347,3.0,0.02898992385538699,0.23696524180804424,1.0,0.0,0.02960944898437887,0.711864406779661,-0.06630493193451603,4.787491742782046,4.0943445622221,1.0,5.0,3.3922018783871084
calibration-base-765,base,120,60,three_cluster,three_normal_mix,step,0.5,0.5,iid,0.15,equal,complete,none,0.0,6059035,CLUSTERED,1.5923362866363762,4.745762711864407,4.34039894533411,0.05761603970161346,4.34039894533411,0.1586483910391665,3.0,0.0317412136150311,0.21782385368940563,1.0,0.0,0.03629288746995427,0.728813559322034,-0.23144164571428813,4.787491742782046,4.0943445622221,1.0,5.0,3.4117092641523756
calibration-base-766,base,120,60,three_cluster,three_normal_mix,step,1.0,0.2,iid,0.15,equal,complete,none,0.0,6066954,CLUSTERED,1.5791760081373671,5.084745762711864,4.958949091758255,8.881784197001252e-16,4.958949091758255,0.15738773512223264,3.0,0.03144858578431043,0.3571490912389126,1.0,0.0,5.643250530356357e-16,0.4406779661016949,-0.0656715029398928,4.787491742782046,4.0943445622221,1.0,5.0,6.646595907011779
calibration-base-767,base,120,60,three_cluster,three_normal_mix,step,1.0,0.2,iid,0.15,equal,complete,none,0.0,6075004,CLUSTERED,1.68365757346504,5.254237288135593,4.120579261433582,8.881784197001252e-16,4.120579261433582,0.16879305232464678,3.0,0.02884535850875907,0.3983516034861664,1.0,0.0,5.261937073048802e-16,0.42372881355932207,0.07421970134203947,4.787491742782046,4.0943445622221,1.0,5.0,6.688309882307014
calibration-base-768,base,120,60,three_cluster,three_normal_mix,step,1.0,0.2,iid,0.15,equal,complete,none,0.0,6083054,CLUSTERED,1.5664235679688154,5.084745762711864,4.77407187424236,8.881784197001252e-16,4.77407187424236,0.15626033752390897,3.0,0.030329283904287522,0.3292628540682368,1.0,0.0,5.683965834031476e-16,0.47457627118644063,0.08443126569116441,4.787491742782046,4.0943445622221,1.0,5.0,6.857664224495515
calibration-base-769,base,120,60,three_cluster,three_normal_mix,step,1.0,0.5,iid,0.15,equal,complete,none,0.0,6090842,CLUSTERED,1.7557105438173322,5.254237288135593,3.989217216179269,8.881784197001252e-16,3.989217216179269,0.17591840512821705,3.0,0.031326244815846886,0.39919945779095406,1.0,0.0,5.048808958066565e-16,0.4406779661016949,0.12372117998609754,4.787491742782046,4.0943445622221,1.0,5.0,6.856404898476877
calibration-base-770,base,120,60,three_cluster,three_normal_mix,step,1.0,0.5,iid,0.15,equal,complete,none,0.0,6098892,CLUSTERED,1.63792010532884,5.084745762711864,4.794772530936793,8.881784197001252e-16,4.794772530936793,0.1632553306268173,3.0,0.030946547674753532,0.4013360211242592,1.0,0.0,5.440425230159239e-16,0.4067796610169491,-0.05150189077047962,4.787491742782046,4.0943445622221,1.0,5.0,6.629863135872332
calibration-base-771,base,120,60,three_cluster,three_normal_mix,logistic,0.5,0.2,iid,0.15,equal,complete,none,0.0,6106811,CLUSTERED,1.6479017959374023,5.254237288135593,4.2515391708887975,0.05761603970161353,4.2515391708887975,0.16289518079019535,3.0,0.031637085757897636,0.32056085110203214,1.0,0.0,0.03534790488512909,0.5084745762711865,0.007231971159265048,4.787491742782046,4.0943445622221,1.0,5.0,3.1266273723763387
calibration-base-772,base,120,60,three_cluster,three_normal_mix,logistic,0.5,0.5,iid,0.15,equal,complete,none,0.0,6114599,CLUSTERED,1.7229174576028696,5.423728813559322,4.208851704900664,0.0749519726633989,4.208851704900664,0.15975662718378583,2.0,0.03082585604258345,0.3145336298728448,0.9916666666666667,0.0,0.046864796714300126,0.5084745762711863,0.03682373572206758,4.787491742782046,4.0943445622221,1.0,5.0,2.8224522371124667
calibration-base-773,base,120,60,three_cluster,three_normal_mix,logistic,0.5,0.5,iid,0.15,equal,complete,none,0.0,6122649,CLUSTERED,1.6538413602383655,5.084745762711864,4.296867745733726,0.07495197266339887,4.296867745733726,0.16234553227718423,2.0,0.026360444666966958,0.20844758996705856,1.0,0.0,0.046119051752793926,0.7796610169491525,-0.054837073578799266,4.787491742782046,4.0943445622221,1.0,5.0,2.830621133904787
calibration-base-774,base,120,60,three_cluster,three_normal_mix,logistic,2.0,0.2,iid,0.15,equal,complete,none,0.0,6130306,CLUSTERED,1.5495789998528324,5.254237288135593,4.9974992331703785,8.881784197001252e-16,4.9974992331703785,0.15519867590248068,3.0,0.03764685697380009,0.36626887512985445,1.0,0.0,5.722847920804514e-16,0.42372881355932196,0.08271446410312656,4.787491742782046,4.0943445622221,1.0,5.0,8.652551991433121
calibration-base-775,base,120,60,three_cluster,three_normal_mix,logistic,2.0,0.2,iid,0.15,equal,complete,none,0.0,6138356,CLUSTERED,1.7439916094284669,5.254237288135593,3.8096067686711517,8.881784197001252e-16,3.8096067686711517,0.17312005787423873,3.0,0.03673081342522973,0.36478869337786024,1.0,0.0,5.130418916249053e-16,0.47457627118644063,0.03834714128704469,4.787491742782046,4.0943445622221,1.0,5.0,8.592288297296054
calibration-base-776,base,120,60,three_cluster,three_normal_mix,logistic,2.0,0.2,iid,0.15,equal,complete,none,0.0,6146406,CLUSTERED,1.5603416548933855,4.915254237288135,4.71985352614244,8.881784197001252e-16,4.71985352614244,0.1552634476169989,3.0,0.040669447276859165,0.3664217363761174,1.0,0.0,5.720460503305762e-16,0.42372881355932196,-0.04473396235444386,4.787491742782046,4.0943445622221,1.0,5.0,8.501981478650382
calibration-base-777,base,120,60,three_cluster,three_normal_mix,logistic,2.0,0.5,iid,0.15,equal,complete,none,0.0,6154063,CLUSTERED,1.770570764318647,5.084745762711864,4.05224150180751,8.881784197001252e-16,4.05224150180751,0.17314125989843476,3.0,0.027937816610639942,0.3095555858790197,1.0,0.0,5.129790670468343e-16,0.5593220338983051,-0.038862701291422115,4.787491742782046,4.0943445622221,1.0,5.0,6.189526292171132
calibration-base-778,base,120,60,three_cluster,three_normal_mix,logistic,2.0,0.5,iid,0.15,equal,complete,none,0.0,6162113,CLUSTERED,1.6899186417329746,5.084745762711864,4.212492915237217,8.881784197001252e-16,4.212492915237217,0.16345018215940538,3.0,0.028891255524515897,0.28363413962955636,1.0,0.0,5.433939613685631e-16,0.576271186440678,-0.03539050565512545,4.787491742782046,4.0943445622221,1.0,5.0,6.201932252234602
calibration-base-779,base,120,120,three_cluster,three_normal_mix,step,0.5,0.2,iid,0.15,equal,complete,none,0.0,6169901,CLUSTERED,1.5268514479055053,5.04201680672269,5.083432825369234,0.028565935650379643,5.083432825369234,0.15364878158056855,3.0,0.02743143753995304,0.23148562934321953,1.0,0.0,0.01858849754895517,0.6638655462184875,0.0713186597562852,4.787491742782046,4.787491742782046,1.0,5.0,3.294283483547936
calibration-base-780,base,120,120,three_cluster,three_normal_mix,step,1.0,0.5,iid,0.15,equal,complete,none,0.0,6177820,CLUSTERED,1.61078517208096,4.957983193277311,4.40875904319352,8.881784197001252e-16,4.40875904319352,0.16101069314407185,3.0,0.03562655310611349,0.22279386609470403,1.0,0.0,5.516269772873943e-16,0.7226890756302522,0.11977341539506332,4.787491742782046,4.787491742782046,1.0,5.0,6.746812935247305
calibration-base-781,base,120,120,three_cluster,three_normal_mix,step,1.0,0.5,iid,0.15,equal,complete,none,0.0,6185870,CLUSTERED,1.7220539107364767,4.957983193277311,3.974582219582513,8.881784197001252e-16,3.974582219582513,0.17175904085172505,3.0,0.029483505981523862,0.371624106570096,1.0,0.0,5.171072307436007e-16,0.46218487394957986,0.02282025393336823,4.787491742782046,4.787491742782046,1.0,5.0,6.683418165750158
calibration-base-782,base,120,120,three_cluster,three_normal_mix,step,1.0,0.5,iid,0.15,equal,complete,none,0.0,6193920,CLUSTERED,1.6885334897009194,5.126050420168068,4.172009877141833,8.881784197001252e-16,4.172009877141833,0.16933449338115264,3.0,0.030754804283330814,0.35352288969047646,1.0,0.0,5.2451122152705e-16,0.47899159663865554,0.033402095017837724,4.787491742782046,4.787491742782046,1.0,5.0,6.6576133644905715
calibration-base-783,base,120,120,three_cluster,three_normal_mix,step,2.0,0.5,iid,0.15,equal,complete,none,0.0,6201577,CLUSTERED,1.6666940158526273,5.126050420168068,4.418909044223363,8.881784197001252e-16,4.418909044223363,0.1668841265468492,3.0,0.029848303304077423,0.35462876891205447,1.0,0.0,5.322126424353415e-16,0.47058823529411775,-0.009399395409798157,4.787491742782046,4.787491742782046,1.0,5.0,13.36919609815392
calibration-base-784,base,120,120,three_cluster,three_normal_mix,step,2.0,0.5,iid,0.15,equal,complete,none,0.0,6209627,CLUSTERED,1.7497868707808693,4.957983193277311,3.9270265201232513,8.881784197001252e-16,3.9270265201232513,0.17494196997157424,3.0,0.03555288198516947,0.37175168618959514,1.0,0.0,5.076988785735307e-16,0.47058823529411775,-0.09758916996857882,4.787491742782046,4.787491742782046,1.0,5.0,13.030797608990541
calibration-base-785,base,120,120,three_cluster,three_normal_mix,step,2.0,0.5,iid,0.15,equal,complete,none,0.0,6217677,CLUSTERED,1.711058556598366,5.04201680672269,4.381845472794192,8.881784197001252e-16,4.381845472794192,0.17121348941282666,3.0,0.032265069599856436,0.2315273322741633,1.0,0.0,5.187549314870668e-16,0.7394957983193278,0.006881985172880372,4.787491742782046,4.787491742782046,1.0,5.0,13.54645271051171
calibration-base-786,base,120,120,three_cluster,three_normal_mix,logistic,0.5,0.5,iid,0.15,equal,complete,none,0.0,6225334,CLUSTERED,1.6465626688372426,5.04201680672269,4.336161769364511,0.04339477138607746,4.336161769364511,0.15404125151770925,3.0,0.0248901517796837,0.16520883943449866,0.9916666666666667,0.0,0.028159705398457757,0.9327731092436975,0.022554190576318942,4.787491742782046,4.787491742782046,1.0,5.0,2.734938190743663
calibration-base-787,base,120,120,three_cluster,three_normal_mix,logistic,0.5,0.5,iid,0.15,equal,complete,none,0.0,6233384,CLUSTERED,1.640297254528979,5.04201680672269,4.265837173874643,0.04192333206469409,4.265837173874643,0.1602790344518235,3.0,0.021513484282640535,0.1718894464259031,1.0,0.0,0.026147523544522343,0.9327731092436975,-0.015187493537530539,4.787491742782046,4.787491742782046,1.0,5.0,2.7730942640236576
calibration-base-788,base,120,120,three_cluster,three_normal_mix,logistic,0.5,0.5,iid,0.15,equal,complete,none,0.0,6241434,CLUSTERED,1.6609885759226157,4.957983193277311,4.333807637605769,0.04192333206469398,4.333807637605769,0.16261915557710332,3.0,0.02311724744572195,0.16267318592295474,1.0,0.0,0.02577150734882005,1.0,-0.09786570410131591,4.787491742782046,4.787491742782046,1.0,5.0,2.781204218371153
calibration-base-789,base,120,120,three_cluster,three_normal_mix,logistic,1.0,0.2,iid,0.15,equal,complete,none,0.0,6249222,CLUSTERED,1.6284968183886246,4.789915966386555,4.4098199212329,8.881784197001252e-16,4.4098199212329,0.16114472483781425,3.0,0.03126075622606679,0.30438448024920467,1.0,0.0,5.511681630249091e-16,0.5294117647058825,-0.05251108144469504,4.787491742782046,4.787491742782046,1.0,5.0,5.651853202541137
calibration-base-790,base,120,120,three_cluster,three_normal_mix,logistic,2.0,0.2,iid,0.15,equal,complete,none,0.0,6257010,CLUSTERED,1.5875483417338951,4.957983193277311,4.485692055141594,8.881784197001252e-16,4.485692055141594,0.15800887743918324,3.0,0.031665714273477724,0.3482047484307927,1.0,0.0,5.621066576097792e-16,0.453781512605042,-0.08245448698432865,4.787491742782046,4.787491742782046,1.0,5.0,8.514032549472995
calibration-base-791,base,120,120,three_cluster,three_normal_mix,logistic,2.0,0.2,iid,0.15,equal,complete,none,0.0,6265060,CLUSTERED,1.6493363459958863,5.126050420168068,4.299009126519536,8.881784197001252e-16,4.299009126519536,0.16487656163013314,3.0,0.02763021053767585,0.32700518056643074,1.0,0.0,5.386929536367771e-16,0.5042016806722689,0.054850727787754835,4.787491742782046,4.787491742782046,1.0,5.0,8.539980634488419
calibration-base-792,base,120,120,three_cluster,three_normal_mix,logistic,2.0,0.5,iid,0.15,equal,complete,none,0.0,6273110,CLUSTERED,1.6710985248370414,4.957983193277311,4.197086818640936,8.881784197001252e-16,4.197086818640936,0.16099840322622888,3.0,0.03653002452439646,0.29475092282955745,1.0,0.0,5.516690860915499e-16,0.546218487394958,-0.01283265431004829,4.787491742782046,4.787491742782046,1.0,5.0,6.1724080273921675
calibration-base-793,base,120,240,three_cluster,three_normal_mix,step,0.5,0.2,iid,0.15,equal,complete,none,0.0,6280898,CLUSTERED,1.6894395141427716,5.02092050209205,4.229781228557068,0.014223206453536436,4.229781228557068,0.16886189026621426,3.0,0.03081008283246903,0.2319507090797097,1.0,0.0,0.008422683125078387,0.7280334728033473,-0.07709268339008303,4.787491742782046,5.480638923341991,1.0,5.0,3.3400190239248913
calibration-base-794,base,120,240,three_cluster,three_normal_mix,step,0.5,0.5,iid,0.15,equal,complete,none,0.0,6288686,CLUSTERED,1.756989618988888,4.895397489539748,3.7592503373124577,0.010436980158365358,3.7592503373124577,0.17534065650438452,3.0,0.03090091214858173,0.1854299083756376,1.0,0.0,0.005952296218446581,0.9456066945606694,-0.06327613643475291,4.787491742782046,5.480638923341991,1.0,5.0,3.370368813901328
calibration-base-795,base,120,240,three_cluster,three_normal_mix,step,2.0,0.2,iid,0.15,equal,complete,none,0.0,6296605,CLUSTERED,1.6755037655528282,5.06276150627615,4.477196439054737,8.881784197001252e-16,4.477196439054737,0.16757766175512515,3.0,0.038170659466331705,0.23150902404320756,1.0,0.0,5.300100326008765e-16,0.7238493723849373,0.0809627914740599,4.787491742782046,5.480638923341991,1.0,5.0,13.376679011873831
calibration-base-796,base,120,240,three_cluster,three_normal_mix,step,2.0,0.2,iid,0.15,equal,complete,none,0.0,6304655,CLUSTERED,1.6877482140749176,5.104602510460251,4.223218341268664,8.881784197001252e-16,4.223218341268664,0.1688923383478928,3.0,0.03278182102304884,0.39189581422472214,1.0,0.0,5.258843760399666e-16,0.43096234309623427,0.11242188747871973,4.787491742782046,5.480638923341991,1.0,5.0,13.377164537821786
calibration-base-797,base,120,240,three_cluster,three_normal_mix,step,2.0,0.5,iid,0.15,equal,complete,none,0.0,6312443,CLUSTERED,1.660015907128798,4.7698744769874475,4.3187326062996085,8.881784197001252e-16,4.3187326062996085,0.1659528489421813,3.0,0.029140938511508084,0.34791869208053805,1.0,0.0,5.351992601281406e-16,0.4769874476987447,-0.18514011575865583,4.787491742782046,5.480638923341991,1.0,5.0,13.345653253900002
calibration-base-798,base,120,240,three_cluster,three_normal_mix,logistic,0.5,0.2,iid,0.15,equal,complete,none,0.0,6320493,CLUSTERED,1.7750245480026634,4.811715481171548,3.840962151962553,0.015278174546866558,3.840962151962553,0.1771915755212717,3.0,0.028885973917170148,0.1849360731389706,1.0,0.0,0.008622084091225786,0.9581589958158997,-0.10611036706593567,4.787491742782046,5.480638923341991,1.0,5.0,3.11731317463056
calibration-base-799,base,120,240,three_cluster,three_normal_mix,logistic,0.5,0.5,iid,0.15,equal,complete,none,0.0,6328281,CLUSTERED,1.7263786720183887,5.606694560669456,4.229786338510363,0.023995328499421296,4.229786338510363,0.16606174834344167,2.0,0.027057219573304647,0.18376343050266616,1.0,0.0,0.014448133969881065,0.903765690376569,0.12216831053171476,4.787491742782046,5.480638923341991,1.0,5.0,2.7219422967871703
calibration-base-800,base,120,240,three_cluster,three_normal_mix,logistic,1.0,0.5,iid,0.15,equal,complete,none,0.0,6336462,CLUSTERED,1.690255551644941,5.188284518828452,4.170967672802315,1.5543122344752192e-15,4.170967672802315,0.1637747980782322,3.0,0.03096650781066152,0.16446292748192223,1.0,0.0,9.49054587588472e-16,0.99581589958159,0.056708488461993854,4.787491742782046,5.480638923341991,1.0,5.0,4.507311729950562
calibration-base-801,base,120,240,three_cluster,three_normal_mix,logistic,2.0,0.5,iid,0.15,equal,complete,none,0.0,6344381,CLUSTERED,1.6497240732398093,5.146443514644352,4.300323979835154,8.881784197001252e-16,4.300323979835154,0.15902295824015275,3.0,0.029934914888303136,0.15902295824015275,1.0,0.0,5.585221338662428e-16,1.0,0.005528734176932689,4.787491742782046,5.480638923341991,1.0,5.0,6.139384059982638
calibration-base-802,base,25,60,no_transition,degenerate,step,0.5,0.2,iid,0.15,equal,complete,none,0.0,6352169,NO_TRANSITION,0.0,0.5084745762711864,1.4560822552031052,2.6496151185448062,1.4560822552031052,0.2640546208597913,2.0,0.018266039490870776,0.44140430446473905,0.0,0.0,0.7083179317143772,0.8474576271186439,0.26793038117058804,3.2188758248682006,4.0943445622221,1.0,5.0,0.7434009293130743
calibration-base-803,base,25,60,no_transition,degenerate,step,0.5,0.5,iid,0.15,equal,complete,none,0.0,6359957,NO_TRANSITION,0.0,2.711864406779661,0.6507680523866315,2.6306094297904665,0.6507680523866315,0.2650478490464424,2.0,0.018425424680825607,0.4406497021444586,0.0,0.0,0.7044414445411618,0.8474576271186439,0.08389798955773349,3.2188758248682006,4.0943445622221,1.0,5.0,0.7428592205885493
calibration-base-804,base,25,60,no_transition,degenerate,step,1.0,0.5,iid,0.15,equal,complete,none,0.0,6368138,NO_TRANSITION,0.0,5.59322033898305,-0.23407312591306295,2.785855025261607,-0.23407312591306295,0.1949385395081713,2.0,0.01729321277274503,0.4268286624715922,0.0,0.0,0.8193304402568578,0.7966101694915254,-0.3824255385809241,3.2188758248682006,4.0943445622221,1.0,5.0,0.6307314674952077
calibration-base-805,base,25,60,no_transition,degenerate,step,2.0,0.2,iid,0.15,equal,complete,none,0.0,6376057,NO_TRANSITION,0.0,9.661016949152541,-1.5798377274936397,2.447156081605706,-1.5798377274936397,0.23403200414724493,2.0,0.016717297899994092,0.46460436945748074,0.0,0.0,0.7227064588975015,0.728813559322034,-0.2545195585138068,3.2188758248682006,4.0943445622221,1.0,5.0,0.7662154019935689
calibration-base-806,base,25,60,no_transition,degenerate,step,2.0,0.5,iid,0.15,equal,complete,none,0.0,6383714,NO_TRANSITION,0.0,4.406779661016949,-0.6087064978707322,2.701581256898427,-0.6087064978707322,0.18887302244883086,2.0,0.01592644319490447,0.45228821511230594,0.0,0.0,0.8195705018377671,0.7288135593220337,0.22380042598934122,3.2188758248682006,4.0943445622221,1.0,5.0,0.6649292565870867
calibration-base-807,base,25,60,no_transition,degenerate,step,2.0,0.5,iid,0.15,equal,complete,none,0.0,6391895,NO_TRANSITION,0.0,2.542372881355932,-0.4665256531619834,2.7360970046039252,-0.4665256531619834,0.17692678315360452,2.0,0.016517738883264292,0.46887768338343305,0.04,0.0,0.8397308004267983,0.6949152542372882,0.05027482473181162,3.2188758248682006,4.0943445622221,1.0,5.0,0.5966422777740575
calibration-base-808,base,25,60,no_transition,degenerate,logistic,0.5,0.2,iid,0.15,equal,complete,none,0.0,6399683,NO_TRANSITION,0.0,0.3389830508474576,-1.6091547408644382,2.352617267079889,-1.6091547408644382,0.17565385162672964,1.0,0.016621754951788283,0.0,0.0,0.0,0.8012936724022947,1.0,-0.44185400452912094,3.2188758248682006,4.0943445622221,1.0,5.0,0.7127576374633733
calibration-base-809,base,25,60,no_transition,degenerate,logistic,0.5,0.2,iid,0.15,equal,complete,none,0.0,6407733,NO_TRANSITION,0.0,8.813559322033898,0.942367777358813,2.6394764327417306,0.942367777358813,0.22155261879968013,2.0,0.016655858956333213,0.3986628939809841,0.0,0.0,0.7659383398116878,0.864406779661017,-0.30206045946858207,3.2188758248682006,4.0943445622221,1.0,5.0,0.7664585608319555
calibration-base-810,base,25,60,no_transition,degenerate,logistic,1.0,0.5,iid,0.15,equal,complete,none,0.0,6415390,NO_TRANSITION,0.0,2.0338983050847457,0.5338491622974733,2.6411689164527212,0.5338491622974733,0.22616377399322415,2.0,0.017159053098285377,0.39452615575391764,0.0,0.0,0.7595721708865295,0.8813559322033898,-0.021415374337399276,3.2188758248682006,4.0943445622221,1.0,5.0,0.7510118794116785
calibration-base-811,base,25,60,no_transition,degenerate,logistic,2.0,0.2,iid,0.15,equal,complete,none,0.0,6423440,NO_TRANSITION,0.0,2.2033898305084745,0.7597984210277444,2.7123351757106926,0.7597984210277444,0.2134769218966087,2.0,0.017293797046644546,0.6171161343153518,0.0,0.0,0.7858045279679212,0.559322033898305,-0.44064464742067916,3.2188758248682006,4.0943445622221,1.0,5.0,0.7388887543300859
calibration-base-812,base,25,60,no_transition,degenerate,logistic,2.0,0.5,iid,0.15,equal,complete,none,0.0,6431228,NO_TRANSITION,0.0,4.915254237288135,-0.5055750540533815,2.521318976085624,-0.5055750540533815,0.1964469742860675,1.0,0.013034143960221617,0.35581203913185855,0.04,0.0,0.7888297764879277,0.8983050847457626,0.11901817124943084,3.2188758248682006,4.0943445622221,1.0,5.0,0.7170586468435246
calibration-base-813,base,25,60,no_transition,degenerate,logistic,2.0,0.5,iid,0.15,equal,complete,none,0.0,6439409,NO_TRANSITION,0.0,2.542372881355932,0.6441957465765189,2.3933473075477925,0.6441957465765189,0.23359034285424,2.0,0.016257549791795695,0.0,0.04,0.0,0.715642868744777,1.0,0.11614521408768379,3.2188758248682006,4.0943445622221,1.0,5.0,0.7973375076736823
calibration-base-814,base,25,120,no_transition,degenerate,step,0.5,0.2,iid,0.15,equal,complete,none,0.0,6447066,NO_TRANSITION,0.0,1.9327731092436977,0.4888898211705185,2.7235534817615465,0.4888898211705185,0.22334188970881175,2.0,0.017713626485976807,0.381038164288865,0.0,0.0,0.7732531677562346,0.9243697478991597,-0.3834605336706245,3.2188758248682006,4.787491742782046,1.0,5.0,0.5960802653650088
calibration-base-815,base,25,120,no_transition,degenerate,step,0.5,0.2,iid,0.15,equal,complete,none,0.0,6455247,NO_TRANSITION,0.0,5.378151260504202,0.2545392939724236,2.6342210891149116,0.2545392939724236,0.16568341180153826,2.0,0.015866609330703847,0.32201896174018524,0.0,0.0,0.8464862304210293,0.9663865546218486,-0.18142475783312625,3.2188758248682006,4.787491742782046,1.0,5.0,0.5430681023436633
calibration-base-816,base,25,120,no_transition,degenerate,step,0.5,0.5,iid,0.15,equal,complete,none,0.0,6462904,NO_TRANSITION,0.0,0.9243697478991597,-0.6349964059931424,2.618267083619494,-0.6349964059931424,0.20240628881947814,2.0,0.01813013397379376,0.44249330869673453,0.0,0.0,0.7911597651564746,0.7478991596638657,0.15066391997198197,3.2188758248682006,4.787491742782046,1.0,5.0,0.64597904517776
calibration-base-817,base,25,120,no_transition,degenerate,step,0.5,0.5,iid,0.15,equal,complete,none,0.0,6470954,NO_TRANSITION,0.0,8.739495798319329,0.5123833656842175,2.7935696548481057,0.5123833656842175,0.25217443059129585,2.0,0.01844694495986248,0.4390640494543595,0.0,0.0,0.7422982139788191,0.8571428571428573,-0.08788368942507407,3.2188758248682006,4.787491742782046,1.0,5.0,0.6449151455782894
calibration-base-818,base,25,120,no_transition,degenerate,step,1.0,0.2,iid,0.15,equal,complete,none,0.0,6478742,NO_TRANSITION,0.0,4.621848739495799,-0.3527441798569017,2.421140483136794,-0.3527441798569017,0.2561400412574203,2.0,0.016937082500235973,0.3584833434710809,0.04,0.0,0.6869294054498253,0.9831932773109244,0.15174067765553131,3.2188758248682006,4.787491742782046,1.0,5.0,0.6226507637409507
calibration-base-819,base,25,120,no_transition,degenerate,step,1.0,0.2,iid,0.15,equal,complete,none,0.0,6486923,NO_TRANSITION,0.0,6.302521008403362,-0.250181173879489,2.828460413479101,-0.250181173879489,0.21926360718391807,2.0,0.017394250268546338,0.5193630840630165,0.0,0.0,0.7903366772626279,0.6890756302521008,-0.005127458387943742,3.2188758248682006,4.787491742782046,1.0,5.0,0.5725757792313853
calibration-base-820,base,25,120,no_transition,degenerate,step,1.0,0.5,iid,0.15,equal,complete,none,0.0,6494580,NO_TRANSITION,0.0,9.831932773109244,-1.3306875844588435,2.650185635642392,-1.3306875844588435,0.22643933375085723,2.0,0.017906334873339914,0.3950599254179064,0.0,0.0,0.7602754739594179,0.8823529411764707,0.039506391405206336,3.2188758248682006,4.787491742782046,1.0,5.0,0.6823342559355227
calibration-base-821,base,25,120,no_transition,degenerate,step,2.0,0.2,iid,0.15,equal,complete,none,0.0,6502499,NO_TRANSITION,0.0,7.731092436974791,-0.6278024064787006,2.324450694752312,-0.6278024064787006,0.2247984308622304,2.0,0.015433039061807381,0.40936656784828895,0.0,0.0,0.718831457641517,0.7899159663865547,0.2291469253013623,3.2188758248682006,4.787491742782046,1.0,5.0,0.5491446797270099
calibration-base-822,base,25,120,no_transition,degenerate,step,2.0,0.2,iid,0.15,equal,complete,none,0.0,6510549,NO_TRANSITION,0.0,0.8403361344537816,-0.6238581982584999,2.7765646355614657,-0.6238581982584999,0.14412047537329195,2.0,0.014179925980407623,1.2008709985035142,0.0,0.0,0.8875579100329946,0.26050420168067223,0.12232518426026615,3.2188758248682006,4.787491742782046,1.0,5.0,0.5317640691142914
calibration-base-823,base,25,120,no_transition,degenerate,step,2.0,0.5,iid,0.15,equal,complete,none,0.0,6518337,NO_TRANSITION,0.0,0.7563025210084034,-0.8038636001079126,2.663298487244777,-0.8038636001079126,0.2640068371086144,2.0,0.018227688594348698,0.39145599528554736,0.0,0.0,0.710197278336914,0.9579831932773109,0.09729628153485405,3.2188758248682006,4.787491742782046,1.0,5.0,0.6158068651531989
calibration-base-824,base,25,120,no_transition,degenerate,step,2.0,0.5,iid,0.15,equal,complete,none,0.0,6526518,NO_TRANSITION,0.0,9.747899159663866,0.9798095684987419,2.872076095277818,0.9798095684987419,0.18237324063996177,2.0,0.01719801370979739,0.3714305359599757,0.0,0.0,0.8441872736510699,0.9159663865546219,0.19478033746877782,3.2188758248682006,4.787491742782046,1.0,5.0,0.47273913891488417
calibration-base-825,base,25,120,no_transition,degenerate,logistic,0.5,0.2,iid,0.15,equal,complete,none,0.0,6534306,NO_TRANSITION,0.0,2.0168067226890756,0.4328115055158667,2.910556901654317,0.4328115055158667,0.1436986911672627,1.0,0.01741780869572966,0.3479905794548687,0.0,0.0,0.8966698964461169,0.9327731092436975,-0.017033407054119983,3.2188758248682006,4.787491742782046,1.0,5.0,0.5641875797149494
calibration-base-826,base,25,120,no_transition,degenerate,logistic,0.5,0.5,iid,0.15,equal,complete,none,0.0,6542225,NO_TRANSITION,0.0,5.546218487394959,-0.26289737147121894,2.7370487372354693,-0.26289737147121894,0.1711849021610814,2.0,0.016129361863674314,0.3624213495409198,0.0,0.0,0.8478320964414973,0.8907563025210085,0.07825847233304226,3.2188758248682006,4.787491742782046,1.0,5.0,0.5327426500184199
calibration-base-827,base,25,120,no_transition,degenerate,logistic,1.0,0.5,iid,0.15,equal,complete,none,0.0,6550013,NO_TRANSITION,0.0,3.9495798319327733,0.2569249436065891,2.9253354920382626,0.2569249436065891,0.11528774757618707,2.0,0.015683953786350048,0.35299380728489854,0.0,0.0,0.9303571293906592,0.8907563025210085,0.18799287320505306,3.2188758248682006,4.787491742782046,1.0,5.0,0.47199660542299354
calibration-base-828,base,25,120,no_transition,degenerate,logistic,2.0,0.2,iid,0.15,equal,complete,none,0.0,6558194,NO_TRANSITION,0.0,7.394957983193278,0.5730936786210622,2.782831047664967,0.5730936786210622,0.15028647904206877,2.0,0.015213949390789783,0.40038596137036536,0.0,0.0,0.8798874156186001,0.7899159663865547,-0.07365179944985623,3.2188758248682006,4.787491742782046,1.0,5.0,0.4683465826432017
calibration-base-829,base,25,120,no_transition,degenerate,logistic,2.0,0.5,iid,0.15,equal,complete,none,0.0,6565982,NO_TRANSITION,0.0,0.16806722689075632,1.3525091069898048,2.2201843946668167,1.3525091069898048,0.17610344628384372,1.0,0.015534826310375133,0.4268645724853142,0.04,0.0,0.7834635637469138,0.6638655462184875,0.2746384193494593,3.2188758248682006,4.787491742782046,1.0,5.0,0.4568848056658292
calibration-base-830,base,25,240,no_transition,degenerate,step,0.5,0.5,iid,0.15,equal,complete,none,0.0,6573770,NO_TRANSITION,0.0,9.916317991631798,-1.272340273148088,2.9675260062509765,-1.272340273148088,0.23655243256133382,2.0,0.01803487383441529,0.6046677103996871,0.0,0.0,0.7819597478039352,0.6276150627615062,-0.03298606718715612,3.2188758248682006,5.480638923341991,1.0,5.0,0.5005716403733499
calibration-base-831,base,25,240,no_transition,degenerate,step,0.5,0.5,iid,0.15,equal,complete,none,0.0,6581820,NO_TRANSITION,0.0,0.12552301255230125,0.9769630534229565,3.0439502284874678,0.9769630534229565,0.16040469041727504,2.0,0.016697513629564918,0.35753637170062413,0.0,0.0,0.8846823917073615,0.9623430962343097,0.07239917911444176,3.2188758248682006,5.480638923341991,1.0,5.0,0.47458908906584696
calibration-base-832,base,25,240,no_transition,degenerate,step,1.0,0.5,iid,0.15,equal,complete,none,0.0,6589608,NO_TRANSITION,0.0,0.6694560669456067,-0.49008817062696347,2.8477495513478814,-0.49008817062696347,0.24191879245526615,2.0,0.01787477407826615,0.43142337283778043,0.0,0.0,0.7621240695471818,0.8661087866108786,-0.15016161771113168,3.2188758248682006,5.480638923341991,1.0,5.0,0.5490964695731969
calibration-base-833,base,25,240,no_transition,degenerate,step,2.0,0.5,iid,0.15,equal,complete,none,0.0,6597789,NO_TRANSITION,0.0,9.497907949790795,0.5061779139979863,2.3480554545080974,0.5061779139979863,0.28483961460576035,2.0,0.01792810796666196,0.39920996487636895,0.0,0.0,0.6360812638922437,0.9246861924686194,-0.07368007067498804,3.2188758248682006,5.480638923341991,1.0,5.0,0.49156710074941207
calibration-base-834,base,25,240,no_transition,degenerate,logistic,0.5,0.5,iid,0.15,equal,complete,none,0.0,6605446,NO_TRANSITION,0.0,9.916317991631798,-1.0170564800416255,2.9128338290066766,-1.0170564800416255,0.2647683110916844,2.0,0.01849023307617837,0.46117005130919875,0.0,0.0,0.7399840300458095,0.8535564853556485,-0.10091015846789934,3.2188758248682006,5.480638923341991,1.0,5.0,0.5998260840467822
calibration-base-835,base,25,240,no_transition,degenerate,logistic,1.0,0.2,iid,0.15,equal,complete,none,0.0,6613365,NO_TRANSITION,0.0,0.16736401673640167,-0.8382264132655052,2.4617243696477216,-0.8382264132655052,0.269028331266556,2.0,0.018129310139988454,0.3740506621341891,0.0,0.0,0.6750733708353753,0.9748953974895397,0.1409662280814628,3.2188758248682006,5.480638923341991,1.0,5.0,0.5290607910818512
calibration-base-836,base,25,240,no_transition,degenerate,logistic,1.0,0.5,iid,0.15,equal,complete,none,0.0,6621546,NO_TRANSITION,0.0,0.41841004184100417,-1.03224889347794,2.5827798130062587,-1.03224889347794,0.2015318517527221,2.0,0.01699745476054001,0.344919416149319,0.0,0.0,0.7883912303430811,0.9497907949790795,-0.04650178840662595,3.2188758248682006,5.480638923341991,1.0,5.0,0.4128913983299188
calibration-base-837,base,60,60,no_transition,degenerate,step,0.5,0.5,iid,0.15,equal,complete,none,0.0,6629465,NO_TRANSITION,0.0,8.135593220338983,0.5998838370502,2.5358606395633343,0.5998838370502,0.17247729957788166,2.0,0.010930846728111322,0.5321847764580767,0.0,0.0,0.826867705666814,0.576271186440678,-0.35964196846739627,4.0943445622221,4.0943445622221,1.0,5.0,0.6716047864627137
calibration-base-838,base,60,60,no_transition,degenerate,step,2.0,0.5,iid,0.15,equal,complete,none,0.0,6637253,NO_TRANSITION,0.0,7.11864406779661,0.3670517252477342,2.551165206477674,0.3670517252477342,0.2099582505024602,2.0,0.015349857337659489,1.7721677438653183,0.016666666666666666,0.0,0.7721347213589419,0.18644067796610173,0.14479003253901657,4.0943445622221,4.0943445622221,1.0,5.0,0.7745262867112068
calibration-base-839,base,60,60,no_transition,degenerate,logistic,0.5,0.5,iid,0.15,equal,complete,none,0.0,6645041,NO_TRANSITION,0.0,9.661016949152541,1.705003980542757,2.6900147485699297,1.705003980542757,0.2128892255234435,2.0,0.016768835877965866,0.3550873147953224,0.016666666666666666,0.0,0.7841455087126564,0.9661016949152541,0.35197378694479686,4.0943445622221,4.0943445622221,1.0,5.0,0.6633021627424456
calibration-base-840,base,60,60,no_transition,degenerate,logistic,0.5,0.5,iid,0.15,equal,complete,none,0.0,6653091,NO_TRANSITION,0.0,4.406779661016949,0.5719901410603517,2.369995589339802,0.5719901410603517,0.21217193866917258,2.0,0.013055618706547738,0.38301479500732377,0.0,0.0,0.7450542892313747,0.8305084745762711,0.3395009299522199,4.0943445622221,4.0943445622221,1.0,5.0,0.7072584388592968
calibration-base-841,base,60,60,no_transition,degenerate,logistic,1.0,0.2,iid,0.15,equal,complete,none,0.0,6661010,NO_TRANSITION,0.0,9.152542372881356,-0.8969264573683138,2.5460340307609375,-0.8969264573683138,0.18814416852022997,2.0,0.015611065212105587,0.3591933569621424,0.0,0.0,0.8042379751917696,0.8813559322033898,0.02252868535069044,4.0943445622221,4.0943445622221,1.0,5.0,0.742129869761682
calibration-base-842,base,60,60,no_transition,degenerate,logistic,2.0,0.2,iid,0.15,equal,complete,none,0.0,6668798,NO_TRANSITION,0.0,2.8813559322033897,0.7087867352531836,2.6094994542565333,0.7087867352531836,0.24896066582583526,2.0,0.017768130998182623,0.5319748323203103,0.0,0.0,0.723532667558761,0.6779661016949152,0.3548431471457305,4.0943445622221,4.0943445622221,1.0,5.0,0.8193567853874135
calibration-base-843,base,60,60,no_transition,degenerate,logistic,2.0,0.2,iid,0.15,equal,complete,none,0.0,6676848,NO_TRANSITION,0.0,5.59322033898305,-0.5736306414289134,2.4575806788754155,-0.5736306414289134,0.21895272392691192,2.0,0.016084417749416713,0.7469090371632858,0.0,0.0,0.7466528609094815,0.4406779661016949,0.308420555542462,4.0943445622221,4.0943445622221,1.0,5.0,0.7041599939353411
calibration-base-844,base,60,60,no_transition,degenerate,logistic,2.0,0.5,iid,0.15,equal,complete,none,0.0,6684636,NO_TRANSITION,0.0,0.5084745762711864,1.5728466247851949,2.638950289349152,1.5728466247851949,0.22009548126328454,2.0,0.01687567086655119,0.3754492304907768,0.0,0.0,0.7679593681931366,0.9152542372881356,0.18244892306719623,4.0943445622221,4.0943445622221,1.0,5.0,0.7232004154424531
calibration-base-845,base,60,120,no_transition,degenerate,step,0.5,0.2,iid,0.15,equal,complete,none,0.0,6692555,NO_TRANSITION,0.0,7.647058823529412,0.3825272307437257,2.7137563046574558,0.3825272307437257,0.19983358870218784,2.0,0.015840193581611914,0.4718191010643603,0.0,0.0,0.8052363327279082,0.7142857142857144,0.18434530370891483,4.0943445622221,4.787491742782046,1.0,5.0,0.4935400529038123
calibration-base-846,base,60,120,no_transition,degenerate,step,0.5,0.2,iid,0.15,equal,complete,none,0.0,6700605,NO_TRANSITION,0.0,3.8655462184873954,-0.3739587678836153,2.5706957238297665,-0.3739587678836153,0.21462232180293267,2.0,0.015447569872641861,0.4919905404233676,0.0,0.0,0.7676369390929129,0.680672268907563,0.10382921283867903,4.0943445622221,4.787491742782046,1.0,5.0,0.5067190925545093
calibration-base-847,base,60,120,no_transition,degenerate,step,1.0,0.2,iid,0.15,equal,complete,none,0.0,6708393,NO_TRANSITION,0.0,9.663865546218489,1.0284561326027577,2.8575778834975347,1.0284561326027577,0.19360426915837461,2.0,0.01669274128330438,0.45137198214348523,0.0,0.0,0.8278831572876628,0.7647058823529412,0.2055644848459075,4.0943445622221,4.787491742782046,1.0,5.0,0.5359440110830824
calibration-base-848,base,60,120,no_transition,degenerate,step,1.0,0.2,iid,0.15,equal,complete,none,0.0,6716574,NO_TRANSITION,0.0,3.1092436974789917,0.3206625711943496,2.56915289432139,0.3206625711943496,0.21453472964542622,2.0,0.0162005150164542,0.4526188653116398,0.06666666666666667,0.0,0.767576355614902,0.7394957983193279,-0.048256251673538135,4.0943445622221,4.787491742782046,1.0,5.0,0.5752743264388601
calibration-base-849,base,60,120,no_transition,degenerate,step,1.0,0.5,iid,0.15,equal,complete,none,0.0,6724362,NO_TRANSITION,0.0,2.4369747899159666,-0.2586121367813446,2.862263964782861,-0.2586121367813446,0.21285862603459244,2.0,0.01798916498328442,0.36279665848873144,0.0,0.0,0.802430641464927,0.9831932773109244,-0.30298291747206946,4.0943445622221,4.787491742782046,1.0,5.0,0.5759306980918066
calibration-base-850,base,60,120,no_transition,degenerate,step,2.0,0.5,iid,0.15,equal,complete,none,0.0,6732281,NO_TRANSITION,0.0,8.151260504201682,-0.6804974777810918,2.5861938053497937,-0.6804974777810918,0.22808673661838436,2.0,0.016888785983487257,0.36968232426873293,0.016666666666666666,0.0,0.7499915385908026,0.9327731092436975,-0.07981727020933914,4.0943445622221,4.787491742782046,1.0,5.0,0.5524447090540514
calibration-base-851,base,60,120,no_transition,degenerate,logistic,0.5,0.2,iid,0.15,equal,complete,none,0.0,6740069,NO_TRANSITION,0.0,1.7647058823529413,-0.41523013321919827,2.6694540792649293,-0.41523013321919827,0.24557841318456575,2.0,0.017617030987444743,0.4034031855396671,0.0,0.0,0.735946619478074,0.8991596638655462,-0.4221168328361753,4.0943445622221,4.787491742782046,1.0,5.0,0.596605135139848
calibration-base-852,base,60,120,no_transition,degenerate,logistic,1.0,0.5,iid,0.15,equal,complete,none,0.0,6748119,NO_TRANSITION,0.0,9.15966386554622,-0.5939966123530642,2.6720246375945838,-0.5939966123530642,0.20806902535277927,2.0,0.016944676959220535,0.38019258078120455,0.0,0.0,0.7890016596931487,0.8907563025210085,0.43597106728701657,4.0943445622221,4.787491742782046,1.0,5.0,0.538160997656709
calibration-base-853,base,60,120,no_transition,degenerate,logistic,2.0,0.2,iid,0.15,equal,complete,none,0.0,6755907,NO_TRANSITION,0.0,0.16806722689075632,1.2623767038240643,2.7034391937270597,1.2623767038240643,0.2229084934211878,2.0,0.017049917915736817,0.44358041784236213,0.016666666666666666,0.0,0.7715487072084909,0.7899159663865546,-0.12873375414384908,4.0943445622221,4.787491742782046,1.0,5.0,0.5475327260900498
calibration-base-854,base,60,120,no_transition,degenerate,logistic,2.0,0.2,iid,0.15,equal,complete,none,0.0,6763957,NO_TRANSITION,0.0,9.747899159663866,0.8665441291507346,2.680850892967954,0.8665441291507346,0.19709777903789086,2.0,0.015953969008835805,0.4040436948222944,0.0,0.0,0.8056848759619513,0.8235294117647058,-0.09100886845732052,4.0943445622221,4.787491742782046,1.0,5.0,0.5368130069828132
calibration-base-855,base,60,120,no_transition,degenerate,logistic,2.0,0.2,iid,0.15,equal,complete,none,0.0,6772007,NO_TRANSITION,0.0,0.4201680672268908,1.1154317703885894,2.8061567356632353,1.1154317703885894,0.21119535345266013,2.0,0.0179554893708699,0.3799456246437777,0.0,0.0,0.7989962723003452,0.9243697478991597,-0.18652087861609373,4.0943445622221,4.787491742782046,1.0,5.0,0.5394071405910639
calibration-base-856,base,60,120,no_transition,degenerate,logistic,2.0,0.5,iid,0.15,equal,complete,none,0.0,6779926,NO_TRANSITION,0.0,7.731092436974791,0.46150413786685096,2.8148851727947752,0.46150413786685096,0.2130912387357217,2.0,0.017606124653767576,0.3784940716401926,0.0,0.0,0.797307013757356,0.9327731092436975,-0.007848844442165704,4.0943445622221,4.787491742782046,1.0,5.0,0.5508875800977222
calibration-base-857,base,60,240,no_transition,degenerate,step,0.5,0.2,iid,0.15,equal,complete,none,0.0,6787845,NO_TRANSITION,0.0,9.330543933054393,-0.7689543915360193,2.705452702412336,-0.7689543915360193,0.24181742680085455,2.0,0.017367078601099383,0.37870977454314514,0.016666666666666666,0.0,0.7455827474284812,0.9581589958158995,-0.17152770335256604,4.0943445622221,5.480638923341991,1.0,5.0,0.41964867055437854
calibration-base-858,base,60,240,no_transition,degenerate,step,0.5,0.5,iid,0.15,equal,complete,none,0.0,6795764,NO_TRANSITION,0.0,2.7615062761506275,-0.29623420179936977,2.8100169103895944,-0.29623420179936977,0.27530327076552175,2.0,0.018579829115550225,0.3967073745540854,0.016666666666666666,0.0,0.7143124416195449,0.9916317991631798,0.053502407454393414,4.0943445622221,5.480638923341991,1.0,5.0,0.5545842295665828
calibration-base-859,base,60,240,no_transition,degenerate,step,1.0,0.5,iid,0.15,equal,complete,none,0.0,6803421,NO_TRANSITION,0.0,2.5523012552301254,-0.3655473370003276,2.5755928478146197,-0.3655473370003276,0.24677017239605065,2.0,0.017670022053567977,0.5721505594954076,0.0,0.0,0.722068693766604,0.6234309623430961,-0.09509054628503594,4.0943445622221,5.480638923341991,1.0,5.0,0.3944826343569543
calibration-base-860,base,60,240,no_transition,degenerate,step,1.0,0.5,iid,0.15,equal,complete,none,0.0,6811471,NO_TRANSITION,0.0,0.33472803347280333,0.8096156310945297,2.7271353944607206,0.8096156310945297,0.25231619669446365,2.0,0.017841467105043127,0.4248621224960485,0.016666666666666666,0.0,0.734024068196354,0.8744769874476986,0.0018953409183021892,4.0943445622221,5.480638923341991,1.0,5.0,0.47716453456747493
calibration-base-861,base,60,240,no_transition,degenerate,step,2.0,0.2,iid,0.15,equal,complete,none,0.0,6819259,NO_TRANSITION,0.0,0.4602510460251046,0.658355417643853,2.846747721760136,0.658355417643853,0.23683087776157588,2.0,0.01830352454097788,0.39160972470874106,0.016666666666666666,0.0,0.7687497288645432,0.9456066945606694,0.19370221687674719,4.0943445622221,5.480638923341991,1.0,5.0,0.493389903759197
calibration-base-862,base,60,240,no_transition,degenerate,step,2.0,0.2,iid,0.15,equal,complete,none,0.0,6827309,NO_TRANSITION,0.0,3.305439330543933,0.3037748040913741,2.741737771185758,0.3037748040913741,0.24880633350596065,2.0,0.017754640763124302,0.4003926565783991,0.0,0.0,0.7405347428853999,0.9246861924686192,0.1081545913013133,4.0943445622221,5.480638923341991,1.0,5.0,0.4439630363401686
calibration-base-863,base,60,240,no_transition,degenerate,step,2.0,0.5,iid,0.15,equal,complete,none,0.0,6835359,NO_TRANSITION,0.0,6.610878661087866,0.22253894586231768,2.5289254128782765,0.22253894586231768,0.23916673412076692,2.0,0.01788908045859666,0.4138787866002102,0.0,0.0,0.7265486447171139,0.8410041841004183,-0.005306594897610429,4.0943445622221,5.480638923341991,1.0,5.0,0.41278522916550353
calibration-base-864,base,60,240,no_transition,degenerate,logistic,0.5,0.2,iid,0.15,equal,complete,none,0.0,6843016,NO_TRANSITION,0.0,0.4602510460251046,0.8232920159754283,2.7670903794974047,0.8232920159754283,0.2202952452146106,2.0,0.01700453582924866,0.3707558741580515,0.0,0.0,0.782345083684455,0.9539748953974897,-0.15699284553767257,4.0943445622221,5.480638923341991,1.0,5.0,0.40947277385265246
calibration-base-865,base,60,240,no_transition,degenerate,logistic,0.5,0.2,iid,0.15,equal,complete,none,0.0,6851066,NO_TRANSITION,0.0,5.564853556485355,-0.24849668360297406,2.7770580608418753,-0.24849668360297406,0.2270477554400399,2.0,0.016908819305102695,0.36326752097914533,0.0,0.0,0.7741841711531666,0.9874476987447698,0.005441947323112796,4.0943445622221,5.480638923341991,1.0,5.0,0.4306511067597003
calibration-base-866,base,60,240,no_transition,degenerate,logistic,0.5,0.5,iid,0.15,equal,complete,none,0.0,6858854,NO_TRANSITION,0.0,4.518828451882845,0.20230102801960007,2.986532068989674,0.20230102801960007,0.2236993393980414,2.0,0.018083673941781425,0.39460617581148677,0.0,0.0,0.800373620656087,0.9456066945606695,0.07797092522464158,4.0943445622221,5.480638923341991,1.0,5.0,0.43639559437187747
calibration-base-867,base,60,240,no_transition,degenerate,logistic,0.5,0.5,iid,0.15,equal,complete,none,0.0,6867035,NO_TRANSITION,0.0,5.439330543933054,0.2701255107928584,2.7667273538470116,0.2701255107928584,0.24417681277789227,2.0,0.017978860890256562,0.3721263836688355,0.0,0.0,0.7497655061429386,0.99163179916318,-0.09907015269374556,4.0943445622221,5.480638923341991,1.0,5.0,0.45384809572438367
calibration-base-868,base,60,240,no_transition,degenerate,logistic,1.0,0.2,iid,0.15,equal,complete,none,0.0,6874692,NO_TRANSITION,0.0,0.41841004184100417,0.5124454402793027,2.6451694420416425,0.5124454402793027,0.20389713193790932,2.0,0.015699496290995506,0.4561225120861127,0.0,0.0,0.7920121457300784,0.7322175732217573,-0.06963459438683856,4.0943445622221,5.480638923341991,1.0,5.0,0.38635445014036307
calibration-base-869,base,60,240,no_transition,degenerate,logistic,1.0,0.5,iid,0.15,equal,complete,none,0.0,6882611,NO_TRANSITION,0.0,9.874476987447698,-1.225923000552744,2.654786700823935,-1.225923000552744,0.2582097014914603,2.0,0.017718327075721668,0.37033926906692644,0.016666666666666666,0.0,0.7168526058585948,1.0,0.08429521093053582,4.0943445622221,5.480638923341991,1.0,5.0,0.4961649423451827
calibration-base-870,base,60,240,no_transition,degenerate,logistic,2.0,0.2,iid,0.15,equal,complete,none,0.0,6890530,NO_TRANSITION,0.0,0.37656903765690375,1.167500570135546,2.880489484567046,1.167500570135546,0.2122390584865535,2.0,0.0173552413653266,0.3670091106206725,0.0,0.0,0.8050658945364539,0.9748953974895397,-0.17284501688433354,4.0943445622221,5.480638923341991,1.0,5.0,0.4272794793068093
calibration-base-871,base,60,240,no_transition,degenerate,logistic,2.0,0.2,iid,0.15,equal,complete,none,0.0,6898711,NO_TRANSITION,0.0,8.912133891213388,-0.3198044865243397,3.0274784874534793,-0.3198044865243397,0.19354072722568685,2.0,0.017892845614802953,0.3833866708470041,0.016666666666666666,0.0,0.8425466161212029,0.9372384937238494,0.087407107221879,4.0943445622221,5.480638923341991,1.0,5.0,0.4002728842196397
calibration-base-872,base,120,60,no_transition,degenerate,step,0.5,0.2,iid,0.15,equal,complete,none,0.0,6906368,NO_TRANSITION,0.0,8.64406779661017,0.7569922270434661,2.5866822047740503,0.7569922270434661,0.24054262231758722,2.0,0.017278389863383724,0.35322797374552434,0.016666666666666666,0.0,0.7322982314638452,1.0,0.16232901365938193,4.787491742782046,4.0943445622221,1.0,5.0,0.8244347017559118
calibration-base-873,base,120,60,no_transition,degenerate,step,0.5,0.2,iid,0.15,equal,complete,none,0.0,6914549,NO_TRANSITION,0.0,4.067796610169491,0.5113264674727751,2.617879431198392,0.5113264674727751,0.20384909110100252,3.0,0.015919739687068,0.46609182687628925,0.008333333333333333,0.0,0.7890070334108973,0.711864406779661,-0.24749254811904375,4.787491742782046,4.0943445622221,1.0,5.0,0.6733527506387966
calibration-base-874,base,120,60,no_transition,degenerate,step,1.0,0.5,iid,0.15,equal,complete,none,0.0,6922468,NO_TRANSITION,0.0,1.5254237288135593,0.8915323158560671,2.667479615241106,0.8915323158560671,0.2005527034074767,2.0,0.015829460103345898,0.4189379396567454,0.0,0.0,0.7992921918584542,0.7966101694915253,-0.13441135559891254,4.787491742782046,4.0943445622221,1.0,5.0,0.7421700567689073
calibration-base-875,base,120,60,no_transition,degenerate,step,2.0,0.5,iid,0.15,equal,complete,none,0.0,6930125,NO_TRANSITION,0.0,0.6779661016949152,-0.7493196843846568,2.631812736938265,-0.7493196843846568,0.216114842149089,2.0,0.016688475984958897,0.5430291343711782,0.016666666666666666,0.0,0.7728267414540597,0.6271186440677965,0.7781520816536321,4.787491742782046,4.0943445622221,1.0,5.0,0.7608090456248268
calibration-base-876,base,120,60,no_transition,degenerate,step,2.0,0.5,iid,0.15,equal,complete,none,0.0,6938306,NO_TRANSITION,0.0,7.11864406779661,0.5881566880471707,2.5445220197845657,0.5881566880471707,0.2200414005584784,2.0,0.016495099358621305,0.3544201461362558,0.0,0.0,0.7564004836184574,0.9491525423728813,-0.04533949473010219,4.787491742782046,4.0943445622221,1.0,5.0,0.7051927538812435
calibration-base-877,base,120,60,no_transition,degenerate,logistic,0.5,0.2,iid,0.15,equal,complete,none,0.0,6945963,NO_TRANSITION,0.0,2.8813559322033897,0.6453223022577758,2.4853855745161217,0.6453223022577758,0.21177645849684543,2.0,0.014991109221357596,0.3265282268251773,0.025,0.0,0.7611548926968551,1.0,-0.20096807639743922,4.787491742782046,4.0943445622221,1.0,5.0,0.7371643800115799
calibration-base-878,base,120,60,no_transition,degenerate,logistic,0.5,0.2,iid,0.15,equal,complete,none,0.0,6954013,NO_TRANSITION,0.0,9.322033898305085,-0.8988602088110497,2.57186819927387,-0.8988602088110497,0.21028707788860057,2.0,0.01623196005014707,0.38432525770790477,0.008333333333333333,0.0,0.7741615845877112,0.864406779661017,0.675076785438249,4.787491742782046,4.0943445622221,1.0,5.0,0.7258833793890287
calibration-base-879,base,120,60,no_transition,degenerate,logistic,0.5,0.5,iid,0.15,equal,complete,none,0.0,6962063,NO_TRANSITION,0.0,3.2203389830508473,-0.33672335165078404,2.583062477898066,-0.33672335165078404,0.20308831041848757,2.0,0.015898141800574805,0.34011252983433216,0.0,0.0,0.786121067152314,0.9661016949152541,0.4242585965997119,4.787491742782046,4.0943445622221,1.0,5.0,0.7119788655688647
calibration-base-880,base,120,60,no_transition,degenerate,logistic,1.0,0.2,iid,0.15,equal,complete,none,0.0,6969720,NO_TRANSITION,0.0,0.847457627118644,1.0292053668343926,2.744617835346249,1.0292053668343926,0.19757432765486907,2.0,0.016342075778566334,0.48664750912342103,0.0,0.0,0.8115878398465214,0.6949152542372881,0.3726176921775015,4.787491742782046,4.0943445622221,1.0,5.0,0.7127579343105076
calibration-base-881,base,120,60,no_transition,degenerate,logistic,1.0,0.2,iid,0.15,equal,complete,none,0.0,6977770,NO_TRANSITION,0.0,1.3559322033898304,0.6460324221472478,2.5124126041363324,0.6460324221472478,0.21056777474766739,2.0,0.015385135251288621,0.37923393371259906,0.008333333333333333,0.0,0.7664178449396786,0.864406779661017,-0.4242779983260668,4.787491742782046,4.0943445622221,1.0,5.0,0.7368956672444782
calibration-base-882,base,120,60,no_transition,degenerate,logistic,1.0,0.5,iid,0.15,equal,complete,none,0.0,6985820,NO_TRANSITION,0.0,3.389830508474576,0.591817902877574,2.4781802362779537,0.591817902877574,0.23590715212824734,2.0,0.016655625369948013,0.5046698160816524,0.03333333333333333,0.0,0.7242984882453471,0.6779661016949152,-0.40245934078903867,4.787491742782046,4.0943445622221,1.0,5.0,0.6857886763615837
calibration-base-883,base,120,120,no_transition,degenerate,step,0.5,0.2,iid,0.15,equal,complete,none,0.0,6993477,NO_TRANSITION,0.0,0.5042016806722689,-0.647857016908747,2.7710936816950023,-0.647857016908747,0.19849356997598647,2.0,0.01717887671227789,0.37213758048886847,0.008333333333333333,0.0,0.8129580613325489,0.9159663865546218,0.2821833497636384,4.787491742782046,4.787491742782046,1.0,5.0,0.5684200311399867
calibration-base-884,base,120,120,no_transition,degenerate,step,0.5,0.5,iid,0.15,equal,complete,none,0.0,7001527,NO_TRANSITION,0.0,2.3529411764705883,0.6267137780329542,2.749794988264396,0.6267137780329542,0.23148308830109446,2.0,0.01801521825961643,0.5216284234575105,0.0,0.0,0.7650189219090169,0.6890756302521008,0.0349316291327776,4.787491742782046,4.787491742782046,1.0,5.0,0.6241950285794784
calibration-base-885,base,120,120,no_transition,degenerate,step,1.0,0.5,iid,0.15,equal,complete,none,0.0,7009315,NO_TRANSITION,0.0,2.689075630252101,-0.29955593945616177,2.521519446452181,-0.29955593945616177,0.22241365037230407,2.0,0.0160638957599279,0.38105699621754635,0.0,0.0,0.7499460888210516,0.8823529411764707,-0.08394612751679913,4.787491742782046,4.787491742782046,1.0,5.0,0.5454459734892596
calibration-base-886,base,120,120,no_transition,degenerate,step,2.0,0.2,iid,0.15,equal,complete,none,0.0,7017365,NO_TRANSITION,0.0,9.075630252100842,0.534656647653921,2.727650937243788,0.534656647653921,0.21267482386535325,2.0,0.016586218294942633,0.3846677123066323,0.0,0.0,0.788617193021462,0.8991596638655462,-0.34820223998192407,4.787491742782046,4.787491742782046,1.0,5.0,0.5413990634533805
calibration-base-887,base,120,120,no_transition,degenerate,step,2.0,0.5,iid,0.15,equal,complete,none,0.0,7025415,NO_TRANSITION,0.0,3.025210084033614,0.40920428315520757,2.6075924473436762,0.40920428315520757,0.2463944221541013,2.0,0.017377014055527107,0.36488819484474383,0.0,0.0,0.7268436509274487,0.9831932773109244,0.03725251464655903,4.787491742782046,4.787491742782046,1.0,5.0,0.6100985411710476
calibration-base-888,base,120,120,no_transition,degenerate,logistic,0.5,0.2,iid,0.15,equal,complete,none,0.0,7033203,NO_TRANSITION,0.0,5.2100840336134455,-0.40794366643772706,2.6858356933762098,-0.40794366643772706,0.20418601156309055,2.0,0.016247041095911394,0.3584722282623497,0.008333333333333333,0.0,0.796072944909899,0.9411764705882353,-0.1322085584145949,4.787491742782046,4.787491742782046,1.0,5.0,0.5953418515791553
calibration-base-889,base,120,120,no_transition,degenerate,logistic,1.0,0.2,iid,0.15,equal,complete,none,0.0,7041122,NO_TRANSITION,0.0,7.563025210084034,0.6925353855140524,2.8298947575329176,0.6925353855140524,0.22677736391459238,2.0,0.01756509973134994,0.37854993575845053,0.016666666666666666,0.0,0.7803496103451231,0.9579831932773109,-0.3335452106687476,4.787491742782046,4.787491742782046,1.0,5.0,0.6194109236878206
calibration-base-890,base,120,120,no_transition,degenerate,logistic,1.0,0.5,iid,0.15,equal,complete,none,0.0,7049041,NO_TRANSITION,0.0,0.25210084033613445,-1.5504815501730662,2.638389873250086,-1.5504815501730662,0.230722796290786,2.0,0.01707880383360151,0.49068755753882143,0.0,0.0,0.7527694081091276,0.7142857142857142,0.00276896138793796,4.787491742782046,4.787491742782046,1.0,5.0,0.5515347549919307
calibration-base-891,base,120,120,no_transition,degenerate,logistic,2.0,0.2,iid,0.15,equal,complete,none,0.0,7057091,NO_TRANSITION,0.0,8.65546218487395,-0.4679357752115372,2.804971261477661,-0.4679357752115372,0.22385428456775372,2.0,0.017493885717775534,0.43577359306841057,0.0,0.0,0.7816069137671682,0.823529411764706,0.00011020166090755134,4.787491742782046,4.787491742782046,1.0,5.0,0.6119771874912088
calibration-base-892,base,120,120,no_transition,degenerate,logistic,2.0,0.5,iid,0.15,equal,complete,none,0.0,7064748,NO_TRANSITION,0.0,9.327731092436975,-0.6773962138374453,2.580715592036644,-0.6773962138374453,0.22699797738895064,2.0,0.016444538978181922,0.35258778038553246,0.0,0.0,0.7508649998486767,0.9747899159663866,0.0662157856874366,4.787491742782046,4.787491742782046,1.0,5.0,0.5532706613602469
calibration-base-893,base,120,240,no_transition,degenerate,step,1.0,0.2,iid,0.15,equal,complete,none,0.0,7072667,NO_TRANSITION,0.0,5.857740585774058,0.36973732115848706,2.8132918964455462,0.36973732115848706,0.2330301201761554,2.0,0.017543870838827823,0.3763291172700016,0.016666666666666666,0.0,0.7701173177058624,0.9707112970711297,-0.053217952082569096,4.787491742782046,5.480638923341991,1.0,5.0,0.4254802692291777
calibration-base-894,base,120,240,no_transition,degenerate,step,1.0,0.5,iid,0.15,equal,complete,none,0.0,7080848,NO_TRANSITION,0.0,9.707112970711297,0.8992185120053336,2.8289523287734775,0.8992185120053336,0.22247051774475737,2.0,0.017704669835263177,0.38745218332496484,0.0,0.0,0.7860541105416574,0.9288702928870294,0.0031887361310805715,4.787491742782046,5.480638923341991,1.0,5.0,0.4165082784472769
calibration-base-895,base,120,240,no_transition,degenerate,step,2.0,0.2,iid,0.15,equal,complete,none,0.0,7088505,NO_TRANSITION,0.0,0.2928870292887029,-0.6910747541192701,2.6843994034144885,-0.6910747541192701,0.2678780782343568,2.0,0.018162062831180215,0.40462947100075275,0.016666666666666666,0.0,0.7078471780496349,0.9372384937238494,-0.07396613235826978,4.787491742782046,5.480638923341991,1.0,5.0,0.5063324937119588
calibration-base-896,base,120,240,no_transition,degenerate,logistic,0.5,0.2,iid,0.15,equal,complete,none,0.0,7096555,NO_TRANSITION,0.0,8.410041841004183,-0.3989709404972186,2.9680844255401766,-0.3989709404972186,0.2180085304613702,2.0,0.01755470474285851,0.5570670111862842,0.008333333333333333,0.0,0.8059528274130363,0.6610878661087867,0.20542733646025663,4.787491742782046,5.480638923341991,1.0,5.0,0.4128639695039009
calibration-base-897,base,120,240,no_transition,degenerate,logistic,0.5,0.2,iid,0.15,equal,complete,none,0.0,7104605,NO_TRANSITION,0.0,1.715481171548117,0.27630825285146793,2.7380103510568317,0.27630825285146793,0.2523180072792022,2.0,0.017809459452028886,0.4026580686858487,0.008333333333333333,0.0,0.7353672878529545,0.9246861924686192,-0.04647641581277589,4.787491742782046,5.480638923341991,1.0,5.0,0.48515855858256907
calibration-base-898,base,120,240,no_transition,degenerate,logistic,1.0,0.2,iid,0.15,equal,complete,none,0.0,7112393,NO_TRANSITION,0.0,9.07949790794979,-0.46021349822765756,2.8401298654214644,-0.46021349822765756,0.2518125397125822,2.0,0.01809289804394088,0.4142332754018539,0.0,0.0,0.7482504762235819,0.9163179916317992,0.049761967933157174,4.787491742782046,5.480638923341991,1.0,5.0,0.5081022152613457
calibration-base-899,base,120,240,no_transition,degenerate,logistic,1.0,0.5,iid,0.15,equal,complete,none,0.0,7120181,NO_TRANSITION,0.0,1.8828451882845187,0.4170856971603836,2.6652355969262675,0.4170856971603836,0.24108034043710544,2.0,0.01751789972287569,0.3976481676841177,0.0,0.0,0.7416188659837608,0.903765690376569,0.050532931804751456,4.787491742782046,5.480638923341991,1.0,5.0,0.4260724017009522
calibration-stress_noise-0,stress_noise,60,120,synchronous,degenerate,logistic,1.0,0.4,t3,0.15,equal,complete,none,0.0,1000,SYNCHRONOUS,9.491952948039852e-07,4.957983193277311,7.603630975142173,0.020961666032347157,7.603630975142173,0.0214701816761287,1.0,0.12204320658524188,0.02790325576737704,0.9833333333333333,0.0,0.09716951867727427,0.7731092436974789,0.004362524406405022,4.0943445622221,4.787491742782046,1.0,5.0,3.4200734113358178
calibration-stress_noise-1,stress_noise,60,120,synchronous,degenerate,logistic,1.0,0.4,t3,0.15,equal,complete,none,0.0,9050,SYNCHRONOUS,9.332943592324181e-07,5.04201680672269,7.789679390758168,0.020961666032346938,7.789679390758168,0.017933187890792436,1.0,0.12481761911168403,0.030261666779481,0.9833333333333333,0.0,0.11609715177012933,0.5966386554621849,0.011555208847937246,4.0943445622221,4.787491742782046,1.0,5.0,3.510307930277887
calibration-stress_noise-2,stress_noise,60,120,synchronous,degenerate,logistic,1.0,0.4,t3,0.15,equal,complete,none,0.0,17100,SYNCHRONOUS,7.600942041381117e-07,4.957983193277311,7.786840012624123,0.020961666032347046,7.786840012624123,0.02190030186636145,1.0,0.11782492097258208,0.23800421321825785,1.0,0.0,0.09527861346806635,0.0924369747899159,-0.0014400018578792084,4.0943445622221,4.787491742782046,1.0,5.0,3.6001377450197785
calibration-stress_noise-3,stress_noise,60,120,diffuse,broad_normal,logistic,1.0,0.4,t3,0.15,equal,complete,none,0.0,24757,DIFFUSE_ASYNCHRONOUS,0.8924997242330961,4.957983193277311,6.342026674256385,0.020961666032347157,6.342026674256385,0.0937947768297084,1.0,0.03633985143728195,0.134510426921955,1.0,0.0,0.02234285748239708,0.6974789915966387,-0.02005661106100525,4.0943445622221,4.787491742782046,1.0,5.0,3.6151317949002193
calibration-stress_noise-4,stress_noise,60,120,diffuse,broad_normal,logistic,1.0,0.4,t3,0.15,equal,complete,none,0.0,32807,DIFFUSE_ASYNCHRONOUS,1.0665817291281385,4.957983193277311,5.277182416687935,0.0296253363827576,5.277182416687935,0.10582635019485509,1.0,0.030713455116367454,0.0,0.9833333333333333,0.0,0.02798332811260333,1.0,-0.043391638938529764,4.0943445622221,4.787491742782046,1.0,5.0,3.544169140071906
calibration-stress_noise-5,stress_noise,60,120,diffuse,broad_normal,logistic,1.0,0.4,t3,0.15,equal,complete,none,0.0,40857,DIFFUSE_ASYNCHRONOUS,0.8295144206051429,5.2100840336134455,6.101696127377714,0.024763800841363398,6.101696127377714,0.08209378344178017,1.0,0.05812555281009112,0.09581964614826637,0.9833333333333333,0.0,0.03015154213457022,0.8571428571428573,0.014468101112533029,4.0943445622221,4.787491742782046,1.0,5.0,3.566032658451044
calibration-stress_noise-6,stress_noise,60,120,two_cluster,two_normal_mix,logistic,1.0,0.4,t3,0.15,equal,complete,none,0.0,48514,CLUSTERED,1.2433401807981084,4.705882352941177,4.742338580187677,0.0209616660323471,4.742338580187677,0.1270316616143988,2.0,0.04032806488677449,0.18215452584535746,0.9833333333333333,0.0,0.016498888977181114,0.6974789915966386,-0.11688081116539813,4.0943445622221,4.787491742782046,1.0,5.0,3.6183410489181163
calibration-stress_noise-7,stress_noise,60,120,two_cluster,two_normal_mix,logistic,1.0,0.4,t3,0.15,equal,complete,none,0.0,56564,CLUSTERED,1.3599690414250678,5.2100840336134455,4.281367853455859,0.020961666032347153,4.281367853455859,0.13410691426625587,2.0,0.04133694952842234,0.14378983921057334,0.9833333333333333,0.0,0.015628654194731657,0.9327731092436977,0.025506155580203728,4.0943445622221,4.787491742782046,1.0,5.0,3.4498570108970372
calibration-stress_noise-8,stress_noise,60,120,two_cluster,two_normal_mix,logistic,1.0,0.4,t3,0.15,equal,complete,none,0.0,64614,CLUSTERED,1.3376190864013369,4.369747899159664,4.697726851096203,0.020961666032347046,4.697726851096203,0.13502352152152988,2.0,0.04108524138650706,0.19130637123994781,1.0,0.0,0.015522584717567445,0.7058823529411764,-0.12836073098567707,4.0943445622221,4.787491742782046,1.0,5.0,3.599154720961401
calibration-stress_noise-9,stress_noise,60,120,synchronous,degenerate,logistic,1.0,0.4,heterosk,0.15,equal,complete,none,0.0,72271,SYNCHRONOUS,9.153383130732329e-07,5.04201680672269,7.865377145038542,1.7763568394002505e-15,7.865377145038542,0.015441136772118155,1.0,0.14400497363375006,0.15312460632350505,1.0,0.0,1.150405482197265e-14,0.10084033613445378,0.0015813095299919326,4.0943445622221,4.787491742782046,1.0,5.0,4.831836073897033
calibration-stress_noise-10,stress_noise,60,120,synchronous,degenerate,logistic,1.0,0.4,heterosk,0.15,equal,complete,none,0.0,80321,SYNCHRONOUS,1.0432621980240834e-06,5.126050420168068,7.957280513158787,8.881784197001252e-16,7.957280513158787,0.015195271635632567,1.0,0.14316374583839253,0.09041186623201376,1.0,0.0,5.845097350003056e-15,0.16806722689075632,0.0027032615155603056,4.0943445622221,4.787491742782046,1.0,5.0,4.86153806454956
calibration-stress_noise-11,stress_noise,60,120,synchronous,degenerate,logistic,1.0,0.4,heterosk,0.15,equal,complete,none,0.0,88371,SYNCHRONOUS,1.0693639927010844e-06,4.957983193277311,7.6903423867773615,1.3322676295501878e-15,7.6903423867773615,0.016378771883522374,1.0,0.13248233172480092,0.07496437900535238,1.0,0.0,8.13411187984428e-15,0.21848739495798322,0.0026684798735126672,4.0943445622221,4.787491742782046,1.0,5.0,4.825505180693702
calibration-stress_noise-12,stress_noise,60,120,diffuse,broad_normal,logistic,1.0,0.4,heterosk,0.15,equal,complete,none,0.0,96028,DIFFUSE_ASYNCHRONOUS,0.9424783808272017,4.957983193277311,5.824166845843341,1.7763568394002505e-15,5.824166845843341,0.09288618462495064,1.0,0.029734113400813705,0.1556824784559032,1.0,0.0,1.9124015552718633e-15,0.5966386554621849,-0.047439805828341064,4.0943445622221,4.787491742782046,1.0,5.0,4.714105630242278
calibration-stress_noise-13,stress_noise,60,120,diffuse,broad_normal,logistic,1.0,0.4,heterosk,0.15,equal,complete,none,0.0,104078,DIFFUSE_ASYNCHRONOUS,0.9003028930396961,5.126050420168068,5.818262392978664,8.881784197001252e-16,5.818262392978664,0.08745722033376288,1.0,0.030568982970670237,0.15305013558408503,1.0,0.0,1.0155575678149513e-15,0.5714285714285714,-0.012897059483669092,4.0943445622221,4.787491742782046,1.0,5.0,4.776566623315881
calibration-stress_noise-14,stress_noise,60,120,diffuse,broad_normal,logistic,1.0,0.4,heterosk,0.15,equal,complete,none,0.0,112128,DIFFUSE_ASYNCHRONOUS,0.8674937750837947,4.957983193277311,6.028961087883529,1.7763568394002505e-15,6.028961087883529,0.08901604246896477,1.0,0.035547303986009755,0.1604986220273759,1.0,0.0,1.9955468588929608e-15,0.5546218487394958,0.005703956137118505,4.0943445622221,4.787491742782046,1.0,5.0,4.776021854575972
calibration-stress_noise-15,stress_noise,60,120,two_cluster,two_normal_mix,logistic,1.0,0.4,heterosk,0.15,equal,complete,none,0.0,119785,CLUSTERED,1.3330278116871153,4.789915966386555,4.449509790608081,8.881784197001252e-16,4.449509790608081,0.13279342172271716,2.0,0.03752099490171863,0.19509157018522644,1.0,0.0,6.688421822239884e-16,0.680672268907563,-0.028801092933060712,4.0943445622221,4.787491742782046,1.0,5.0,4.786282377535584
calibration-stress_noise-16,stress_noise,60,120,two_cluster,two_normal_mix,logistic,1.0,0.4,heterosk,0.15,equal,complete,none,0.0,127835,CLUSTERED,1.2740782080791244,4.621848739495799,4.8038708963482435,8.881784197001252e-16,4.8038708963482435,0.1249446518865112,2.0,0.03842780018758095,0.1791375129457209,1.0,0.0,7.108574927295558e-16,0.6974789915966386,-0.13457940348045344,4.0943445622221,4.787491742782046,1.0,5.0,4.791111582522447
calibration-stress_noise-17,stress_noise,60,120,two_cluster,two_normal_mix,logistic,1.0,0.4,heterosk,0.15,equal,complete,none,0.0,135885,CLUSTERED,1.3450334347434223,5.294117647058824,4.4699413870281175,8.881784197001252e-16,4.4699413870281175,0.1306802997403115,2.0,0.04239886969691403,0.22537616911734878,1.0,0.0,6.796574705331389e-16,0.5798319327731093,0.07721363820868371,4.0943445622221,4.787491742782046,1.0,5.0,4.794719310663856
calibration-stress_noise-18,stress_noise,60,120,synchronous,degenerate,logistic,1.0,0.4,ar1,0.15,equal,complete,none,0.0,143542,SYNCHRONOUS,9.766230300528273e-07,4.957983193277311,7.465729944605774,0.020961666032346938,7.465729944605774,0.03911426460728238,1.0,0.0646703997218538,0.10593810566271682,1.0,0.0,0.05351405731944809,0.36974789915966394,-0.0009695149230622261,4.0943445622221,4.787491742782046,1.0,5.0,4.038933134628477
calibration-stress_noise-19,stress_noise,60,120,synchronous,degenerate,logistic,1.0,0.4,ar1,0.15,equal,complete,none,0.0,151592,SYNCHRONOUS,1.142132208066812e-06,5.04201680672269,8.047604435665043,1.7763568394002505e-15,8.047604435665043,0.027418090397848323,1.0,0.10315919957935733,0.037502905256827014,1.0,0.0,6.4787766530219515e-15,0.73109243697479,-0.007367841305463256,4.0943445622221,4.787491742782046,1.0,5.0,4.182086458673542
calibration-stress_noise-20,stress_noise,60,120,synchronous,degenerate,logistic,1.0,0.4,ar1,0.15,equal,complete,none,0.0,159642,SYNCHRONOUS,9.106518395219798e-07,5.126050420168068,7.861014218962669,1.7763568394002505e-15,7.861014218962669,0.04071055408853437,1.0,0.09663692813156587,0.2849738786197405,1.0,0.0,4.363381632038607e-15,0.14285714285714288,0.01699063708987803,4.0943445622221,4.787491742782046,1.0,5.0,4.130867787194841
calibration-stress_noise-21,stress_noise,60,120,diffuse,broad_normal,logistic,1.0,0.4,ar1,0.15,equal,complete,none,0.0,167299,DIFFUSE_ASYNCHRONOUS,0.8560615354615356,5.378151260504202,6.048016658731982,1.7763568394002505e-15,6.048016658731982,0.08113149328214464,1.0,0.042600443273062415,0.10056924688099178,1.0,0.0,2.189478792437301e-15,0.8067226890756304,0.06891496926782768,4.0943445622221,4.787491742782046,1.0,5.0,4.175235385658727
calibration-stress_noise-22,stress_noise,60,120,diffuse,broad_normal,logistic,1.0,0.4,ar1,0.15,equal,complete,none,0.0,175349,DIFFUSE_ASYNCHRONOUS,1.010579345881859,5.04201680672269,5.73050076770632,2.6645352591003757e-15,5.73050076770632,0.10076434656304807,1.0,0.03885877391591128,0.1462311858658868,1.0,0.0,2.644323463590548e-15,0.689075630252101,0.00642208922833039,4.0943445622221,4.787491742782046,1.0,5.0,4.248355494406743
calibration-stress_noise-23,stress_noise,60,120,diffuse,broad_normal,logistic,1.0,0.4,ar1,0.15,equal,complete,none,0.0,183399,DIFFUSE_ASYNCHRONOUS,0.8492880817493796,4.957983193277311,6.242262216051114,1.7763568394002505e-15,6.242262216051114,0.08830684929273418,1.0,0.03386606957875122,0.09382602737353006,1.0,0.0,2.01157311536695e-15,0.9411764705882353,-0.0007904355255227991,4.0943445622221,4.787491742782046,1.0,5.0,4.291784020009491
calibration-stress_noise-24,stress_noise,60,120,two_cluster,two_normal_mix,logistic,1.0,0.4,ar1,0.15,equal,complete,none,0.0,191056,CLUSTERED,1.2960535267848334,5.378151260504202,4.515594733934465,1.7763568394002505e-15,4.515594733934465,0.1292725432507938,2.0,0.03817226764693931,0.2136587867617286,1.0,0.0,1.3741176546314623e-15,0.6050420168067229,0.042968393013212855,4.0943445622221,4.787491742782046,1.0,5.0,4.057258702025856
calibration-stress_noise-25,stress_noise,60,120,two_cluster,two_normal_mix,logistic,1.0,0.4,ar1,0.15,equal,complete,none,0.0,199106,CLUSTERED,1.3066040814116335,5.546218487394959,4.552390152131869,1.7763568394002505e-15,4.552390152131869,0.12709464762560282,2.0,0.036436252277220804,0.14683750550919158,1.0,0.0,1.397664553611311e-15,0.8655462184873951,0.09455061574900524,4.0943445622221,4.787491742782046,1.0,5.0,4.112928826413674
calibration-stress_noise-26,stress_noise,60,120,two_cluster,two_normal_mix,logistic,1.0,0.4,ar1,0.15,equal,complete,none,0.0,207156,CLUSTERED,1.3408155645764024,4.537815126050421,4.680180929374677,1.7763568394002505e-15,4.680180929374677,0.13735569099977724,2.0,0.029371486562550238,0.20431659036216865,1.0,0.0,1.2932531782779435e-15,0.6722689075630253,-0.10347620797936247,4.0943445622221,4.787491742782046,1.0,5.0,4.173832903032911
calibration-stress_noise-27,stress_noise,60,120,synchronous,degenerate,logistic,1.0,0.4,seasonal,0.15,equal,complete,none,0.0,214813,SYNCHRONOUS,8.384978681549908e-07,5.04201680672269,7.837857287819165,8.881784197001252e-16,7.837857287819165,0.011991772975121339,1.0,0.1698206173287428,0.021621530061203625,1.0,0.0,7.406564663480366e-15,0.5546218487394958,0.008234122553010773,4.0943445622221,4.787491742782046,1.0,5.0,4.931272048524253
calibration-stress_noise-28,stress_noise,60,120,synchronous,degenerate,logistic,1.0,0.4,seasonal,0.15,equal,complete,none,0.0,222863,SYNCHRONOUS,1.098652832152958e-06,5.04201680672269,7.607557233797218,1.3322676295501878e-15,7.607557233797218,0.01209681954156257,1.0,0.16926890016773666,0.021810932203726454,1.0,0.0,1.1013371117695422e-14,0.5546218487394958,-0.0013361876919522231,4.0943445622221,4.787491742782046,1.0,5.0,4.854942569713057
calibration-stress_noise-29,stress_noise,60,120,synchronous,degenerate,logistic,1.0,0.4,seasonal,0.15,equal,complete,none,0.0,230913,SYNCHRONOUS,8.528369891489139e-07,5.04201680672269,7.728722399382129,1.7763568394002505e-15,7.728722399382129,0.010829690992842195,1.0,0.17923630362858842,0.019526261032548807,1.0,0.0,1.640265489176303e-14,0.5546218487394958,-0.0025650060366246906,4.0943445622221,4.787491742782046,1.0,5.0,4.82928174110431
calibration-stress_noise-30,stress_noise,60,120,diffuse,broad_normal,logistic,1.0,0.4,seasonal,0.15,equal,complete,none,0.0,238570,DIFFUSE_ASYNCHRONOUS,0.869912714078112,4.873949579831933,6.328519370816182,1.3322676295501878e-15,6.328519370816182,0.08918951812489773,1.0,0.0617294663305153,0.11663244677871241,1.0,0.0,1.4937491059033743e-15,0.7647058823529411,-0.07013802966603788,4.0943445622221,4.787491742782046,1.0,5.0,4.546735098909965
calibration-stress_noise-31,stress_noise,60,120,diffuse,broad_normal,logistic,1.0,0.4,seasonal,0.15,equal,complete,none,0.0,246620,DIFFUSE_ASYNCHRONOUS,0.7995705141550414,5.04201680672269,6.495626603572218,1.7763568394002505e-15,6.495626603572218,0.07431301807985573,1.0,0.06364846520351874,0.07623490647847268,1.0,0.0,2.390371008066719e-15,0.9747899159663866,0.025737634656681004,4.0943445622221,4.787491742782046,1.0,5.0,4.573836711854941
calibration-stress_noise-32,stress_noise,60,120,diffuse,broad_normal,logistic,1.0,0.4,seasonal,0.15,equal,complete,none,0.0,254670,DIFFUSE_ASYNCHRONOUS,0.7722524319321104,5.126050420168068,6.808981293710225,8.881784197001252e-16,6.808981293710225,0.07681137575879485,1.0,0.07226464968321215,0.07812439072903064,1.0,0.0,1.1563110423763364e-15,0.9831932773109244,0.004177683608592257,4.0943445622221,4.787491742782046,1.0,5.0,4.734699384528723
calibration-stress_noise-33,stress_noise,60,120,two_cluster,two_normal_mix,logistic,1.0,0.4,seasonal,0.15,equal,complete,none,0.0,262327,CLUSTERED,1.2975414964214596,4.789915966386555,4.823986148328177,8.881784197001252e-16,4.823986148328177,0.13195410688249426,2.0,0.03274308412549759,0.1377415677106738,1.0,0.0,6.730964580670857e-16,0.9579831932773111,-0.13203559083227637,4.0943445622221,4.787491742782046,1.0,5.0,4.250472845970299
calibration-stress_noise-34,stress_noise,60,120,two_cluster,two_normal_mix,logistic,1.0,0.4,seasonal,0.15,equal,complete,none,0.0,270377,CLUSTERED,1.4179814667279576,5.04201680672269,4.343653272619418,1.7763568394002505e-15,4.343653272619418,0.15411324574438207,2.0,0.0324876829619404,0.15674766020155098,1.0,0.0,1.1526308662310452e-15,0.9831932773109244,0.015823649293281266,4.0943445622221,4.787491742782046,1.0,5.0,4.303973433142963
calibration-stress_noise-35,stress_noise,60,120,two_cluster,two_normal_mix,logistic,1.0,0.4,seasonal,0.15,equal,complete,none,0.0,278427,CLUSTERED,1.2802748726805047,5.04201680672269,4.967002126579078,1.7763568394002505e-15,4.967002126579078,0.12888472353139568,1.0,0.031496004290245044,0.1667095880460444,1.0,0.0,1.3782524342130732e-15,0.773109243697479,0.026784893475899494,4.0943445622221,4.787491742782046,1.0,5.0,4.360712277626693
calibration-stress_weights-36,stress_weights,60,120,synchronous,degenerate,logistic,1.0,0.4,iid,0.15,static,complete,none,0.0,286084,SYNCHRONOUS,9.632225710938127e-07,5.04201680672269,7.782801140268758,8.881784197001252e-16,7.782801140268758,0.015255180732986113,1.0,0.14428317847798267,0.020170738969170526,1.0,0.016751139359836426,5.822142885397789e-15,0.7563025210084034,0.005610743282326097,4.0943445622221,4.787491742782046,1.0,5.0,4.982006071528447
calibration-stress_weights-37,stress_weights,60,120,synchronous,degenerate,logistic,1.0,0.4,iid,0.15,static,complete,none,0.0,294134,SYNCHRONOUS,9.502840410407204e-07,5.04201680672269,7.4551901606971605,8.881784197001252e-16,7.4551901606971605,0.017287702099954585,1.0,0.12468292525968497,0.019592729046615194,1.0,0.15026694896687445,5.13763144786292e-15,0.8823529411764707,-0.00015739527746508976,4.0943445622221,4.787491742782046,1.0,5.0,4.8664264123283925
calibration-stress_weights-38,stress_weights,60,120,synchronous,degenerate,logistic,1.0,0.4,iid,0.15,static,complete,none,0.0,302184,SYNCHRONOUS,1.034033302799495e-06,5.04201680672269,7.94476218474443,8.881784197001252e-16,7.94476218474443,0.015583396129637111,1.0,0.14692443023913726,0.034341187767163266,1.0,0.009600545105526588,5.699517693777628e-15,0.453781512605042,-0.0005812362201360599,4.0943445622221,4.787491742782046,1.0,5.0,4.941380698285657
calibration-stress_weights-39,stress_weights,60,120,diffuse,broad_normal,logistic,1.0,0.4,iid,0.15,static,complete,none,0.0,309841,DIFFUSE_ASYNCHRONOUS,0.9447902569020733,4.789915966386555,5.587047968591851,8.881784197001252e-16,5.587047968591851,0.09404373431598431,2.0,0.04258763936202894,0.11905536578300141,1.0,0.23329471925600523,9.44431254416026e-16,0.7899159663865547,-0.0924533542886759,4.0943445622221,4.787491742782046,1.0,5.0,4.931975450020916
calibration-stress_weights-40,stress_weights,60,120,diffuse,broad_normal,logistic,1.0,0.4,iid,0.15,static,complete,none,0.0,317891,DIFFUSE_ASYNCHRONOUS,0.7291786373497183,4.957983193277311,6.35103012983596,8.881784197001252e-16,6.35103012983596,0.07172112877822914,1.0,0.05083908399929681,0.07172112877822914,1.0,0.005546436008096554,1.2383776368697235e-15,1.0,-0.035563423528101365,4.0943445622221,4.787491742782046,1.0,5.0,4.9299086245018975
calibration-stress_weights-41,stress_weights,60,120,diffuse,broad_normal,logistic,1.0,0.4,iid,0.15,static,complete,none,0.0,325941,DIFFUSE_ASYNCHRONOUS,0.9744733645797716,4.873949579831933,6.006282594035095,8.881784197001252e-16,6.006282594035095,0.09465746137727292,1.0,0.04261894112068653,0.1408029737986935,1.0,0.060555896017018385,9.383078806224726e-16,0.6722689075630252,-0.08953911425383472,4.0943445622221,4.787491742782046,1.0,5.0,4.926349277647535
calibration-stress_weights-42,stress_weights,60,120,two_cluster,two_normal_mix,logistic,1.0,0.4,iid,0.15,static,complete,none,0.0,333598,CLUSTERED,1.2340362096282322,5.630252100840337,4.5658251573446575,1.7763568394002505e-15,4.5658251573446575,0.11985391804585652,2.0,0.04017800273592577,0.15172996007932898,1.0,0.05364844247102377,1.4821016019856858e-15,0.7899159663865547,0.0789051172498179,4.0943445622221,4.787491742782046,1.0,5.0,4.92328263318517
calibration-stress_weights-43,stress_weights,60,120,two_cluster,two_normal_mix,logistic,1.0,0.4,iid,0.15,static,complete,none,0.0,341648,CLUSTERED,1.35290220215074,5.714285714285714,4.4028688763096655,8.881784197001252e-16,4.4028688763096655,0.13528164831682515,2.0,0.03818774503307863,0.14373675133662672,1.0,0.1561204892880984,6.565402112931391e-16,0.9411764705882353,0.11437092016023835,4.0943445622221,4.787491742782046,1.0,5.0,4.885660707059534
calibration-stress_weights-44,stress_weights,60,120,two_cluster,two_normal_mix,logistic,1.0,0.4,iid,0.15,static,complete,none,0.0,349698,CLUSTERED,1.3377335648531026,4.453781512605042,4.510116822091164,8.881784197001252e-16,4.510116822091164,0.13086329898938598,2.0,0.04315363615123288,0.18762328409321602,1.0,0.1659451546255913,6.78707037465228e-16,0.6974789915966387,-0.13220073898394444,4.0943445622221,4.787491742782046,1.0,5.0,4.841135148961056
calibration-stress_weights-45,stress_weights,60,120,synchronous,degenerate,logistic,1.0,0.4,iid,0.15,timing_corr,complete,none,0.0,357355,SYNCHRONOUS,8.221344566761548e-07,4.957983193277311,7.768816345505263,8.881784197001252e-16,7.768816345505263,0.01459475149963114,1.0,0.14710103682308903,0.029436871668747547,1.0,0.19993407774015517,6.0856015240997605e-15,0.4957983193277312,-0.004359859787910797,4.0943445622221,4.787491742782046,1.0,5.0,4.915349938999692
calibration-stress_weights-46,stress_weights,60,120,synchronous,degenerate,logistic,1.0,0.4,iid,0.15,timing_corr,complete,none,0.0,365405,SYNCHRONOUS,9.41475516228472e-07,5.04201680672269,8.141971781051849,1.7763568394002505e-15,8.141971781051849,0.013090556241510277,1.0,0.1586830535033895,0.03461724872754939,1.0,0.09875179656774981,1.356975827938775e-14,0.3781512605042018,0.0011478329389678613,4.0943445622221,4.787491742782046,1.0,5.0,4.894350441611902
calibration-stress_weights-47,stress_weights,60,120,synchronous,degenerate,logistic,1.0,0.4,iid,0.15,timing_corr,complete,none,0.0,373455,SYNCHRONOUS,1.2046513245162055e-06,5.126050420168068,7.517518663424285,1.7763568394002505e-15,7.517518663424285,0.016943884744914966,1.0,0.12275368625595993,0.02880460406635544,1.0,0.1260193908504257,1.04837637067459e-14,0.5882352941176471,0.001891268555357091,4.0943445622221,4.787491742782046,1.0,5.0,4.8854440115030116
calibration-stress_weights-48,stress_weights,60,120,diffuse,broad_normal,logistic,1.0,0.4,iid,0.15,timing_corr,complete,none,0.0,381112,DIFFUSE_ASYNCHRONOUS,1.0098943802352904,4.033613445378151,5.840662921311626,8.881784197001252e-16,5.840662921311626,0.101833249724232,1.0,0.05094262856759404,0.11880545801160398,1.0,0.7748078524327932,8.721890169520696e-16,0.8571428571428573,-0.3707665590441002,4.0943445622221,4.787491742782046,1.0,5.0,4.870739375025591
calibration-stress_weights-49,stress_weights,60,120,diffuse,broad_normal,logistic,1.0,0.4,iid,0.15,timing_corr,complete,none,0.0,389162,DIFFUSE_ASYNCHRONOUS,0.8469102785816168,4.2857142857142865,6.545512478145617,8.881784197001252e-16,6.545512478145617,0.08580074729689974,1.0,0.03704148671863142,0.11472234750933785,1.0,0.8401834110290005,1.0351639673098955e-15,0.7478991596638656,-0.283743998484728,4.0943445622221,4.787491742782046,1.0,5.0,4.880133706003969
calibration-stress_weights-50,stress_weights,60,120,diffuse,broad_normal,logistic,1.0,0.4,iid,0.15,timing_corr,complete,none,0.0,397212,DIFFUSE_ASYNCHRONOUS,0.9749263351830024,4.2857142857142865,4.9734947207836075,8.881784197001252e-16,4.9734947207836075,0.09627983154119207,1.0,0.034259605292568406,0.10229732101251658,1.0,0.7499628065759595,9.224968568003047e-16,0.9411764705882353,-0.42298513017391925,4.0943445622221,4.787491742782046,1.0,5.0,4.878104842914466
calibration-stress_weights-51,stress_weights,60,120,two_cluster,two_normal_mix,logistic,1.0,0.4,iid,0.15,timing_corr,complete,none,0.0,404869,CLUSTERED,1.3423228640002471,3.781512605042017,6.4762280121700435,8.881784197001252e-16,6.4762280121700435,0.13210743016993856,2.0,0.037217252835458896,0.2495362569876617,1.0,0.9382880261168488,6.723152653545697e-16,0.5294117647058825,-0.4709074210986661,4.0943445622221,4.787491742782046,1.0,5.0,4.959771963899604
calibration-stress_weights-52,stress_weights,60,120,two_cluster,two_normal_mix,logistic,1.0,0.4,iid,0.15,timing_corr,complete,none,0.0,412919,CLUSTERED,1.278783037864061,3.8655462184873954,6.345545814611795,8.881784197001252e-16,6.345545814611795,0.12088214117745344,2.0,0.03936757375528058,0.13319421111219407,1.0,0.9566122761218853,7.347474250942417e-16,0.907563025210084,-0.3979381870183204,4.0943445622221,4.787491742782046,1.0,5.0,4.840962343121114
calibration-stress_weights-53,stress_weights,60,120,two_cluster,two_normal_mix,logistic,1.0,0.4,iid,0.15,timing_corr,complete,none,0.0,420969,CLUSTERED,1.340234325588522,3.697478991596639,6.37964015322733,8.881784197001252e-16,6.37964015322733,0.13131691797821243,2.0,0.03507876466157609,0.4112292957738757,1.0,0.9464388105584326,6.763625231042113e-16,0.31932773109243706,-0.4942264451936077,4.0943445622221,4.787491742782046,1.0,5.0,5.0465426724452325
calibration-stress_weights-54,stress_weights,60,120,synchronous,degenerate,logistic,1.0,0.4,iid,0.15,timevarying,complete,none,0.0,428626,SYNCHRONOUS,9.546250689404368e-07,5.04201680672269,7.87268661319303,1.3322676295501878e-15,7.87268661319303,0.017255333946355027,1.0,0.12918170907100002,0.055496884854493195,1.0,0.020491744951556833,7.720903192555208e-15,0.31092436974789917,-0.006646568730255978,4.0943445622221,4.787491742782046,1.0,5.0,4.952175424473954
calibration-stress_weights-55,stress_weights,60,120,synchronous,degenerate,logistic,1.0,0.4,iid,0.15,timevarying,complete,none,0.0,436676,SYNCHRONOUS,8.796906754989158e-07,5.126050420168068,7.995870135746487,1.3322676295501878e-15,7.995870135746487,0.015143547303311005,1.0,0.12618323109070456,0.13862170223800066,1.0,0.07489782010357354,8.79759281538282e-15,0.10924369747899165,0.006212842568337472,4.0943445622221,4.787491742782046,1.0,5.0,4.967457342013666
calibration-stress_weights-56,stress_weights,60,120,synchronous,degenerate,logistic,1.0,0.4,iid,0.15,timevarying,complete,none,0.0,444726,SYNCHRONOUS,8.563689363807813e-07,4.957983193277311,7.92885241701555,1.7763568394002505e-15,7.92885241701555,0.013844309345526034,1.0,0.16602915337628227,0.02320384242419152,1.0,0.08402418053234917,1.283095310185555e-14,0.5966386554621849,0.0013272528607218663,4.0943445622221,4.787491742782046,1.0,5.0,5.003296186342499
calibration-stress_weights-57,stress_weights,60,120,diffuse,broad_normal,logistic,1.0,0.4,iid,0.15,timevarying,complete,none,0.0,452383,DIFFUSE_ASYNCHRONOUS,0.8664452576214299,4.957983193277311,5.970562666204949,8.881784197001252e-16,5.970562666204949,0.08251427631179517,1.0,0.047939841223510485,0.10673042262069159,1.0,0.28232371152949487,1.076393636834409e-15,0.773109243697479,-0.049726933723303855,4.0943445622221,4.787491742782046,1.0,5.0,4.926898327760599
calibration-stress_weights-58,stress_weights,60,120,diffuse,broad_normal,logistic,1.0,0.4,iid,0.15,timevarying,complete,none,0.0,460433,DIFFUSE_ASYNCHRONOUS,0.9144231951688009,4.957983193277311,6.0852651893086716,1.7763568394002505e-15,6.0852651893086716,0.09156451007980879,1.0,0.057869352942908965,0.11118547652548208,1.0,0.0814739525675282,1.9400058361607083e-15,0.823529411764706,-0.001528181573799585,4.0943445622221,4.787491742782046,1.0,5.0,4.928548365666995
calibration-stress_weights-59,stress_weights,60,120,diffuse,broad_normal,logistic,1.0,0.4,iid,0.15,timevarying,complete,none,0.0,468483,DIFFUSE_ASYNCHRONOUS,0.8751199739898469,4.873949579831933,6.087987377780643,8.881784197001252e-16,6.087987377780643,0.08808577434215235,1.0,0.04857782189846494,0.14974581638165899,1.0,0.15556688286922374,1.008310849661338e-15,0.5882352941176471,-0.03807733852379245,4.0943445622221,4.787491742782046,1.0,5.0,4.850772294471325
calibration-stress_weights-60,stress_weights,60,120,two_cluster,two_normal_mix,logistic,1.0,0.4,iid,0.15,timevarying,complete,none,0.0,476140,CLUSTERED,1.2958139209583455,4.2857142857142865,4.556227260162666,1.7763568394002505e-15,4.556227260162666,0.12695373496631515,2.0,0.03743508199946034,0.30214988921983005,1.0,0.025923321750660182,1.3992158953587103e-15,0.42016806722689076,-0.07164713175596331,4.0943445622221,4.787491742782046,1.0,5.0,4.843874841877051
calibration-stress_weights-61,stress_weights,60,120,two_cluster,two_normal_mix,logistic,1.0,0.4,iid,0.15,timevarying,complete,none,0.0,484190,CLUSTERED,1.314087156823218,4.621848739495799,4.38521886079972,8.881784197001252e-16,4.38521886079972,0.12479384564700484,2.0,0.049885145790790106,0.18798060293662755,1.0,0.062386407294328594,7.117165234353384e-16,0.6638655462184874,-0.053987317499456094,4.0943445622221,4.787491742782046,1.0,5.0,4.946589672377658
calibration-stress_weights-62,stress_weights,60,120,two_cluster,two_normal_mix,logistic,1.0,0.4,iid,0.15,timevarying,complete,none,0.0,492240,CLUSTERED,1.3686306132168502,5.294117647058824,4.281528302547469,8.881784197001252e-16,4.281528302547469,0.13318731264644673,2.0,0.04508193162384604,0.2085432921700942,1.0,0.04236980434266577,6.668641344674063e-16,0.638655462184874,0.006416250858838707,4.0943445622221,4.787491742782046,1.0,5.0,4.89616644638857
calibration-stress_missing-63,stress_missing,60,120,synchronous,degenerate,logistic,1.0,0.4,iid,0.15,equal,mcar,none,0.0,499897,SYNCHRONOUS,9.872721519844284e-07,5.126050420168068,7.728117613424889,1.3322676295501878e-15,7.728117613424889,0.017118375627994245,1.0,0.1253751324381134,0.13580577998208768,1.0,0.0,7.782675520751435e-15,0.12605042016806722,0.0070836423378949,4.0943445622221,4.787491742782046,1.0,5.0,3.296389677752776
calibration-stress_missing-64,stress_missing,60,120,synchronous,degenerate,logistic,1.0,0.4,iid,0.15,equal,mcar,none,0.0,507947,SYNCHRONOUS,8.818751886779386e-07,4.957983193277311,7.81306561443522,8.881784197001252e-16,7.81306561443522,0.02081658460994568,1.0,0.127649617124742,0.14571609226961973,1.0,0.0,4.266686569110738e-15,0.14285714285714288,-0.007090798076468367,4.0943445622221,4.787491742782046,1.0,5.0,3.206375668618875
calibration-stress_missing-65,stress_missing,60,120,synchronous,degenerate,logistic,1.0,0.4,iid,0.15,equal,mcar,none,0.0,515997,SYNCHRONOUS,8.508779285375009e-07,5.04201680672269,7.807235714971429,8.881784197001252e-16,7.807235714971429,0.01654499760527924,1.0,0.12716640562934733,0.11581498323695472,1.0,0.0,5.3682595844965374e-15,0.1428571428571428,-0.0015907014853870144,4.0943445622221,4.787491742782046,1.0,5.0,3.292435016371299
calibration-stress_missing-66,stress_missing,60,120,diffuse,broad_normal,logistic,1.0,0.4,iid,0.15,equal,mcar,none,0.0,523654,DIFFUSE_ASYNCHRONOUS,0.9464181300341834,5.04201680672269,5.819750266114951,8.881784197001252e-16,5.819750266114951,0.09910742582631253,1.0,0.03260097775357991,0.15518136412277883,1.0,0.0,8.961774683328706e-16,0.638655462184874,0.011825395037143596,4.0943445622221,4.787491742782046,1.0,5.0,3.271536718531042
calibration-stress_missing-67,stress_missing,60,120,diffuse,broad_normal,logistic,1.0,0.4,iid,0.15,equal,mcar,none,0.0,531704,DIFFUSE_ASYNCHRONOUS,0.8792587612713827,4.957983193277311,5.735285795527603,8.881784197001252e-16,5.735285795527603,0.09093465547411012,1.0,0.033619030684537345,0.4007860741266335,1.0,0.0,9.76721597579481e-16,0.226890756302521,-0.035718402175958945,4.0943445622221,4.787491742782046,1.0,5.0,3.3521753475757317
calibration-stress_missing-68,stress_missing,60,120,diffuse,broad_normal,logistic,1.0,0.4,iid,0.15,equal,mcar,none,0.0,539754,DIFFUSE_ASYNCHRONOUS,0.963316050926025,5.126050420168068,5.739769665199476,8.881784197001252e-16,5.739769665199476,0.10256997804923991,1.0,0.03720110447846643,0.2000955309485172,1.0,0.0,8.65924353882327e-16,0.5126050420168067,0.014018594727347995,4.0943445622221,4.787491742782046,1.0,5.0,3.2961026715875446
calibration-stress_missing-69,stress_missing,60,120,two_cluster,two_normal_mix,logistic,1.0,0.4,iid,0.15,equal,mcar,none,0.0,547411,CLUSTERED,1.2175370191286048,4.789915966386555,4.6394382555935305,8.881784197001252e-16,4.6394382555935305,0.11918257303756692,2.0,0.03498088366634736,0.1630198412812697,1.0,0.0,7.452250753305746e-16,0.7310924369747899,-0.018841690588928078,4.0943445622221,4.787491742782046,1.0,5.0,3.3289176530528994
calibration-stress_missing-70,stress_missing,60,120,two_cluster,two_normal_mix,logistic,1.0,0.4,iid,0.15,equal,mcar,none,0.0,555461,CLUSTERED,1.3516009589819227,5.630252100840337,4.809999327503623,8.881784197001252e-16,4.809999327503623,0.1336133719735072,2.0,0.04429951924292656,0.18068171891871992,1.0,0.0,6.647376730199076e-16,0.7394957983193279,0.16016888870158322,4.0943445622221,4.787491742782046,1.0,5.0,3.383222209531989
calibration-stress_missing-71,stress_missing,60,120,two_cluster,two_normal_mix,logistic,1.0,0.4,iid,0.15,equal,mcar,none,0.0,563511,CLUSTERED,1.2591928196086597,5.04201680672269,4.576869047123927,8.881784197001252e-16,4.576869047123927,0.12675990804879494,2.0,0.03376260036700854,0.14366122912196758,1.0,0.0,7.006777090420656e-16,0.8823529411764707,0.031126189274792864,4.0943445622221,4.787491742782046,1.0,5.0,3.3254653431046117
calibration-stress_missing-72,stress_missing,60,120,synchronous,degenerate,logistic,1.0,0.4,iid,0.15,equal,dropout,none,0.0,571168,SYNCHRONOUS,9.59531225245129e-07,5.04201680672269,7.799107368516487,8.881784197001252e-16,7.799107368516487,0.10372649626470624,1.0,0.12409045611900077,0.12221240649009944,0.9166666666666666,0.8808277217654529,8.56269566296278e-16,0.8487394957983193,-0.0020928295863173493,4.0943445622221,4.787491742782046,1.0,5.0,4.860881105620477
calibration-stress_missing-73,stress_missing,60,120,synchronous,degenerate,logistic,1.0,0.4,iid,0.15,equal,dropout,none,0.0,579218,SYNCHRONOUS,8.478790703079559e-07,5.04201680672269,8.292680485016902,1.7763568394002505e-15,8.292680485016902,0.0915091153641476,1.0,0.1295416515808976,0.7778274805952544,0.85,0.8369212440469859,1.9411802117543037e-15,0.11764705882352944,-0.0009641388492925621,4.0943445622221,4.787491742782046,1.0,5.0,4.905101877776237
calibration-stress_missing-74,stress_missing,60,120,synchronous,degenerate,logistic,1.0,0.4,iid,0.15,equal,dropout,none,0.0,587268,SYNCHRONOUS,8.596810413114939e-07,5.04201680672269,7.983180335529238,1.7763568394002505e-15,7.983180335529238,0.10560261239709079,1.0,0.12304017910599038,0.20601165369268531,0.8666666666666667,0.8868871190263058,1.682114484744685e-15,0.5126050420168067,-0.0035119781930933935,4.0943445622221,4.787491742782046,1.0,5.0,4.81248086059742
calibration-stress_missing-75,stress_missing,60,120,diffuse,broad_normal,logistic,1.0,0.4,iid,0.15,equal,dropout,none,0.0,594925,DIFFUSE_ASYNCHRONOUS,0.6925616548643,5.126050420168068,6.529529084288386,8.881784197001252e-16,6.529529084288386,0.09352921881520974,1.0,0.045550459185375876,0.09594807792249964,0.8666666666666667,0.6345393947378923,9.49626684528332e-16,0.9747899159663866,0.046059906829804785,4.0943445622221,4.787491742782046,1.0,5.0,4.800046827390119
calibration-stress_missing-76,stress_missing,60,120,diffuse,broad_normal,logistic,1.0,0.4,iid,0.15,equal,dropout,none,0.0,602975,DIFFUSE_ASYNCHRONOUS,0.8828041550534886,4.789915966386555,6.154293116794232,8.881784197001252e-16,6.154293116794232,0.1425791632800195,1.0,0.03668833851870599,0.15710111509557703,0.8166666666666667,0.7191243239656575,6.229370402151821e-16,0.907563025210084,-0.08036551337171556,4.0943445622221,4.787491742782046,1.0,5.0,4.768965202443936
calibration-stress_missing-77,stress_missing,60,120,diffuse,broad_normal,logistic,1.0,0.4,iid,0.15,equal,dropout,none,0.0,611025,DIFFUSE_ASYNCHRONOUS,0.8045346592283977,5.2100840336134455,6.019070918546394,8.881784197001252e-16,6.019070918546394,0.1381222239415419,1.0,0.03923898108778025,0.17301625946361562,0.8666666666666667,0.7615446787365611,6.430380241169829e-16,0.7983193277310925,0.06401321745238316,4.0943445622221,4.787491742782046,1.0,5.0,4.780003384670075
calibration-stress_missing-78,stress_missing,60,120,two_cluster,two_normal_mix,logistic,1.0,0.4,iid,0.15,equal,dropout,none,0.0,618682,CLUSTERED,1.2471657758808674,5.46218487394958,4.820515724029246,1.7763568394002505e-15,4.820515724029246,0.17307042932362898,2.0,0.0384393090577032,0.24813712156038373,0.8166666666666667,0.6947851584461765,1.026378016361532e-15,0.6974789915966386,0.11332122561361935,4.0943445622221,4.787491742782046,1.0,5.0,4.75085277114995
calibration-stress_missing-79,stress_missing,60,120,two_cluster,two_normal_mix,logistic,1.0,0.4,iid,0.15,equal,dropout,none,0.0,626732,CLUSTERED,1.3608136649973297,5.294117647058824,4.403582649088483,1.7763568394002505e-15,4.403582649088483,0.16361876602976075,2.0,0.05225928181309045,0.37443525302964475,0.85,0.502025621811171,1.0856681556180099e-15,0.43697478991596644,-0.026521889421790467,4.0943445622221,4.787491742782046,1.0,5.0,4.761447153392227
calibration-stress_missing-80,stress_missing,60,120,two_cluster,two_normal_mix,logistic,1.0,0.4,iid,0.15,equal,dropout,none,0.0,634782,CLUSTERED,1.267132153735026,5.546218487394959,4.509696158070356,1.7763568394002505e-15,4.509696158070356,0.17657121091966754,2.0,0.03782377380439304,0.22839102282000473,0.8,0.635923072529361,1.0060285763166782e-15,0.7731092436974791,0.02313590283375654,4.0943445622221,4.787491742782046,1.0,5.0,4.662057704867018
calibration-stress_missing-81,stress_missing,60,120,synchronous,degenerate,logistic,1.0,0.4,iid,0.15,equal,late_entry,none,0.0,642439,SYNCHRONOUS,1.0715405655572322e-06,5.04201680672269,7.948726007497204,1.7763568394002505e-15,7.948726007497204,0.03456717692543203,1.0,0.09860854409032248,0.03672762548327153,0.85,0.8467332530079029,5.138854246709791e-15,0.9411764705882353,0.00240358127162014,4.0943445622221,4.787491742782046,1.0,5.0,4.866906486104382
calibration-stress_missing-82,stress_missing,60,120,synchronous,degenerate,logistic,1.0,0.4,iid,0.15,equal,late_entry,none,0.0,650489,SYNCHRONOUS,1.037172522066564e-06,5.04201680672269,7.9187814025500805,8.881784197001252e-16,7.9187814025500805,0.02996380683630409,1.0,0.1422003501187707,0.051676710340872276,0.8833333333333333,0.7870901410917807,2.9641708229943934e-15,0.5798319327731092,-0.007528414124530242,4.0943445622221,4.787491742782046,1.0,5.0,4.756534644461661
calibration-stress_missing-83,stress_missing,60,120,synchronous,degenerate,logistic,1.0,0.4,iid,0.15,equal,late_entry,none,0.0,658539,SYNCHRONOUS,8.129431683532727e-07,5.126050420168068,7.691966389947936,8.881784197001252e-16,7.691966389947936,0.027975817984289386,1.0,0.10483824586226012,0.04380424131750575,0.9,0.7042571809978246,3.1748076864058346e-15,0.6386554621848739,0.0034839413924841424,4.0943445622221,4.787491742782046,1.0,5.0,4.734866712905239
calibration-stress_missing-84,stress_missing,60,120,diffuse,broad_normal,logistic,1.0,0.4,iid,0.15,equal,late_entry,none,0.0,666196,DIFFUSE_ASYNCHRONOUS,0.8210841782549684,4.957983193277311,6.053693962028,1.7763568394002505e-15,6.053693962028,0.10417758222590774,1.0,0.054194447866772105,0.11806792652269543,0.9,0.4885878023562348,1.7051238869685453e-15,0.8823529411764707,-0.011791094064591315,4.0943445622221,4.787491742782046,1.0,5.0,4.726556465692381
calibration-stress_missing-85,stress_missing,60,120,diffuse,broad_normal,logistic,1.0,0.4,iid,0.15,equal,late_entry,none,0.0,674246,DIFFUSE_ASYNCHRONOUS,0.9328511726322953,5.126050420168068,5.666566932735052,8.881784197001252e-16,5.666566932735052,0.09828660264434057,1.0,0.03768997758129996,0.10537032175384259,0.8833333333333333,0.504311828291603,9.03661735988661e-16,0.9327731092436975,0.015508872844513147,4.0943445622221,4.787491742782046,1.0,5.0,4.768653019717615
calibration-stress_missing-86,stress_missing,60,120,diffuse,broad_normal,logistic,1.0,0.4,iid,0.15,equal,late_entry,none,0.0,682296,DIFFUSE_ASYNCHRONOUS,0.8714934249155649,5.294117647058824,5.941732791606218,1.3322676295501878e-15,5.941732791606218,0.11665338328648618,1.0,0.04775580713083726,0.1542416956787984,0.9333333333333333,0.5217189020087345,1.1420737161804425e-15,0.7563025210084034,0.0730424652077163,4.0943445622221,4.787491742782046,1.0,5.0,4.838286855510292
calibration-stress_missing-87,stress_missing,60,120,two_cluster,two_normal_mix,logistic,1.0,0.4,iid,0.15,equal,late_entry,none,0.0,689953,CLUSTERED,1.3259407060483404,5.04201680672269,4.389920307428479,1.3322676295501878e-15,4.389920307428479,0.13246449436101093,2.0,0.04460145220800201,0.16949757880602473,0.8333333333333334,0.3038781202435335,1.005754512540775e-15,0.7815126050420169,-0.019557761568090335,4.0943445622221,4.787491742782046,1.0,5.0,4.704328837765576
calibration-stress_missing-88,stress_missing,60,120,two_cluster,two_normal_mix,logistic,1.0,0.4,iid,0.15,equal,late_entry,none,0.0,698003,CLUSTERED,1.3173504654513404,5.04201680672269,4.370735274555336,8.881784197001252e-16,4.370735274555336,0.13853933682306355,2.0,0.04188321732150255,0.20353309977709333,0.9,0.3747642617253461,6.411019715176407e-16,0.680672268907563,-0.018707016389415677,4.0943445622221,4.787491742782046,1.0,5.0,4.76843793279618
calibration-stress_missing-89,stress_missing,60,120,two_cluster,two_normal_mix,logistic,1.0,0.4,iid,0.15,equal,late_entry,none,0.0,706053,CLUSTERED,1.3202007967061178,5.714285714285714,4.732747829575609,8.881784197001252e-16,4.732747829575609,0.13960958258624742,2.0,0.04636003175765538,0.15822419359774706,0.8333333333333334,0.38476895694418506,6.361872897595909e-16,0.8823529411764707,0.14537111055259136,4.0943445622221,4.787491742782046,1.0,5.0,4.68193944255345
calibration-stress_missing-90,stress_missing,60,120,synchronous,degenerate,logistic,1.0,0.4,iid,0.15,equal,informative,none,0.0,713710,SYNCHRONOUS,1.0329403551593087e-06,5.04201680672269,7.803316744817614,1.3322676295501878e-15,7.803316744817614,0.022864333328273513,1.0,0.11748734301136471,0.10077243207646475,0.0,0.46600310831465375,5.826837854496881e-15,0.226890756302521,0.00015965141294091293,4.0943445622221,4.787491742782046,1.0,5.0,1.4013013716629072
calibration-stress_missing-91,stress_missing,60,120,synchronous,degenerate,logistic,1.0,0.4,iid,0.15,equal,informative,none,0.0,721760,SYNCHRONOUS,7.781717046322604e-07,5.04201680672269,7.584588542663321,0.020961666032346934,7.584588542663321,0.028891965370515565,1.0,0.0920591914130116,0.0,0.0,0.5262222148000648,0.07236168896763293,1.0,-0.008684513147460432,4.0943445622221,4.787491742782046,1.0,5.0,1.328014188210349
calibration-stress_missing-92,stress_missing,60,120,synchronous,degenerate,logistic,1.0,0.4,iid,0.15,equal,informative,none,0.0,729810,SYNCHRONOUS,9.8435032707028e-07,5.04201680672269,7.847681426475946,0.020961666032346938,7.847681426475946,0.03242864050683318,1.0,0.09785573736605109,0.04895014887878315,0.0,0.550326325119075,0.06450474318079738,0.6638655462184874,0.0011315203872243685,4.0943445622221,4.787491742782046,1.0,5.0,1.3208175623586138
calibration-stress_missing-93,stress_missing,60,120,diffuse,broad_normal,logistic,1.0,0.4,iid,0.15,equal,informative,none,0.0,737467,DIFFUSE_ASYNCHRONOUS,0.8320872171640021,4.537815126050421,5.2234208513024845,0.020961666032346934,5.2234208513024845,0.08615574422033488,1.0,0.043907550692723334,0.7888898148914383,0.0,0.9414890651429616,0.02432277136380722,0.10924369747899161,-0.20197050140151687,4.0943445622221,4.787491742782046,1.0,5.0,1.4100875369813415
calibration-stress_missing-94,stress_missing,60,120,diffuse,broad_normal,logistic,1.0,0.4,iid,0.15,equal,informative,none,0.0,745517,DIFFUSE_ASYNCHRONOUS,0.8576361839132167,4.789915966386555,4.92489270898221,1.7763568394002505e-15,4.92489270898221,0.08688441697857367,1.0,0.039513910237618244,0.8616038017041889,0.0,0.9338449870875628,2.0445056791234645e-15,0.10084033613445378,-0.17389610048294638,4.0943445622221,4.787491742782046,1.0,5.0,1.3761884412920597
calibration-stress_missing-95,stress_missing,60,120,diffuse,broad_normal,logistic,1.0,0.4,iid,0.15,equal,informative,none,0.0,753567,DIFFUSE_ASYNCHRONOUS,0.8254687571911608,4.705882352941177,5.1508878959130495,0.020961666032346938,5.1508878959130495,0.09125496283599507,1.0,0.04877211060904786,0.5431102558412979,0.0,0.9384481392982053,0.022964381826902792,0.16806722689075632,-0.15367639240699787,4.0943445622221,4.787491742782046,1.0,5.0,1.3923839569329344
calibration-stress_missing-96,stress_missing,60,120,two_cluster,two_normal_mix,logistic,1.0,0.4,iid,0.15,equal,informative,none,0.0,761224,CLUSTERED,1.2860625507194086,3.8655462184873954,4.697032252147043,0.020961666032346938,4.697032252147043,0.13041577319402137,2.0,0.034378740904456494,2.217354504298405,0.016666666666666666,0.9706209525158752,0.016070877338698275,0.05882352941176472,-0.4020146159897651,4.0943445622221,4.787491742782046,1.0,5.0,1.5040913268063205
calibration-stress_missing-97,stress_missing,60,120,two_cluster,two_normal_mix,logistic,1.0,0.4,iid,0.15,equal,informative,none,0.0,769274,CLUSTERED,1.3172196557516662,3.697478991596639,5.282590073815696,0.020961666032346938,5.282590073815696,0.13461671675121717,2.0,0.03301302456367541,0.5721904023801551,0.016666666666666666,0.9796195822216193,0.015569481813553089,0.23529411764705882,-0.3903605195755072,4.0943445622221,4.787491742782046,1.0,5.0,1.469670322892944
calibration-stress_missing-98,stress_missing,60,120,two_cluster,two_normal_mix,logistic,1.0,0.4,iid,0.15,equal,informative,none,0.0,777324,CLUSTERED,1.3131850422474465,3.613445378151261,4.943082758568164,1.7763568394002505e-15,4.943082758568164,0.1306577821386608,2.0,0.03967653527580376,0.8183303197105596,0.03333333333333333,0.9768724058429684,1.3595492058139245e-15,0.15966386554621853,-0.45015856540546795,4.0943445622221,4.787491742782046,1.0,5.0,1.4868497839722237
calibration-stress_hetero-99,stress_hetero,60,120,synchronous,degenerate,logistic,1.0,0.4,iid,0.15,equal,complete,none,0.0,784981,SYNCHRONOUS,9.044859286082846e-07,5.04201680672269,7.695475778916149,1.7763568394002505e-15,7.695475778916149,0.01612713322097991,1.0,0.13961405968773954,0.03690632410185787,1.0,0.0,1.101470927944822e-14,0.43697478991596644,0.0036591892964099675,4.0943445622221,4.787491742782046,1.0,5.0,4.624341664977839
calibration-stress_hetero-100,stress_hetero,60,120,synchronous,degenerate,logistic,1.0,0.4,iid,0.15,equal,complete,none,0.0,793031,SYNCHRONOUS,9.041697577404165e-07,5.04201680672269,7.888807832588802,1.7763568394002505e-15,7.888807832588802,0.015906689716548395,1.0,0.13250202866964989,0.029121478096450135,1.0,0.0,1.1167357074628999e-14,0.546218487394958,-0.0011980645466709394,4.0943445622221,4.787491742782046,1.0,5.0,5.004992566613099
calibration-stress_hetero-101,stress_hetero,60,120,synchronous,degenerate,logistic,1.0,0.4,iid,0.15,equal,complete,none,0.0,801081,SYNCHRONOUS,9.77381839283159e-07,5.04201680672269,8.102637151949892,8.881784197001252e-16,8.102637151949892,0.015221067888199585,1.0,0.14914381917246675,0.09056535393478753,1.0,0.0,5.835191237723222e-15,0.16806722689075632,0.001670600848561908,4.0943445622221,4.787491742782046,1.0,5.0,5.2015338814525345
calibration-stress_hetero-102,stress_hetero,60,120,diffuse,broad_normal,logistic,1.0,0.4,iid,0.15,equal,complete,none,0.0,808738,DIFFUSE_ASYNCHRONOUS,0.920908811424962,5.126050420168068,5.852084178603788,8.881784197001252e-16,5.852084178603788,0.09475191028752185,1.0,0.038714105907739466,0.19110978515618812,1.0,0.0,9.373725732863583e-16,0.4957983193277311,-0.025386137099647894,4.0943445622221,4.787491742782046,1.0,5.0,4.882462919737106
calibration-stress_hetero-103,stress_hetero,60,120,diffuse,broad_normal,logistic,1.0,0.4,iid,0.15,equal,complete,none,0.0,816788,DIFFUSE_ASYNCHRONOUS,0.7876228141608514,4.873949579831933,6.335908842033641,8.881784197001252e-16,6.335908842033641,0.0778009628692366,1.0,0.04410979547404108,0.13039879692167824,1.0,0.0,1.141603377316711e-15,0.5966386554621849,-0.06219872221567102,4.0943445622221,4.787491742782046,1.0,5.0,4.902471150153575
calibration-stress_hetero-104,stress_hetero,60,120,diffuse,broad_normal,logistic,1.0,0.4,iid,0.15,equal,complete,none,0.0,824838,DIFFUSE_ASYNCHRONOUS,0.9843641923557862,5.126050420168068,5.840932159617196,1.3322676295501878e-15,5.840932159617196,0.09715275506164303,1.0,0.038141948005419944,0.10704794307718073,1.0,0.0,1.3713122481239667e-15,0.9075630252100841,0.07780782519101521,4.0943445622221,4.787491742782046,1.0,5.0,4.867672255190064
calibration-stress_hetero-105,stress_hetero,60,120,two_cluster,two_normal_mix,logistic,1.0,0.4,iid,0.15,equal,complete,none,0.0,832495,CLUSTERED,1.3047139086019113,5.04201680672269,4.525472690535462,8.881784197001252e-16,4.525472690535462,0.12907019263270142,2.0,0.03969988162380845,0.1476860858008795,1.0,0.0,6.881359681763541e-16,0.8739495798319329,0.010097421646407423,4.0943445622221,4.787491742782046,1.0,5.0,4.946415945755797
calibration-stress_hetero-106,stress_hetero,60,120,two_cluster,two_normal_mix,logistic,1.0,0.4,iid,0.15,equal,complete,none,0.0,840545,CLUSTERED,1.316637342694015,4.453781512605042,4.693167805728949,8.881784197001252e-16,4.693167805728949,0.12858904879169286,2.0,0.04991429134782752,0.21252912230849239,1.0,0.0,6.907107782863571e-16,0.6050420168067226,-0.08032776587576573,4.0943445622221,4.787491742782046,1.0,5.0,4.900587623261343
calibration-stress_hetero-107,stress_hetero,60,120,two_cluster,two_normal_mix,logistic,1.0,0.4,iid,0.15,equal,complete,none,0.0,848595,CLUSTERED,1.2192802791000679,5.630252100840337,4.869319282657339,8.881784197001252e-16,4.869319282657339,0.12057668540581482,2.0,0.05181585206304975,0.23522336989003212,1.0,0.0,7.366087537660019e-16,0.5126050420168069,0.10701821965005973,4.0943445622221,4.787491742782046,1.0,5.0,5.110524374915759
calibration-stress_hetero-108,stress_hetero,60,120,synchronous,degenerate,logistic,1.0,0.4,iid,0.15,equal,complete,none,0.0,856252,SYNCHRONOUS,9.658924494496097e-07,5.04201680672269,8.059903149023041,8.881784197001252e-16,8.059903149023041,0.013890281533016741,1.0,0.16599397871089633,0.12714950018684548,1.0,0.0,6.394243468636359e-15,0.10924369747899165,0.0021068976409273402,4.0943445622221,4.787491742782046,1.0,5.0,4.9682079467640445
calibration-stress_hetero-109,stress_hetero,60,120,synchronous,degenerate,logistic,1.0,0.4,iid,0.15,equal,complete,none,0.0,864302,SYNCHRONOUS,9.247241296752286e-07,5.04201680672269,7.890246399386718,1.7763568394002505e-15,7.890246399386718,0.014085904245475275,1.0,0.1583783672922333,0.07982012405769323,1.0,0.0,1.2610882542175864e-14,0.1764705882352941,0.005348475711545703,4.0943445622221,4.787491742782046,1.0,5.0,4.911722075057632
calibration-stress_hetero-110,stress_hetero,60,120,synchronous,degenerate,logistic,1.0,0.4,iid,0.15,equal,complete,none,0.0,872352,SYNCHRONOUS,9.57933383914763e-07,5.04201680672269,7.7811482486808,1.3322676295501878e-15,7.7811482486808,0.017540024878939242,1.0,0.14775645517108135,0.11595905336632055,1.0,0.0,7.595585746003563e-15,0.15126050420168066,-0.002953910088430827,4.0943445622221,4.787491742782046,1.0,5.0,4.880517587327056
calibration-stress_hetero-111,stress_hetero,60,120,diffuse,broad_normal,logistic,1.0,0.4,iid,0.15,equal,complete,none,0.0,880009,DIFFUSE_ASYNCHRONOUS,0.9789790714445017,5.04201680672269,5.561559187299588,1.7763568394002505e-15,5.561559187299588,0.09912959078068746,1.0,0.03872815768025779,0.2184522463500335,1.0,0.0,1.7919541737342895e-15,0.453781512605042,-0.026336331550343636,4.0943445622221,4.787491742782046,1.0,5.0,4.959188994814658
calibration-stress_hetero-112,stress_hetero,60,120,diffuse,broad_normal,logistic,1.0,0.4,iid,0.15,equal,complete,none,0.0,888059,DIFFUSE_ASYNCHRONOUS,0.8998469603841611,5.04201680672269,6.236893601839222,8.881784197001252e-16,6.236893601839222,0.08601070566817245,1.0,0.04532757380800037,0.48739399878631057,1.0,0.0,1.0326370569806734e-15,0.1764705882352941,0.013436877081445718,4.0943445622221,4.787491742782046,1.0,5.0,5.013527898931192
calibration-stress_hetero-113,stress_hetero,60,120,diffuse,broad_normal,logistic,1.0,0.4,iid,0.15,equal,complete,none,0.0,896109,DIFFUSE_ASYNCHRONOUS,0.9327006543801432,5.04201680672269,5.798384544701161,8.881784197001252e-16,5.798384544701161,0.08984776683560301,1.0,0.038487454984688044,0.09378845836348035,1.0,0.0,9.885370009532349e-16,0.9579831932773109,-0.005721521307193179,4.0943445622221,4.787491742782046,1.0,5.0,4.933508888799098
calibration-stress_hetero-114,stress_hetero,60,120,two_cluster,two_normal_mix,logistic,1.0,0.4,iid,0.15,equal,complete,none,0.0,903766,CLUSTERED,1.2831965321517267,4.705882352941177,4.357439440740503,1.3322676295501878e-15,4.357439440740503,0.1263522685282162,2.0,0.05643008964319007,0.2031881074980774,1.0,0.0,1.0544073684380854e-15,0.6218487394957984,-0.027622407011793724,4.0943445622221,4.787491742782046,1.0,5.0,4.87859000107774
calibration-stress_hetero-115,stress_hetero,60,120,two_cluster,two_normal_mix,logistic,1.0,0.4,iid,0.15,equal,complete,none,0.0,911816,CLUSTERED,1.3157222228290644,5.546218487394959,4.6166713468440665,8.881784197001252e-16,4.6166713468440665,0.12913013360633346,2.0,0.031182965358960958,0.1477546721072469,1.0,0.0,6.878165420379947e-16,0.8739495798319329,0.08886604694114544,4.0943445622221,4.787491742782046,1.0,5.0,4.890655667978123
calibration-stress_hetero-116,stress_hetero,60,120,two_cluster,two_normal_mix,logistic,1.0,0.4,iid,0.15,equal,complete,none,0.0,919866,CLUSTERED,1.3150927148448832,5.2100840336134455,4.539294879198159,8.881784197001252e-16,4.539294879198159,0.12475045511264671,2.0,0.036989151179783596,0.1953329494526968,1.0,0.0,7.119640717127013e-16,0.638655462184874,0.022756424980850166,4.0943445622221,4.787491742782046,1.0,5.0,4.971393231261674
calibration-stress_hetero-117,stress_hetero,60,120,synchronous,degenerate,logistic,1.0,0.4,iid,0.15,equal,complete,none,0.0,927523,SYNCHRONOUS,9.521497260633751e-07,5.04201680672269,8.054324210900242,1.7763568394002505e-15,8.054324210900242,0.015568283732874241,1.0,0.14548626815175722,0.09263128821060172,1.0,0.0,1.1410100624317801e-14,0.16806722689075632,0.0024940580131295846,4.0943445622221,4.787491742782046,1.0,5.0,4.8782071768697985
calibration-stress_hetero-118,stress_hetero,60,120,synchronous,degenerate,logistic,1.0,0.4,iid,0.15,equal,complete,none,0.0,935573,SYNCHRONOUS,9.699415371556637e-07,5.126050420168068,7.851251861768117,8.881784197001252e-16,7.851251861768117,0.015339811283017434,1.0,0.14033573223635668,0.11408984641744213,1.0,0.0,5.7900218152189356e-15,0.1344537815126051,0.00019281136324184926,4.0943445622221,4.787491742782046,1.0,5.0,4.9578077764726345
calibration-stress_hetero-119,stress_hetero,60,120,synchronous,degenerate,logistic,1.0,0.4,iid,0.15,equal,complete,none,0.0,943623,SYNCHRONOUS,9.036886584473382e-07,5.04201680672269,7.798458486202524,8.881784197001252e-16,7.798458486202524,0.01378253736710649,1.0,0.15025262240845014,0.10934146311237816,1.0,0.0,6.444230086543126e-15,0.12605042016806722,-0.002206033154122513,4.0943445622221,4.787491742782046,1.0,5.0,4.9010505517446115
calibration-stress_hetero-120,stress_hetero,60,120,diffuse,broad_normal,logistic,1.0,0.4,iid,0.15,equal,complete,none,0.0,951280,DIFFUSE_ASYNCHRONOUS,0.9076742392673867,5.126050420168068,6.13684630615639,1.7763568394002505e-15,6.13684630615639,0.0903172412006358,1.0,0.044561667519760075,0.1990324389421419,1.0,0.0,1.966797054234807e-15,0.453781512605042,0.0024599086766487377,4.0943445622221,4.787491742782046,1.0,5.0,4.969798810274959
calibration-stress_hetero-121,stress_hetero,60,120,diffuse,broad_normal,logistic,1.0,0.4,iid,0.15,equal,complete,none,0.0,959330,DIFFUSE_ASYNCHRONOUS,0.9003270150463162,5.04201680672269,5.781302056957574,6.661338147750939e-16,5.781302056957574,0.0916552977780207,1.0,0.04414603651849644,0.13140940283836702,1.0,0.0,7.267815728321548e-16,0.6974789915966387,-0.06655164830184972,4.0943445622221,4.787491742782046,1.0,5.0,4.885276255118341
calibration-stress_hetero-122,stress_hetero,60,120,diffuse,broad_normal,logistic,1.0,0.4,iid,0.15,equal,complete,none,0.0,967380,DIFFUSE_ASYNCHRONOUS,0.7953287030553443,5.126050420168068,6.356814211542191,8.881784197001252e-16,6.356814211542191,0.0785907743925082,1.0,0.0474741831200921,0.11267833918925874,1.0,0.0,1.1301306375532958e-15,0.6974789915966387,0.04470998764292104,4.0943445622221,4.787491742782046,1.0,5.0,4.931723418035215
calibration-stress_hetero-123,stress_hetero,60,120,two_cluster,two_normal_mix,logistic,1.0,0.4,iid,0.15,equal,complete,none,0.0,975037,CLUSTERED,1.3001991952427632,5.630252100840337,4.68148525602481,8.881784197001252e-16,4.68148525602481,0.12691085105014924,2.0,0.04253740475059186,0.1385540483941996,1.0,0.0,6.998443492819685e-16,0.9159663865546219,0.14354742060688935,4.0943445622221,4.787491742782046,1.0,5.0,4.916135504615704
calibration-stress_hetero-124,stress_hetero,60,120,two_cluster,two_normal_mix,logistic,1.0,0.4,iid,0.15,equal,complete,none,0.0,983087,CLUSTERED,1.2978740203834291,4.873949579831933,4.521255689371504,8.881784197001252e-16,4.521255689371504,0.12731269624328978,2.0,0.04909962304168622,0.17216148696535777,1.0,0.0,6.976353858713743e-16,0.7394957983193278,0.0016049247542246304,4.0943445622221,4.787491742782046,1.0,5.0,4.952557678714007
calibration-stress_hetero-125,stress_hetero,60,120,two_cluster,two_normal_mix,logistic,1.0,0.4,iid,0.15,equal,complete,none,0.0,991137,CLUSTERED,1.2858101522753542,4.705882352941177,4.499539207404757,8.881784197001252e-16,4.499539207404757,0.1286756655017784,2.0,0.050232804472704264,0.15950421036157947,1.0,0.0,6.902458333800885e-16,0.8067226890756303,-0.03023105314030823,4.0943445622221,4.787491742782046,1.0,5.0,4.916787306052925
calibration-stress_hetero-126,stress_hetero,60,120,synchronous,degenerate,logistic,1.0,0.4,iid,0.15,equal,complete,none,0.0,998794,SYNCHRONOUS,1.0505773036457003e-06,4.957983193277311,8.033781469396484,1.7763568394002505e-15,8.033781469396484,0.01924636793983404,1.0,0.13431215536531688,0.22903177848402517,0.9833333333333333,0.0,9.229569157948707e-15,0.08403361344537812,0.004268695207642612,4.0943445622221,4.787491742782046,1.0,5.0,5.199307504393937
calibration-stress_hetero-127,stress_hetero,60,120,synchronous,degenerate,logistic,1.0,0.4,iid,0.15,equal,complete,none,0.0,1006844,SYNCHRONOUS,1.0812145393268262e-06,5.04201680672269,7.692704294373575,1.7763568394002505e-15,7.692704294373575,0.0160521554979209,1.0,0.14555470222098213,0.01720906760587916,0.9833333333333333,0.0,1.1066157685990065e-14,0.9327731092436975,0.001381841540711452,4.0943445622221,4.787491742782046,1.0,5.0,4.812878626256865
calibration-stress_hetero-128,stress_hetero,60,120,synchronous,degenerate,logistic,1.0,0.4,iid,0.15,equal,complete,none,0.0,1014894,SYNCHRONOUS,9.87409542280379e-07,5.04201680672269,7.603834381749802,1.7763568394002505e-15,7.603834381749802,0.018172235175349057,1.0,0.138574367516273,0.1663458450666568,1.0,0.0,9.775114741030362e-15,0.10924369747899157,-0.0034221642303178717,4.0943445622221,4.787491742782046,1.0,5.0,5.149082525485602
calibration-stress_hetero-129,stress_hetero,60,120,diffuse,broad_normal,logistic,1.0,0.4,iid,0.15,equal,complete,none,0.0,1022551,DIFFUSE_ASYNCHRONOUS,0.7882760115571815,4.957983193277311,6.441014689037496,1.7763568394002505e-15,6.441014689037496,0.07872145236286592,1.0,0.04183628134728042,0.19516360064960508,0.9833333333333333,0.0,2.2565092310697567e-15,0.40336134453781514,0.017078541477518222,4.0943445622221,4.787491742782046,1.0,5.0,4.319133636043414
calibration-stress_hetero-130,stress_hetero,60,120,diffuse,broad_normal,logistic,1.0,0.4,iid,0.15,equal,complete,none,0.0,1030601,DIFFUSE_ASYNCHRONOUS,0.8236471857203597,5.294117647058824,5.986330670822016,0.020961666032346934,5.986330670822016,0.08291919786517923,1.0,0.033628849477369285,0.1189221321222076,0.9666666666666667,0.0,0.025271555806998316,0.6974789915966386,0.02840302357656477,4.0943445622221,4.787491742782046,1.0,5.0,3.893635552632047
calibration-stress_hetero-131,stress_hetero,60,120,diffuse,broad_normal,logistic,1.0,0.4,iid,0.15,equal,complete,none,0.0,1038651,DIFFUSE_ASYNCHRONOUS,0.813252660259466,5.04201680672269,6.090742445496217,1.7763568394002505e-15,6.090742445496217,0.08156156181883059,1.0,0.037748906081762575,0.10216658796253514,1.0,0.0,2.1779338205244284e-15,0.7983193277310925,-0.026547054244290658,4.0943445622221,4.787491742782046,1.0,5.0,4.997684989640346
calibration-stress_hetero-132,stress_hetero,60,120,two_cluster,two_normal_mix,logistic,1.0,0.4,iid,0.15,equal,complete,none,0.0,1046308,CLUSTERED,1.3350833158673614,5.378151260504202,4.4686936382602775,8.881784197001252e-16,4.4686936382602775,0.13401685543374564,2.0,0.04567690999726511,0.1363077418514165,0.9833333333333333,0.0,6.627363526964837e-16,0.9831932773109244,0.08900373721429031,4.0943445622221,4.787491742782046,1.0,5.0,4.719331626021434
calibration-stress_hetero-133,stress_hetero,60,120,two_cluster,two_normal_mix,logistic,1.0,0.4,iid,0.15,equal,complete,none,0.0,1054358,CLUSTERED,1.3004429678197333,4.621848739495799,4.533388155450725,1.7763568394002505e-15,4.533388155450725,0.1261005191445629,2.0,0.03299042897279023,0.1429139216971713,0.9833333333333333,0.0,1.4086832088009226e-15,0.8823529411764707,-0.059311487476752855,4.0943445622221,4.787491742782046,1.0,5.0,5.0831321212329765
calibration-stress_hetero-134,stress_hetero,60,120,two_cluster,two_normal_mix,logistic,1.0,0.4,iid,0.15,equal,complete,none,0.0,1062408,CLUSTERED,1.3953327408808767,4.957983193277311,4.205393843915749,1.7763568394002505e-15,4.205393843915749,0.13856482055544594,2.0,0.044436735181825227,0.2114001749499752,1.0,0.0,1.2819681303519974e-15,0.6554621848739497,-0.015483315851115495,4.0943445622221,4.787491742782046,1.0,5.0,4.674231410557978
calibration-stress_trend-135,stress_trend,60,120,synchronous,degenerate,logistic,1.0,0.4,iid,0.15,equal,complete,linear,0.4,1070065,SYNCHRONOUS,1.1532668406243904e-06,5.04201680672269,7.790678032924161,1.7763568394002505e-15,7.790678032924161,0.0149925376432343,1.0,0.15684821947799787,0.025487313993498305,1.0,0.0,1.1848273332179154e-14,0.5882352941176471,0.0012017812740948808,4.0943445622221,4.787491742782046,1.0,5.0,4.93255871666922
calibration-stress_trend-136,stress_trend,60,120,synchronous,degenerate,logistic,1.0,0.4,iid,0.15,equal,complete,linear,0.4,1078115,SYNCHRONOUS,9.206651551083256e-07,5.04201680672269,7.914372387009202,1.7763568394002505e-15,7.914372387009202,0.014326848014055371,1.0,0.1554647795662831,0.025446192741381927,1.0,0.0,1.23987972627165e-14,0.5630252100840336,-0.0014340569878233264,4.0943445622221,4.787491742782046,1.0,5.0,4.854026007875291
calibration-stress_trend-137,stress_trend,60,120,synchronous,degenerate,logistic,1.0,0.4,iid,0.15,equal,complete,linear,0.4,1086165,SYNCHRONOUS,8.967726412478556e-07,5.04201680672269,8.03997874313648,1.3322676295501878e-15,8.03997874313648,0.015174603059699556,1.0,0.1589175321055875,0.042994708669148736,0.9833333333333333,0.0,8.779588001800196e-15,0.3529411764705883,0.00021342019119295462,4.0943445622221,4.787491742782046,1.0,5.0,4.942925375117605
calibration-stress_trend-138,stress_trend,60,120,diffuse,broad_normal,logistic,1.0,0.4,iid,0.15,equal,complete,linear,0.4,1093822,DIFFUSE_ASYNCHRONOUS,0.9287903780921151,5.04201680672269,5.919478896308375,1.7763568394002505e-15,5.919478896308375,0.0933971017709457,1.0,0.042126597441126616,0.18220090345479575,1.0,0.0,1.901940002117759e-15,0.5126050420168067,0.003955779853657205,4.0943445622221,4.787491742782046,1.0,5.0,4.782336557203831
calibration-stress_trend-139,stress_trend,60,120,diffuse,broad_normal,logistic,1.0,0.4,iid,0.15,equal,complete,linear,0.4,1101872,DIFFUSE_ASYNCHRONOUS,0.9101734497009002,5.378151260504202,6.194139061374161,1.7763568394002505e-15,6.194139061374161,0.09034384263468107,1.0,0.04515153466978509,0.5972731818626138,1.0,0.0,1.9662179376000384e-15,0.15126050420168066,0.10363431510476835,4.0943445622221,4.787491742782046,1.0,5.0,4.8155062497698555
calibration-stress_trend-140,stress_trend,60,120,diffuse,broad_normal,logistic,1.0,0.4,iid,0.15,equal,complete,linear,0.4,1109922,DIFFUSE_ASYNCHRONOUS,0.8346853889252602,5.04201680672269,6.211466654986549,8.881784197001252e-16,6.211466654986549,0.08409894752467792,1.0,0.03457057409474025,0.33359249184788903,1.0,0.0,1.05611121879914e-15,0.2521008403361345,-0.013250526145442853,4.0943445622221,4.787491742782046,1.0,5.0,4.962012328534624
calibration-stress_trend-141,stress_trend,60,120,two_cluster,two_normal_mix,logistic,1.0,0.4,iid,0.15,equal,complete,linear,0.4,1117579,CLUSTERED,1.2740231590686226,5.630252100840337,4.6859271199581345,1.7763568394002505e-15,4.6859271199581345,0.12564914341036573,2.0,0.03884749942614505,0.3646889772154517,0.9833333333333333,0.0,1.4137436923057492e-15,0.3445378151260505,0.0768478837967673,4.0943445622221,4.787491742782046,1.0,5.0,4.574226731991476
calibration-stress_trend-142,stress_trend,60,120,two_cluster,two_normal_mix,logistic,1.0,0.4,iid,0.15,equal,complete,linear,0.4,1125629,CLUSTERED,1.2416253219684341,5.546218487394959,4.719785710570153,8.881784197001252e-16,4.719785710570153,0.12456729396538631,2.0,0.03605590605047732,0.18300627138124653,1.0,0.0,7.130109288132442e-16,0.680672268907563,0.0939533390415538,4.0943445622221,4.787491742782046,1.0,5.0,4.870266401587183
calibration-stress_trend-143,stress_trend,60,120,two_cluster,two_normal_mix,logistic,1.0,0.4,iid,0.15,equal,complete,linear,0.4,1133679,CLUSTERED,1.2466897583654801,4.873949579831933,4.59481014061161,1.7763568394002505e-15,4.59481014061161,0.12025414310275248,2.0,0.052068580843003635,0.19875337540593815,1.0,0.0,1.4771689303730871e-15,0.6050420168067226,-0.0433745407687217,4.0943445622221,4.787491742782046,1.0,5.0,4.781207054307989
calibration-stress_trend-144,stress_trend,60,120,synchronous,degenerate,logistic,1.0,0.4,iid,0.15,equal,complete,nonlinear,0.3,1141336,SYNCHRONOUS,9.562979483251196e-07,5.04201680672269,7.795430494354808,1.7763568394002505e-15,7.795430494354808,0.0862512018790306,1.0,0.09345446883034121,0.22808651163565866,0.9666666666666667,0.0,2.0595154626269833e-15,0.3781512605042018,-0.011561013863794392,4.0943445622221,4.787491742782046,1.0,5.0,4.4958694016072815
calibration-stress_trend-145,stress_trend,60,120,synchronous,degenerate,logistic,1.0,0.4,iid,0.15,equal,complete,nonlinear,0.3,1149386,SYNCHRONOUS,1.0322740686928113e-06,5.126050420168068,7.9707706402606,1.7763568394002505e-15,7.9707706402606,0.062046398674781386,1.0,0.08829933721192186,0.5679631878691529,0.9333333333333333,0.0,2.862949143448428e-15,0.10924369747899157,0.017802788132247477,4.0943445622221,4.787491742782046,1.0,5.0,4.4067945950815535
calibration-stress_trend-146,stress_trend,60,120,synchronous,degenerate,logistic,1.0,0.4,iid,0.15,equal,complete,nonlinear,0.3,1157436,SYNCHRONOUS,1.0157964347467958e-06,5.04201680672269,7.568532323999165,1.7763568394002505e-15,7.568532323999165,0.14389037020662773,1.0,0.07351401156714317,0.1747240209651908,0.9166666666666666,0.0,1.2345210015440142e-15,0.823529411764706,0.024984976902861025,4.0943445622221,4.787491742782046,1.0,5.0,4.098333450819112
calibration-stress_trend-147,stress_trend,60,120,diffuse,broad_normal,logistic,1.0,0.4,iid,0.15,equal,complete,nonlinear,0.3,1165093,DIFFUSE_ASYNCHRONOUS,0.9991957073302672,5.126050420168068,5.8806462471064,1.7763568394002505e-15,5.8806462471064,0.14054703844427732,1.0,0.03186623016895655,0.23556475457561973,0.95,0.0,1.2638877766923012e-15,0.5966386554621849,-0.0014838483790719237,4.0943445622221,4.787491742782046,1.0,5.0,4.283787096966499
calibration-stress_trend-148,stress_trend,60,120,diffuse,broad_normal,logistic,1.0,0.4,iid,0.15,equal,complete,nonlinear,0.3,1173143,DIFFUSE_ASYNCHRONOUS,0.7658784045551631,4.789915966386555,6.247746751060475,0.010480833016174354,6.247746751060475,0.13419004245054664,1.0,0.04278265189170567,0.45626006030594596,0.9333333333333333,0.0,0.0078102019780337106,0.2941176470588236,-0.14007733619562232,4.0943445622221,4.787491742782046,1.0,5.0,4.29419442220134
calibration-stress_trend-149,stress_trend,60,120,diffuse,broad_normal,logistic,1.0,0.4,iid,0.15,equal,complete,nonlinear,0.3,1181193,DIFFUSE_ASYNCHRONOUS,0.8877974757191184,5.04201680672269,5.984932196312972,1.7763568394002505e-15,5.984932196312972,0.12741827080494156,1.0,0.03028208722681098,0.18719474352824747,0.95,0.0,1.394114696564662e-15,0.680672268907563,0.008235850027820289,4.0943445622221,4.787491742782046,1.0,5.0,4.607231562863687
calibration-stress_trend-150,stress_trend,60,120,two_cluster,two_normal_mix,logistic,1.0,0.4,iid,0.15,equal,complete,nonlinear,0.3,1188850,CLUSTERED,1.3009374270420704,5.798319327731093,4.812030556622229,1.7763568394002505e-15,4.812030556622229,0.15678588302970337,2.0,0.03024267895792059,0.19038285796463983,0.9,0.0,1.1329826417240106e-15,0.8235294117647058,0.17795147958774293,4.0943445622221,4.787491742782046,1.0,5.0,4.461641076365487
calibration-stress_trend-151,stress_trend,60,120,two_cluster,two_normal_mix,logistic,1.0,0.4,iid,0.15,equal,complete,nonlinear,0.3,1196900,CLUSTERED,1.3412391810578037,4.873949579831933,4.371888693926196,1.7763568394002505e-15,4.371888693926196,0.15211296256587706,2.0,0.027877705761566552,0.1810144254533937,1.0,0.0,1.1677879448511472e-15,0.8403361344537815,-0.018311875246982825,4.0943445622221,4.787491742782046,1.0,5.0,4.0375007746466505
calibration-stress_trend-152,stress_trend,60,120,two_cluster,two_normal_mix,logistic,1.0,0.4,iid,0.15,equal,complete,nonlinear,0.3,1204950,CLUSTERED,1.2889838672458631,4.789915966386555,4.657248894510003,1.7763568394002505e-15,4.657248894510003,0.13272405102493137,2.0,0.04507667555733415,0.16802300076560459,0.9666666666666667,0.0,1.3383835301007902e-15,0.7899159663865547,-0.03160440440855056,4.0943445622221,4.787491742782046,1.0,5.0,4.279238110673266
calibration-stress_trend-153,stress_trend,60,120,synchronous,degenerate,logistic,1.0,0.4,iid,0.15,equal,complete,local_drift,0.3,1212607,SYNCHRONOUS,8.510792640343558e-07,5.126050420168068,7.638948996363719,1.7763568394002505e-15,7.638948996363719,0.09923352184579383,1.0,0.1016239660571083,0.6215152157710246,0.8833333333333333,0.0,1.7900773915498637e-15,0.15966386554621845,0.01916406343625326,4.0943445622221,4.787491742782046,1.0,5.0,4.654192634394452
calibration-stress_trend-154,stress_trend,60,120,synchronous,degenerate,logistic,1.0,0.4,iid,0.15,equal,complete,local_drift,0.3,1220657,SYNCHRONOUS,1.0563397006142289e-06,5.126050420168068,8.465785555879608,0.020961666032346934,8.465785555879608,0.11894665351062254,1.0,0.09857614861652064,0.47189498465570706,0.9,0.0,0.01762000966994255,0.2521008403361345,0.013856501620594461,4.0943445622221,4.787491742782046,1.0,5.0,4.477405601860985
calibration-stress_trend-155,stress_trend,60,120,synchronous,degenerate,logistic,1.0,0.4,iid,0.15,equal,complete,local_drift,0.3,1228707,SYNCHRONOUS,1.0965190105453994e-06,4.957983193277311,7.8838740749289435,1.7763568394002505e-15,7.8838740749289435,0.1105547806838226,1.0,0.07330391249576558,0.234928908953123,0.8833333333333333,0.0,1.6067661917583482e-15,0.47058823529411775,-0.015202521761086892,4.0943445622221,4.787491742782046,1.0,5.0,4.551807329056126
calibration-stress_trend-156,stress_trend,60,120,diffuse,broad_normal,logistic,1.0,0.4,iid,0.15,equal,complete,local_drift,0.3,1236364,DIFFUSE_ASYNCHRONOUS,0.8837921527171424,4.873949579831933,6.430472202320604,0.020961666032346934,6.430472202320604,0.13143099223820714,1.0,0.04002972571411389,0.6016260428734039,0.9166666666666666,0.0,0.015946771940919993,0.21848739495798322,-0.04419306085469956,4.0943445622221,4.787491742782046,1.0,5.0,4.269429638883184
calibration-stress_trend-157,stress_trend,60,120,diffuse,broad_normal,logistic,1.0,0.4,iid,0.15,equal,complete,local_drift,0.3,1244414,DIFFUSE_ASYNCHRONOUS,0.7990419038740892,4.957983193277311,5.603566403364517,1.7763568394002505e-15,5.603566403364517,0.11399519219638388,1.0,0.027627311359447914,0.282613080653535,0.9,0.0,1.5582734720426213e-15,0.40336134453781514,0.004346089848438915,4.0943445622221,4.787491742782046,1.0,5.0,4.329847141843708
calibration-stress_trend-158,stress_trend,60,120,diffuse,broad_normal,logistic,1.0,0.4,iid,0.15,equal,complete,local_drift,0.3,1252464,DIFFUSE_ASYNCHRONOUS,0.8581716533581689,5.04201680672269,5.723610040218265,1.7763568394002505e-15,5.723610040218265,0.10286254356850726,1.0,0.03540516716848868,0.11127856986047605,0.9166666666666666,0.0,1.7269229184646624e-15,0.9243697478991596,0.04794278076189741,4.0943445622221,4.787491742782046,1.0,5.0,4.647436166900027
calibration-stress_trend-159,stress_trend,60,120,two_cluster,two_normal_mix,logistic,1.0,0.4,iid,0.15,equal,complete,local_drift,0.3,1260121,CLUSTERED,1.2019798527681191,4.789915966386555,4.6810277983464905,1.7763568394002505e-15,4.6810277983464905,0.1325923760162099,2.0,0.03005672270950755,0.3287185988735204,0.8833333333333333,0.0,1.3397126537524935e-15,0.40336134453781514,-0.05930299484143861,4.0943445622221,4.787491742782046,1.0,5.0,4.521174484941065
calibration-stress_trend-160,stress_trend,60,120,two_cluster,two_normal_mix,logistic,1.0,0.4,iid,0.15,equal,complete,local_drift,0.3,1268171,CLUSTERED,1.2772727748158546,5.294117647058824,4.693366996108588,0.02096166603234693,4.693366996108588,0.14293916193316195,2.0,0.03754430396088264,0.1532575602430874,0.8833333333333333,0.0,0.014663170092057204,0.9327731092436975,0.09539648888812563,4.0943445622221,4.787491742782046,1.0,5.0,4.1203486729224625
calibration-stress_trend-161,stress_trend,60,120,two_cluster,two_normal_mix,logistic,1.0,0.4,iid,0.15,equal,complete,local_drift,0.3,1276221,CLUSTERED,1.4052207256282816,5.294117647058824,4.185711843522303,8.881784197001252e-16,4.185711843522303,0.15246247973522004,2.0,0.03628670165214756,0.16956107559337552,0.9166666666666666,0.0,5.825554072337111e-16,0.8991596638655464,0.09862946249656769,4.0943445622221,4.787491742782046,1.0,5.0,4.6099755918537735
calibration-stress_trend-162,stress_trend,60,120,synchronous,degenerate,logistic,1.0,0.4,iid,0.15,equal,complete,mixed,0.4,1283878,SYNCHRONOUS,8.661278525183675e-07,5.04201680672269,8.275936219107049,1.7763568394002505e-15,8.275936219107049,0.02602179084032178,1.0,0.16117652514983952,0.19353706937489315,0.9833333333333333,0.0,6.826420403962806e-15,0.1344537815126051,0.003329372136144415,4.0943445622221,4.787491742782046,1.0,5.0,4.277919021458214
calibration-stress_trend-163,stress_trend,60,120,synchronous,degenerate,logistic,1.0,0.4,iid,0.15,equal,complete,mixed,0.4,1291928,SYNCHRONOUS,1.127404430635654e-06,5.04201680672269,7.827697421671718,1.7763568394002505e-15,7.827697421671718,0.04280745366492762,1.0,0.12658805207732748,0.055978977869520746,1.0,0.0,4.14964378237622e-15,0.7647058823529411,0.011127015204317043,4.0943445622221,4.787491742782046,1.0,5.0,4.2920182274774525
calibration-stress_trend-164,stress_trend,60,120,synchronous,degenerate,logistic,1.0,0.4,iid,0.15,equal,complete,mixed,0.4,1299978,SYNCHRONOUS,9.578196441491583e-07,5.126050420168068,6.768958476305083,1.7763568394002505e-15,6.768958476305083,0.0583043649761867,1.0,0.11181565059066266,0.11759693952824096,1.0,0.0,3.0466961438063334e-15,0.4957983193277311,-0.005567240295063108,4.0943445622221,4.787491742782046,1.0,5.0,4.042004283059062
calibration-stress_trend-165,stress_trend,60,120,diffuse,broad_normal,logistic,1.0,0.4,iid,0.15,equal,complete,mixed,0.4,1307635,DIFFUSE_ASYNCHRONOUS,1.072871278042335,5.2100840336134455,6.25261710407362,1.7763568394002505e-15,6.25261710407362,0.10014309215588965,1.0,0.028404710572739966,0.10014309215588965,0.95,0.0,1.773818644060891e-15,1.0,0.025884718276898894,4.0943445622221,4.787491742782046,1.0,5.0,4.028739795991142
calibration-stress_trend-166,stress_trend,60,120,diffuse,broad_normal,logistic,1.0,0.4,iid,0.15,equal,complete,mixed,0.4,1315685,DIFFUSE_ASYNCHRONOUS,0.7916415584093106,5.04201680672269,6.719386327764545,1.7763568394002505e-15,6.719386327764545,0.07759394366020445,1.0,0.048590125219311185,0.3847366373151802,0.9833333333333333,0.0,2.2892983080988695e-15,0.20168067226890765,-0.035330710317811716,4.0943445622221,4.787491742782046,1.0,5.0,4.3577335948158336
calibration-stress_trend-167,stress_trend,60,120,diffuse,broad_normal,logistic,1.0,0.4,iid,0.15,equal,complete,mixed,0.4,1323735,DIFFUSE_ASYNCHRONOUS,0.834200679367326,4.957983193277311,5.994545160168844,1.7763568394002505e-15,5.994545160168844,0.09026336286747225,1.0,0.031363526142937484,0.09026336286747225,0.9833333333333333,0.0,1.967971038269822e-15,1.0,-0.014436959373497362,4.0943445622221,4.787491742782046,1.0,5.0,4.094046275675765
calibration-stress_trend-168,stress_trend,60,120,two_cluster,two_normal_mix,logistic,1.0,0.4,iid,0.15,equal,complete,mixed,0.4,1331392,CLUSTERED,1.2946376087152935,5.46218487394958,4.63955422520429,1.7763568394002505e-15,4.63955422520429,0.1367436743479059,2.0,0.034765471796395574,0.4172435191641231,0.9833333333333333,0.0,1.2990413252175811e-15,0.32773109243697485,0.06636678923396742,4.0943445622221,4.787491742782046,1.0,5.0,4.4787550978854895
calibration-stress_trend-169,stress_trend,60,120,two_cluster,two_normal_mix,logistic,1.0,0.4,iid,0.15,equal,complete,mixed,0.4,1339442,CLUSTERED,1.2585053498140268,4.957983193277311,4.671481678191891,1.7763568394002505e-15,4.671481678191891,0.135269467861361,2.0,0.03195957807270968,0.16259663308587835,0.95,0.0,1.3131986600411972e-15,0.8319327731092437,0.011863562288398502,4.0943445622221,4.787491742782046,1.0,5.0,4.38172642679352
calibration-stress_trend-170,stress_trend,60,120,two_cluster,two_normal_mix,logistic,1.0,0.4,iid,0.15,equal,complete,mixed,0.4,1347492,CLUSTERED,1.3482850601273053,5.46218487394958,4.073011739008965,1.7763568394002505e-15,4.073011739008965,0.1437918424911461,2.0,0.030404830718173226,0.20867352751763882,0.9833333333333333,0.0,1.2353669085988858e-15,0.689075630252101,0.019697475634332096,4.0943445622221,4.787491742782046,1.0,5.0,4.511965680993533
